:020000040000FA
:10080000021424020B0AFFFFFFFFFFFFFFFFFFFFA1
:10081000FFFFFFFFFFFFFFFFFFFFFFFFFFFFFFFFE8
:10082000FFFFFFFFFFFFFFFFFFFFFF0211DEFFFFE4
:10083000FFFFFF020F7FFFFFFFFFFFFFFFFFFFFF35
:10084000FFFFFFFFFFFFFFFFFFFFFFFFFFFFFFFFB8
:10085000FFFFFF020A3FFFFFFFFFFFFFFFFFFFFF5A
:10086000FFFFFFFFFFFFFFFFFFFFFF020F59FFFF2B
:10087000FFFFFFFFFFFFFFFFFFFFFFFFFFFFFFFF88
:10088000FFFFFF020A9EFFFF13201320FFFFFFFF61
:1008900078563412010000000100F0FF0700080044
:1008A00000FFFF0000070400000003000147726F13
:1008B000757000FF0400100502640A2FAC092FAC0C
:1008C00009C0C1C2C3C4C5C6C7C8C9CACBCCCDCE76
:1008D000CF5A6967426565416C6C69616E636530CA
:1008E000390100FFFFF2E0A1610000000000018F6C
:1008F00087A615AC15B815B2150020FD000206FF3D
:10090000FF1EFFFFFFFFFFFFFFFFFFFFFFFFFFFFD8
:10091000FF020119000E040100000000000001990F
:10092000870E00CE17B91C00FF0EFF7A8783FED317
:10093000407A939723A5C639B26916D505C3B50089
:100940008000194B6401FF09004C180000003C1F97
:100950000000481F00000000000000000000000030
:1009600001090401030101036386035786010401A1
:10097000000101019587000000020401000101014E
:100980009587000000030401000101019587000024
:100990000004040100010101958700000005040125
:1009A0000C00010197870000000604010C00010102
:1009B00097870000000704010C00010197870000E1
:1009C000000804010C0001019787000000010400E9
:1009D00000AB18000000E8030000FFFF25190188A4
:1009E000130000E803000064006400B801A0BB0D20
:1009F00000A0BB0D0002020207040101051E020552
:100A00001E020A0A0101010809080103B80B02804D
:100A10003E0102FEFFE8030A050001FFFF010A0193
:100A20001401E00105030101FF0F10FEFF793600FC
:100A30000000004D3500000000FF000000FF00C076
:100A4000E074F1120D21A2AFE433F509D2AF85A70E
:100A500008AFA1EF5508FE74105E60061217BC7552
:100A6000A1EF74085E60081217C275A1F78024EF29
:100A7000A2E092F0E508A2E082F05017906198E0C1
:100A8000F89004BAE0C398A2D265D0335002E8F0DF
:100A900075A1FEE509A2E092AF7F02020D80C0E0E1
:100AA00074F2120D21A2AFE433FED2AF9061A4E044
:100AB000F8759B00E59158540860087591F7121875
:100AC000108023E59158541060087591EF121816A4
:100AD0008014E591A2E092F0E8A2E082F05007E0F5
:100AE000C2E0F01219609061A3E0F8E5E9585404FF
:100AF000600E12193675E9FB906193E0A2E640F2B0
:100B0000EEA2E092AF7F01020D80C0E074F2120D00
:100B100021A2AFE433FED2AF9061A5E0F8E5BF5863
:100B20005404600675BFFB12197880D4C3E498F8AA
:100B3000E499F9120B6D8026C3E49AFAE49BFBE971
:100B400020E7E9120B6DE498F8E499F922C3E498E0
:100B5000F8E499F9120B6DE498F8E499F9C3E49A72
:100B6000FAE49BFB22EB20E7CFE920E7E0B9001095
:100B7000BB0008E88AF084F8AAF022E4FBC8FA2255
:100B8000EB70227B10C833C8C933C9335007C39AEE
:100B9000C3DBF280069A50012ADBEAC833F4C8C9E5
:100BA00033F4C9FA2275F008E4C833C8C933C9332D
:100BB000C99AC99B5004C92AC93BD5F0ECFBC8337C
:100BC000F4C8E4C9FA22080808EAC0E0EBC0E086ED
:100BD000F0E7A4FA180986F0E7A42AFA180986F0C3
:100BE000E7A42AFA180986F0E7A42AFA1986F0E79A
:100BF000A4FBE5F02AFA190886F0E7A42BFBE5F040
:100C00003AFA190886F0E7A42BFBE5F03AFA18182F
:100C10000986F0E7A4C5F02BFBE43AFA1908E7C50A
:100C2000F0C6A426F6E5F03BFBE43AFA1886F0E7B6
:100C3000A4F6E5F00826F6E43B08F6E43A08F6D018
:100C4000E0FBD0E0FA22E4CFC0E0E4CEC0E0E4CDA7
:100C5000C0E0E4CCC0E075F020E626F608E633F606
:100C600008E633F608E633F6181818EC33FCED33D3
:100C7000FDEE33FEEF33FFC3EC9709ED9709EE97D6
:100C800009EF97191919400FFFEC97FC09ED97FD33
:100C900009EE97FE191906D5F0BFECF709EDF70933
:100CA000EEF709EFF7191919D0E0FCD0E0FDD0E01C
:100CB000FED0E0FF222518C582C0E0E51934FFC54B
:100CC00083C0E0E518C3958224F810AF0885831926
:100CD0008582188008858319858218D2AFCEF0A34B
:100CE000E520F0A37808E608F0A3DEFAEFF0A3E52C
:100CF0008124FAF8E608F0A3E608F0A3E608F0A3DA
:100D00000808E608F0A3E608F0A315811581D0E0F5
:100D1000FED0E0F8158115811581E8C0E0EEC0E055
:100D200022C0D02518C582C0E0E51934FFC583C0B4
:100D3000E0E518C3958224F310AF088583198582F6
:100D4000188008858319858218D2AFC8F0A3E9F00E
:100D5000A3EAF0A3EBF0A37908E709F0A3D8FAEC33
:100D6000F0A3EDF0A3EEF0A3EFF0A3D0E0F0A3D05A
:100D7000E0F0A3D0E0F0A3E520F0A3E5F0F0A3229B
:100D8000851983851882E0C0E0A3E0F9A3E0FAA307
:100D9000E0FBA37808E0F608A3DFFAE0FCA3E0FD9F
:100DA000A3E0FEA3E0FFA3E0C0E0A3E0C0E0A3E077
:100DB000F5D0A3E0F520A3E0A3F5F010AF088583FC
:100DC000198582188008858319858218D2AFD08250
:100DD000D083D0E0F8D0E03212149EB90003020EA6
:100DE00017E4900401783C79198002F0A3D8FCD96B
:100DF000FA7A3C7B1C90089878A879028015E493D5
:100E0000A3AD82AE838A828B83F0A3AA82AB838D4B
:100E1000828E83D8E9D9E77582B275838874071208
:100E200011517582C27583327400121151E4730C32
:100E300075F0108E1A8F1B85821F85831E85188280
:100E4000851983E0CEA3E0CF851F82851E83EBC981
:100E5000EAC8EDCBECCAC3E833C8E933C9EA33CA00
:100E6000EB33CBC3EA9EF51DEB9FF51CB35004ABEF
:100E70001CAA1DEC33CCED33CDD5F0DAAE1AAF1B86
:100E800022D083D082ECC0E0EDC0E0E493A3FCE488
:100E900093A3FDED4C600D120F9DEC24FFFCED348F
:100EA000FFFD80EFE493A3FCE493A3FDED4C600D04
:100EB00012103AEC24FFFCED34FFFD80EFD0E0FD92
:100EC000D0E0FCE493A3C0E0E493C0E022D083D060
:100ED00082E9C0E0E493A3C386F0C5F095F0F90879
:100EE000E493A386F0C5F095F0700BE493A3C39947
:100EF0004005E9048002A3E475F002A42582F5828E
:100F0000E5F03583F583D0E0F9E493A3C0E0E49302
:100F1000C0E022851983851882E0A3FEE0A3F520B6
:100F20007808E0A3F608DFFAE0A3FFE0A3C0E0E062
:100F3000A3C0E0E0A3C0E0E0A3C0E0E0A3C0E010F5
:100F4000AF088582188583198008858218858319E2
:100F5000D2AFD083D082021157C0E074F2120D21BB
:100F6000A2AFE433FED2AFE58AA2E350031216A883
:100F7000758A00C2C5EEA2E092AF7F01020D80C06B
:100F8000E074F2120D21A2AFE433FED2AFE58BA2E2
:100F9000E050031216A8758B00C2E880D8C0E0C3E9
:100FA000E49396087401939618400FE493667008D2
:100FB00008740193661870007019A3A3C3E4939694
:100FC000087401939618A3A3400DD0E0D0E0D0E0C0
:100FD000020EBDA3A3A3A3A3A3D0E02274048004A4
:100FE00074028000CCC0E0EDC0E0E518C39CCCAD3D
:100FF0001950011D10AF068C188D1980068C188DA4
:1010000019D2AF1210D3D0E0FDD0E0FC22740280E0
:1010100000CCC0E0EDC0E0E518C39CCCAD19500198
:101020001D10AF068C188D1980068C188D19D2AF43
:101030001210B1D0E0FDD0E0FC22C0E0C0F088F09A
:10104000E4936670080874019366187000A8F0A312
:10105000A3700BD0F0D0E0D0E0D0E0020EBDA3A38F
:10106000D0F0D0E022D083D082CCC0E0E493A36063
:10107000061210F41470FAE493A3600612127114AD
:1010800070FAD0E0FCE493A3C0E0E493C0E022A2B5
:10109000E792D65002F40430F70663F0FF05F0B390
:1010A000400384800384F40430D60563F0FF05F028
:1010B00022CAC0E0E493A3C582CCC582C583CDC556
:1010C00083F0A3C582CCC582C583CDC583DAE5D0C4
:1010D000E0CA22CAC0E0E0A3C582CCC582C583CDE8
:1010E000C583F0A3C582CCC582C583CDC583DAE6AE
:1010F000D0E0CA22C0E0E493A3D39C5010E493A3B1
:10110000C39C400AD0E0D0E0D0E0021082A3A3A3A9
:10111000D0E0227009080808226016181818C6C303
:1011200033C608C633C608C633C608C633C6D5E0BC
:10113000EA22C008C3E096F50808A3E09642080832
:10114000A3E096420808A3E09645087001D3D008B2
:1011500022C09FF59FE473D09F22D083D082C09F8E
:10116000E493C0E0740193C0E0740293F59F22C53C
:10117000822518C582C583351910AF07F5198582F8
:10118000188007F519858218D2AFC58322740480B0
:101190000A74038006740280027401C0E0F4041231
:1011A00011A8D0E0121461222518F58210AF08F5BD
:1011B00018400C15198008F51840021519D2AF8592
:1011C00019832200C0D0251810AF08F518500C055F
:1011D000198008F51850020519D2AFD0D022C0E00E
:1011E000C0D0E8C0E0A8A8D2AFC2C7E8A2E792AFDB
:1011F000D0E0F8D0D0D0E032BB0102E722C082C0FC
:101200008389828A83BB0003E08002E493D083D089
:1012100082226016080808C6C313C618C613C6186B
:10122000C613C618C613C6D5E0EA222518F8E43559
:1012300019F9222518FAE43519FB222518FCE435A2
:1012400019FD22C3E0C696F608A3E0C696F608A3E9
:10125000E0C696F608A3E0C696F622251810AF0859
:10126000F518400C15198008F51840021519D2AF71
:1012700022C0E0E493A36C7009D0E0D0E0D0E0029B
:101280001082A3A3D0E022E76670100809E7667019
:101290000A0809E76670040809E76622E06670102C
:1012A00008A3E066700A08A3E066700408A3E0667D
:1012B00022C3E09608A3E09608A3E09608A3E09670
:1012C000A2D265D03322C3E096F008A3E096F008DE
:1012D000A3E096F008A3E096F022C3E49396087486
:1012E0000193960874029396087403939622C3E6BA
:1012F00097F60809E697F60809E697F60809E697CB
:10130000F622E627F60809E637F60809E637F60872
:1013100009E637F622E026F608A3E036F608A3E051
:1013200036F608A3E036F622E493F608740193F645
:1013300008740293F608740393F622E026F008A3DB
:10134000E036F008A3E036F008A3E036F022E056DD
:10135000F008A3E056F008A3E056F008A3E056F02A
:1013600022E046F608A3E046F608A3E046F608A306
:10137000E046F622E647F60809E647F60809E6479A
:10138000F60809E647F622700422600D18C6C3333A
:10139000C608C633C6D5E0F41822E657F60809E6B3
:1013A00057F60809E657F60809E657F622E056F61A
:1013B00008A3E056F608A3E056F608A3E056F62286
:1013C000E046F008A3E046F008A3E046F008A3E0FA
:1013D00046F022E4C396F608E496F608E496F6088A
:1013E000E496F622600D08C6A2E713C618C613C617
:1013F000D5E0F322C6F4C608C6F4C608C6F4C6088B
:10140000C6F4C622C3E09608A3E09608A3E09608B7
:10141000A3E09622C3E7960809E7960809E796082D
:1014200009E7962275D00075813F7518017519047A
:1014300000020DD8E6F008A3E6F008A3E6F008A342
:10144000E6F022600C08C6C313C618C613C6D5E062
:10145000F422E0F608A3E0F608A3E0F608A3E0F61D
:1014600022CAC0E0E6F0A308DAFAD0E0FA22E8F0F7
:10147000A3E9F0A3EAF0A3EBF022E0F8A3E0F9A3DC
:10148000E0FAA3E0FB22EAF0A3EBF0A3ECF0A3ED7B
:10149000F022E0FAA3E0FBA3E0FCA3E0FD22E5C715
:1014A00054F84401F5C77901222518F582E435196D
:1014B000F58322C2AF75D69F0200002212115A8412
:1014C0007B0012115AEE7B0012115AF87B001211A8
:1014D0005A657C0012115A6F7C0012115A0C7D0063
:1014E00012115ACA7D0012115A2B7F0012115A8212
:1014F0007F0012115ABA7F0012115A218E06121162
:101500005A9D8E0612115AD08E0612115AFE8E0660
:1015100012115A18910612115A34910612115A7961
:10152000910612115AFE910612115A4A9206121190
:101530005ADA920612115AB2930612115A039406FD
:1015400012115A68940612115AE5940612115A1B88
:10155000950612115A66950612115A8C95061211AB
:101560005A1C960612115AB3960612115AFF960685
:1015700012115A30970612115A67970612115AF82B
:10158000980612115AC2990612115A9C9A06121103
:101590005A2AE40212115A5DE40212115AA5E40219
:1015A00012115AB1E60212115A01E90212115A340B
:1015B000E90212115A03EC0212115A9AEE021211A8
:1015C0005A25EF0212115AA1F20212115A6DF302BA
:1015D00012115ADEF40212115A60F50212115A3138
:1015E000F60212115A6EF80212115A03F902121180
:1015F0005AE5FA0212115AF4FD0212115AF7FD02CD
:1016000012115A0AFE0212115A57FE0212115AEC16
:10161000ED0512115A59F20512115ABDF2051211B7
:101620005ADEF30512115AA6F70512115A23FB05CB
:1016300012115AFDFC0512115A4BFD0512115A06E2
:10164000FF0512115A25970712115A3697071211E2
:101650005AD4970712115AEC970712115AFBFF013F
:1016600012115AD9FF0512115AFB970712115A0B82
:10167000980712115A23980712115A8B98071211C2
:101680005AD3FE0212115A56FF0212115ABCFF021F
:1016900012115ACEFD0612115AF0FD0612115A5FB0
:1016A000FE0612115AA4FE0612115AFDFE06121170
:1016B0005AE7E60612115AFCE60612115A07E80626
:1016C00012115A38E80612115A52E80612115AC875
:1016D000E80612115AADE90612115A21EA06121152
:1016E0005A3BEA0612115A52EA0612115A60EA06E9
:1016F00012115A78EA0612115A8DEA0612115AB2DC
:10170000EA0612115A02EB0612115AB7F606121126
:101710005AC5F60612115A3EF70612115A12F80669
:1017200012115AE4F90612115A63E20612115A21F3
:10173000E40612115A5CE40612115ACCE4061211A6
:101740005A56E50612115A61E50612115A11E606BB
:1017500012115ABC990712115ACAD80612115AF618
:10176000D80612115A67DB0612115AA7DB061211AE
:101770005AE7DB0612115AFBDB0612115A14DC067B
:1017800012115A05DD0612115AAADD0612115ABEAF
:10179000DD0612115A57920712115A7B9207121145
:1017A0005A94920712115AC6920712115AF69207CA
:1017B00012115A23930712115A85930712115A9442
:1017C000930712115A9E930712115AAB93071211E5
:1017D0005A0D860712115A2D860712115A6C860768
:1017E00012115A87860712115AA6860712115A0C2F
:1017F000870712115A15870712115A72870712119B
:101800005A81870712115AA5870712115A6688074D
:1018100012115A73880712115A84880712115A310B
:10182000990712115A49990712115A7599071211FD
:101830005A14DE0612115A6EDF0612115A7CDF06A8
:1018400012115A8FDF0612115AA4DF0612115AB96B
:10185000DF0612115ACCDF0612115A40E0061211AF
:101860005AA5E00612115A47E10612115A0BE20678
:1018700012115A1BE20612115A2AE20612115A4399
:10188000FF0612115A67FF0612115A8FFF06121136
:101890005AB7FF0612115AD08D0712115AF78D0749
:1018A00012115A158E0712115A888E0712115A3AC0
:1018B000830712115A53830712115A5F83071211BB
:1018C0005A73830712115A91830712115A9B830787
:1018D00012115AA5830712115AB8830712115A3EE2
:1018E000840712115AB3840712115AE284071211A5
:1018F0005A30850712115A7F850712115A9A8507A7
:1019000012115AA4850712115AB5850712115AF8F7
:10191000850712115A96980712115A8CC80612118F
:101920005AB6C80612115AD3C80612115AE6C8068A
:1019300012115AFCC80612115A5AC90612115A92AB
:10194000C90612115A86CD0612115ACBCE061211B3
:101950005AFECE0612115A61CF0612115AC1D00694
:1019600012115AE9D00612115AFED00612115A0E5F
:10197000D10612115A52D10612115AADD1061211C6
:101980005ABDD10612115AF5940712115A0F950734
:1019900012115A37950712115A50950712115A749D
:1019A000950712115A92950712115AA9950712110B
:1019B0005AD7950712115AF2950712115A789907BA
:1019C00012115A49FA0612115A59FA0612115A5EA0
:1019D000FB0612115A90FB0612115AC0FB06121197
:1019E0005AE3FB0612115AFAFB0612115A34FC068E
:1019F00012115A99FC0612115ADBFC0612115A1ADE
:101A0000FD0612115A4BFD0612115A76FD061211EF
:101A10005AEEFF0412115AF1FF0412115AF4FF0496
:101A200012115A4C8B0712115A6C8B0712115A81E2
:101A30008C0712115AA28D0712115A40FE01121181
:101A40005A76FE0112115A8CFE0112115ACEFE0175
:101A500012115ADEFE0112115AEDFE0112115A3115
:101A6000FF0112115ACBFF0112115AD5FF011211B9
:101A70005ABFBE0612115AC9BE0612115AF4BE064A
:101A800012115A3DBF0612115AA6BF0612115AC3AF
:101A9000BF0612115ADCBF0612115A7EC00612117F
:101AA0005AFDC20612115A06C30612115A4BC3063A
:101AB00012115A74C30612115A81C30612115AF236
:101AC000C30612115A7DC40612115ACBC406121154
:101AD0005A09C50612115A6EC50612115A91C50649
:101AE00012115A08C60612115A5FC60612115A9AE6
:101AF000C60612115ACFC60612115AE1C6061211B5
:101B00005AF3C60612115A12C70612115A1BC706FB
:101B100012115AD6C70612115A22C80612115A605B
:101B2000C80612115AB5930712115A2190071211C3
:101B30005A57900712115A9F900712115AF891079D
:101B400012115A31DA0512115A55DB0512115A8F4A
:101B5000DB0512115A39DD0512115A63DD05121128
:101B60005AD8DF0512115A18E00512115AAEE105D4
:101B700012115A4BE20512115A9DE20512115A40F8
:101B8000E30512115A78E30512115ABAE30512114E
:101B90005A29E50512115A77E60512115AA8E805E7
:101BA00012115AD6E80512115AFDE80512115A060B
:101BB000E90512115A5DE90512115AEFE9051211F2
:101BC0005A1CED0512115A9FED0512115AD8FF014A
:101BD00012115AEEFF0112115A8FFF0412115A37D7
:101BE000EB0612115A4DEB0612115AF1EB061211C7
:101BF0005A30EC0612115A4DEC0612115A7EEC06C0
:101C000012115ACBEC0612115AFEEC0612115A3977
:101C1000ED0612115A2EEF0612115A2596071211CF
:101C20005A84960712115AC2960712115A0397073F
:101C300012115A00800412115A0C800412115A50C9
:101C4000820412115A5A820412115A628204121129
:101C50005AF8820412115A34830412115AE583048B
:101C600012115AF8830412115A61840412115AE1B4
:101C7000840412115A31850412115A678504121115
:101C80005AE4850412115AAE870412115ABA890413
:101C900012115AAF8A0412115A3C8B0412115A8441
:101CA0008C0412115A858D0412115ABC8E04121123
:101CB0005A52930412115A3B940412115AD49404A8
:101CC00012115AF9940412115A1E950412115AB89D
:101CD000950412115ACE950412115AF0950412115E
:101CE0005A61960412115A80960412115AA9960448
:101CF00012115AA9970412115AA7980412115A32B4
:101D00009A0412115AD89A0412115A209B041211E3
:101D10005A899B0412115A169C0412115A7A9C0477
:101D200012115AD69C0412115A7A9D0412115AE6C5
:101D30009D0412115A199E0412115A829E04121106
:101D40005ADB9F0412115A5BA10412115A0DA2040E
:101D500012115A1DA20412115A6AA20412115AD267
:101D6000A20412115A02A30412115A73A3041211ED
:101D70005A24A40412115A0AA60412115A77A8046C
:101D800012115A8CA90412115AA9AD0412115A77D2
:101D9000AE0412115A95AF0412115A32B104121145
:101DA0005A759B0612115A259C0612115A9E9C06C2
:101DB00012115A9F9D0612115AA69E0612115A28F8
:101DC0009F0612115A47A00612115A68A006121156
:101DD0005A4FA10612115A8BA20612115A36A306A7
:101DE00012115A97A60612115A00800612115A8A29
:101DF000800612115A01810612115A11840612111D
:101E00005A94850612115AC4870612115A09890676
:101E100012115A648B0612115A928B0612115AD063
:101E20008B0612115A498C0612115AEF8C061211A8
:101E30005A008D0612115A078D0612115A9A8D06F4
:101E400012115AEC8D0612115A3CAF0512115A4765
:101E5000AF0512115ABCB00512115AD8B3051211B0
:101E60005A39B40512115A2DB50512115AA5B605E5
:101E700012115A7BB70512115ADDB70512115AAA71
:101E8000B80512115A6BBB0512115AB8BC051211D4
:101E90005A35BE0512115A0FC10512115AEFC2056B
:101EA00012115AF3C30512115A65C40512115AAC26
:101EB000EB0412115A75EC0412115A38ED04121188
:101EC0005AC2ED0412115A3DEE0412115A87EE0463
:101ED00012115A9FEE0412115ABDEE0412115AD774
:101EE000EE0412115A89EF0412115A99F0041211DA
:101EF0005A28F20412115A5BF20412115A6BF204BE
:101F000012115A53F30412115AF8F30412115A839E
:101F1000FE0412115ABDFE0412115A2BFF041211B5
:101F20005A4DFF0412115A5EFF0412115AEDD106E8
:101F300012115AA8D30612115A11D50612115A4D70
:101F4000D50612115A95D50612115A10D60612113D
:101F50005A64D60612115A05D70612115A08D70626
:101F600012115AAED70612115AD3D70612115AB40B
:101F7000D80612115A2B9A0712115A87D10412113E
:101F80005AB6D10412115A32D20412115A80D30413
:101F900012115A66D40412115ADFD50412115A04D0
:101FA000D60412115A56D60412115AD8D604121158
:101FB0005A1FD70412115A32D70412115A89D70462
:101FC00012115A4FD80412115ABBD80412115AE5F3
:101FD000D80412115A2ED90412115AB3DA0412116C
:101FE0005A8CDB0412115AD5DC0412115AA8DD04F4
:101FF00012115A30DE0412115A73DE0412115A8D76
:10200000DE0412115AD4DE0412115AF4DE04121145
:102010005AAFDF0412115AD2E00412115A2CE10413
:1020200012115A70E10412115A6CE20412115AE8AA
:10203000E40412115A07E50412115A7CE504121146
:102040005AA1E50412115A1EE60412115AE4E604DC
:1020500012115A21E70412115A9AE70412115A8EEA
:10206000E80412115A91E80412115A9BE804121163
:102070005AA5E80412115AB8E80412115A34E904B6
:1020800012115A6AE90412115A7DE90412115AA96F
:10209000E90412115AD0E90412115AF4E904121198
:1020A0005A2FEA0412115AA1EA0412115AC9EA0479
:1020B00012115AD3EA0412115A0FEB0412115A29C1
:1020C000EB0412115A63EB0412115A79EB0412114A
:1020D0005AE1980712115AF9980712115AF8FF019C
:1020E00012115A0AF70112115A59F70112115AF92D
:1020F000F80112115AB4FA0112115AF6FA0112112A
:102100005A15FC0112115A1FFD0112115A41FD010D
:1021100012115A8BFD0112115A0CFE0112115A4A6A
:10212000B30412115A6DB30412115AD8B404121127
:102130005A21B50412115A7BB50412115AE1B504A3
:1021400012115AE4B50412115A27B60412115AABEF
:10215000B60412115A36B70412115A39B7041211C3
:102160005ACBB70412115A0EB80412115AA4BC0467
:1021700012115A36BE0412115A7DBE0412115AF6BB
:10218000C10412115A2DC30412115A0AC4041211A7
:102190005A98C40412115ABFC40412115A44C704F5
:1021A00012115AF3C80412115AA1C90412115A2E5D
:1021B000CA0412115A1ACB0412115AD1CC041211AA
:1021C0005A61CD0412115A83CE0412115AEACF0477
:1021D00012115A37D00412115AD4D00412115A34A1
:1021E000C50512115AD4C50512115A3EC605121161
:1021F0005A57C60512115AD9C60512115A1DC705DC
:1022000012115A31C80512115A7EC80512115ADD31
:10221000C80512115AE8C90512115AFDCC05121150
:102220005A2FCE0512115AB0CE0512115AAFD00551
:1022300012115A5CD10512115A08D20512115AED29
:10224000D20512115AB8D40512115A21D60512110D
:102250005A31D70512115AD3D70512115AF2D8059F
:1022600012115A7FD90312115AF3D90312115A3B92
:10227000DA0312115A79DA0312115AC8DA03121169
:102280005A12DB0312115A4ADB0312115AC8DB033C
:1022900012115A22DC0312115A7EDD0312115A0D5B
:1022A000DE0312115A24DF0312115A4CDF031211FC
:1022B0005A92E00312115AA3E00312115ABBE00331
:1022C00012115AC5E10312115A8FE20312115A9CDE
:1022D000E30312115AC0E30312115AD7E303121198
:1022E0005AF8E30312115A1AE40312115A37E4039D
:1022F00012115A13E50312115AE5960512115AFDEF
:10230000E70312115A4CE80312115A6BE803121139
:102310005A4AE90312115A80E90312115A98EA0342
:1023200012115A15EB0312115A82EB0312115ABE05
:10233000EB0312115A27EC0312115AE1EC031211AC
:102340005A9FEE0312115AA0EF0312115A25F103FE
:1023500012115A10F30312115A73F50312115A197C
:10236000F70312115AE7F70312115A697B00121191
:102370005A64F80312115A54F90312115A40FA031D
:1023800012115AADFA0312115A00800712115AA500
:10239000810712115A62820712115AC6820712115E
:1023A0005A3BEF0612115A59EF0612115A9DEF06C9
:1023B00012115AC3EF0612115AE9EF0612115A010F
:1023C000F00612115A19F00612115A7CF006121179
:1023D0005ABEF00612115AE0F10612115AE9F1063E
:1023E00012115AF2F10612115AFBF10612115A0596
:1023F000F20612115A4AFB0312115A65FF03121119
:102400005A73FF0312115A78FF0312115AD9890720
:1024100012115A5C9A0712115AF4990712115AD5DF
:10242000FF0212115ADFFF0312115A00800312112A
:102430005A32800312115A9E800312115A398103B5
:1024400012115AD8810312115A1D820312115A3FD8
:10245000820312115A58820312115A7E82031211FA
:102460005AA0820312115ADE820312115A228303E8
:1024700012115A44830312115AA6830312115A6D82
:10248000840312115A24850312115A9685031211DE
:102490005A68860312115AB2860312115A0587032D
:1024A00012115A6B870312115AA5870312115AF79A
:1024B000870312115A13880312115A3E880312110E
:1024C0005A458A0312115A998B0312115ABB8B0376
:1024D00012115AEF8B0312115A108C0312115A1F4A
:1024E0008C0312115A2A8C0312115ADA8C0312111E
:1024F0005A438D0312115AF08D0312115A288E037C
:1025000012115AEE8E0312115AFB8F0312115A4503
:10251000900312115AD4900312115A3891031211D8
:102520005A73910312115ADF930312115A33950310
:1025300012115A6C980312115A39990312115AC781
:10254000990312115AF0990312115A629A03121147
:102550005AF69A0312115A549B0312115A469C03BD
:1025600012115A689C0312115AC49D0312115A0881
:102570009E0312115A219E0312115A349E03121106
:102580005AA39E0312115AAF9F0312115ABC9F0304
:1025900012115AC59F0312115A9DA10312115AC359
:1025A000A20312115AD3A20312115AD5A303121176
:1025B0005A4CA40312115A7BA40312115A81A50389
:1025C00012115AC7A50312115A93A70312115A6B7D
:1025D000AB0312115A75AB0312115A89AB031211D6
:1025E0005A93AB0312115A9DAB0312115AA7AB03B6
:1025F00012115AC0AB0312115ACAAB0312115A3E40
:10260000AC0312115A49AC0312115A6EAC031211E9
:102610005A79AC0312115AC7AC0312115AD1AC0348
:1026200012115ADCAC0312115A00AD0312115A24D4
:10263000AD0312115A80AD0312115AC6AD03121127
:102640005AE3AD0312115A60AE0312115A97AE034A
:1026500012115AD6AE0312115A23AF0312115AA502
:10266000AF0312115A3EB00312115A0EB2031211E7
:102670005A6CB20312115A88B30312115AAEB30343
:1026800012115AEDB40312115A13B80312115A540D
:10269000BA0312115A30BC0312115AC6BC031211EC
:1026A0005AEDBE0312115A99BF0312115ACEBF033D
:1026B00012115A33C00312115A3DC00312115A6746
:1026C000C20312115A8EC30312115ACEC303121140
:1026D0005A74C40312115A05C60312115A8EC70345
:1026E00012115AAEC70312115A07C80312115A0920
:1026F000C90312115A53C90312115AA3C903121163
:102700005A8DCA0312115A02CB0312115A1CCC0360
:1027100012115A97CC0312115A9CCD0312115A4729
:10272000D00312115A66D00312115AC7D1031211E5
:102730005A89D30312115ADDD30312115A95D403C7
:1027400012115A44D50312115A9AD50312115A5034
:10275000D60312115AE5D60312115A51D70312119A
:102760005A8BD70312115ABCD70312115A18D90326
:1027700012115A00800212115A32800212115A6943
:10278000800212115A52820212115A35830212111A
:102790005A8D830212115AC8840212115A148502EA
:1027A00012115A3C880212115A9E8B0212115AEBD6
:1027B0008C0212115A818D0212115A8D8D02121142
:1027C0005ABF8D0212115A418F0212115A4F9002B4
:1027D00012115A79900212115AD0900212115A29EC
:1027E000910212115A95910212115AAC93021211D0
:1027F0005A3B950212115A05960212115A4397023A
:1028000012115A73990212115A439C0212115A5012
:102810009C0212115AD79C0212115A7F9D0212116A
:102820005AC29D0212115A0B9E0212115A5F9E0249
:1028300012115AC49E0212115A2C9F0212115A49A7
:102840009F0212115A799F0212115AAE9F02121161
:102850005A7EA00212115A27A10212115AABA302EA
:1028600012115ACBA40212115AB4A50212115A36EF
:10287000A60212115A58AA0212115A95AA0212114E
:102880005AEDAA0212115A20AB0212115AA1AB0240
:1028900012115AEEAB0212115A79AC0212115ACB34
:1028A000AC0212115AA2AD0212115A5BAE02121101
:1028B0005AF6AE0212115A0FB20212115A2FB30277
:1028C00012115AE0B60212115AFEB70212115A0141
:1028D000B80212115A30B80212115A36BA02121145
:1028E0005A0FBB0212115A44BB0212115A4CBC02BD
:1028F00012115A02BD0212115AA3BE0212115AC875
:10290000BE0212115A07BF0212115A79BF021211E8
:102910005A5DC00212115A2AC10212115A60C30232
:1029200012115AD1C30212115A11C40212115A4A79
:10293000C40212115ADEC40212115A27C602121121
:102940005AEAC90212115AD9CA0212115AC0CB024C
:1029500012115A38CC0212115AFACC0212115AF83A
:10296000CE0212115A10CF0212115A24CF021211A4
:102970005A5CCF0212115A8ACF0212115A11D10297
:1029800012115A1CD20212115A6ED20212115AD6C8
:10299000D20212115A88D30212115AB8D30212115C
:1029A0005A9CD40212115A4DD50212115A3CD70228
:1029B00012115A71D70212115AD9D70212115A089C
:1029C000D90212115ABAD90212115AEBD9021211B4
:1029D0005A03DA0212115A92DA0212115A46DD0231
:1029E00012115A1EDF0212115A3ADF0212115A5600
:1029F000DF0212115A24E00212115A08E4021211E5
:102A00005AFEF20612115A3EF30612115AF1F4065A
:102A100012115A00F50612115AB8980512115ACF20
:102A20009D0512115A1A9E0512115A6AA00512111B
:102A30005AFEA10512115A8CA20512115AEDA405D5
:102A400012115AF2A60512115A46A70512115A552B
:102A5000A90512115A86A90512115AC6A905121103
:102A60005AE1A90512115A3CAA0512115A5EAA058B
:102A700012115A65AA0512115A7DAA0512115A5D42
:102A8000AB0512115A3CAC0512115AA38701121161
:102A90005ADB870112115AB98C0112115AFF8C01AD
:102AA00012115A4C8E0112115AB78E0112115A404E
:102AB000900112115A50930112115A6B9401121184
:102AC0005A7D9E0112115A109F0112115A62A201E1
:102AD00012115A5EA30112115AB9A30112115A031D
:102AE000A50112115AF1A50112115A8DA801121156
:102AF0005A01AA0112115A84AA0112115A87AA0175
:102B000012115AFCAA0112115A06AB0112115A13E2
:102B1000AB0112115A3EAB0112115AEEAB01121168
:102B20005AE7AC0112115A92AD0112115AB0AD011F
:102B300012115AC9AD0112115AF2AD0112115A14F3
:102B4000AE0112115A69B00112115A2EB1011211BF
:102B50005A73B10112115AF2B10112115A9EB20107
:102B600012115AD0B20112115A24B30112115A5F34
:102B7000B30112115AA6B30112115AF6B301121180
:102B80005AFBB30112115A4FB40112115A7BB4010E
:102B900012115A64B50112115AB5B50112115A1524
:102BA000B60112115A6FB60112115A0AB701121169
:102BB0005A49BA0112115A5BBB0112115AD5BC0114
:102BC00012115AE5BF0112115A83C00112115A792C
:102BD000C30112115A38C40112115A7CC4011211D6
:102BE0005A27C60112115A3BC60112115A45C60195
:102BF00012115A4FC60112115A5BC60112115A80A6
:102C0000C60112115A59C80112115AAEC801121147
:102C10005AB8C80112115AC2C80112115A37C90153
:102C200012115A86C90112115A97CA0112115AE497
:102C3000CA0112115AF1CB0112115A35CC011211ED
:102C40005ADBCC0112115ACECD0112115A94CE0189
:102C500012115AB7CF0112115AD5D00112115ABD13
:102C6000D10112115AD5D10112115A2CD2011211CF
:102C70005A36D20112115A41D20112115A5FD201B1
:102C800012115AA7D20112115A09D30112115A3046
:102C9000D30112115A42D30112115ADDD30112117C
:102CA0005A12D40112115AF9D40112115A3ED50107
:102CB00012115A24D60112115A4BD60112115ACEB2
:102CC000D60112115A3FD70112115AC8D801121158
:102CD0005AF4D90112115AB7DA0112115A7FDB01E5
:102CE00012115A09DC0112115A31DD0112115AD3A5
:102CF000DD0112115A4EDE0112115A0ADF011211C2
:102D00005A54DF0112115AAEDF0112115A86E00146
:102D100012115AA9E00112115A5CE10112115A7EF6
:102D2000E10112115AE7E10112115AFDE3011211FA
:102D30005AF5E40112115AB9E50112115AEBE701F3
:102D400012115A35E80112115A85E80112115AE997
:102D5000E80112115A4BE90112115A79E9011211D5
:102D60005A9DE90112115AD2E90112115A03EA01DE
:102D700012115A36EA0112115A86EA0112115AD971
:102D8000EA0112115AFEEB0112115A9EED011211C5
:102D90005AF9ED0112115A22EE0112115AAFEE0149
:102DA00012115A1DEF0112115A2BEF0112115A4F35
:102DB000EF0112115AA4EF0112115ABFEF011211C3
:102DC0005A71F00112115AA9F00112115AECF001D6
:102DD00012115A4FF10112115A51F30112115A7B7B
:102DE000F30112115A72F40112115A7CF5011211F9
:102DF0005A2CF60112115AC6A80612115AFEA8063C
:102E000012115A1FA90612115A61A90612115AC3AA
:102E1000A90612115ACDA90612115ADDA9061211DE
:102E20005A18AA0612115AF8AD0612115AE5AF0641
:102E300012115ACBB10612115A62B20612115A047B
:102E4000B30612115A343B0012115ADF3B00121123
:102E50005A8D3C0012115A933D0012115AB33D0095
:102E600012115ADC3E0012115A97400012115A0AF0
:102E7000410012115AAE410012115ABA4200121109
:102E80005A25430012115A61430012115AA44300FB
:102E900012115ADF430012115A21440012115AB67E
:102EA000440012115A32450012115AFC4500121109
:102EB0005AD9460012115A71470012115A8B470015
:102EC00012115ABB470012115AEC470012115AB2A4
:102ED000480012115AC2480012115A114900121129
:102EE0005A1E490012115A27490012115AA54900C9
:102EF00012115A014A0012115A4C4A0012115A6713
:102F00004A0012115A924A0012115AAF4A00121185
:102F10005ABB4A0012115A524C0012115A6B4C0003
:102F200012115AF04C0012115A034D0012115A227C
:102F30004D0012115AC64D0012115A474F0012117E
:102F40005AFA500012115A90510012115A9351001E
:102F500012115A03520012115A21520012115AB87A
:102F6000520012115A00530012115A035300121149
:102F70005AC9530012115A36540012115A5C5400A7
:102F800012115AE7540012115A05550012115A4BEA
:102F9000550012115AFF550012115A4956001211CC
:102FA0005A78560012115AD5560012115A0A570073
:102FB00012115A36570012115A44570012115A91E1
:102FC000570012115A01580012115A4A5800121192
:102FD0005A96580012115AC2580012115ACD580070
:102FE00012115AEB580012115AD6590012115AE018
:102FF000590012115A1B5A0012115A2B5A00121161
:103000005A7F5A0012115A935A0012115AC25B0089
:1030100012115AD75B0012115A655C0012115AAA9C
:103020005C0012115A365D0012115A415D001211F6
:103030005A835E0012115A9E5E0012115AEA5E0017
:1030400012115A595F0012115A925F0012115AACB4
:103050005F0012115A0C600012115AAB600012117D
:103060005AF6600012115AC6630012115A786400B1
:1030700012115AE5640012115A25670012115A3DC7
:10308000670012115A40670012115A4C6700121162
:103090005A60670012115A68670012115A9B670044
:1030A00012115A9E680012115A2B690012115A9B74
:1030B000690012115A1D6A0012115ADE6A001211BB
:1030C0005AFD6A0012115A9E6B0012115AFB6B00D6
:1030D00012115AFE6B0012115A726C0012115AC171
:1030E0006D0012115AC76E0012115A526F00121160
:1030F0005A6D700012115A35710012115A66710022
:1031000012115A89710012115A92710012115AC18A
:10311000710012115A51720012115A0773001211E4
:103120005A7C730012115A23740012115A987400B9
:1031300012115ACF740012115A0D750012115AD47F
:10314000960512115AA4960512115A9A9605121153
:103150005A2D960512115A81940512115A3F940561
:1031600012115A71930512115A5B930512115A1CD0
:10317000930512115A76920512115A678F05121192
:103180005A3A8D0512115A0A8D0512115AAE8C0544
:1031900012115A488C0512115A078C0512115A390E
:1031A0008B0512115AD48A0512115A788A05121108
:1031B0005A1B8A0512115AB9880512115A568805E8
:1031C00012115AA0870512115A9B870512115A84B1
:1031D000870512115A4F870512115A728405121170
:1031E0005ACB7A0012115A6F840512115ADF7900F6
:1031F00012115A15790012115A70760012115ABB29
:10320000750012115A43750012115A2998051211AE
:103210005A2D840512115A1A840512115A0F840569
:1032200012115AEB830512115ADE970512115A3109
:10323000820512115AB9810512115A5081051211D5
:103240005ACF800512115A8B800512115A729705B8
:1032500012115A00800512115A4DF80312115A74B6
:10326000BE0612115A1BBE0612115ADDBD061211FE
:103270005AB0BD0612115A7CBD0612115A1BBD066A
:1032800012115A03BD0612115AD3BC0612115AA8C4
:10329000B90612115A7BB70612115A82B5061211DD
:1032A0005A08B50612115AB7B40612115A71B4066B
:1032B00012115A0F970512115ADBB30612115A6BED
:1032C000E50300000080FB8F000100C31D870001A3
:1032D00000C11D35000400871D250002008B1D263E
:1032E0000002008D1D270002008F1D28000100999B
:1032F0001D290001009A1D84000400B219860001F6
:10330000004A1C2A0001009B1D2B0001009C1D2C63
:10331000000100A11D2D000800C0192E000100A20F
:103320001D2F000100A31D30000100A41D3100016C
:1033300000A51D32000100C81933000100C919346D
:10334000000100A61D36000100CA1938000100A7BF
:103350001D39000100A01D83000200BF1D63000194
:1033600000D519640001009D1D650001009E1D6DC2
:10337000000100D61971000800B81966000100BEEE
:103380001D43000100AF1D44000200B01D450001B7
:1033900000B21D46000200B31D47000800CD1948C9
:1033A000000100B51D4B000100B61D04000100C264
:1033B0001DA1000100C61D37000100C51D880001C8
:1033C00000C41D3C000100CB193D000100A81D49AF
:1033D000000200B71D67000100D7194D000200B9B7
:1033E0001D4E000100BB1D4F000200BC1D3E000130
:1033F00000AE1D51000100AA1D52000100AB1D537B
:10340000000100AD1D54000100CC190000000000B7
:103410000000013636010100010201000103010034
:10342000010401060605020000070100340801003E
:103430000F090401010D0100FF0E08000017020032
:1034400000190100FF1A0100011B0100FE1C010010
:10345000081D0200001F01000120010001210200DF
:10346000002301000F2402000026010001270100B3
:1034700008280200FF2A0100072B0102402C01004E
:10348000002D0100012E0100012F0100FF30010B72
:103490001D310800003A0100083B01000F3C01000B
:1034A000013D0100FF3E040000420400004604000C
:1034B000004A0400004E04000052040000560400BC
:1034C000005A0400000000000020019F8700000354
:1034D000002001A08700000400420189810000054E
:1034E0000042013985000006004201AB810000075F
:1034F000003001A1870000100042035A180000119B
:103500000030036B18000012001003041D0000FDC2
:10351000FF21019D870300000021036C180300FDBB
:10352000FF21419D87070000003001E91C070010C2
:103530000030034D180700FDFF21019D870600FDA7
:10354000FF21819D870400FDFF21819D870103717B
:103550000301030103010301030103220302030129
:103560000310030003000300030003000300030033
:1035700003420300032403060300030003040312B1
:10358000032503230325032303040304030003008B
:103590000300034403000300032303000365032126
:1035A000003503810300030503000300030003004B
:1035B000032503230303047104020460041104704F
:1035C000040204020401040204100461040004144F
:1035D00004630473047204620443040004130406C5
:1035E00004000400040404120400040004000400A5
:1035F00004510464000004000400044404000400B6
:10360000040004000465040004350481046400051A
:10361000040004830400040101710101010101118E
:103620000101013101010101018001100161013B32
:103630000014006301730172016201430100011370
:103640000106013D013500040112010001000100E5
:1036500001000104010401330133013C0144013242
:103660000136000001000165010001350081010003
:103670000105018201830100010300710030016036
:10368000001100700031022003500480001000611E
:103690000000001400630073007200620043000029
:1036A00000130006000000000004001200000000EB
:1036B000000000000004000400370037003C024412
:1036C00000000000000000000065000000350081DF
:1036D00000000005000000830000000302710230BA
:1036E0000160021102700201020202020280021055
:1036F0000261023A004100630273027202620243F5
:10370000020002130238000002000204021202004A
:103710000200020002000204020402370037003CEB
:103720000244020002390000020002650200023574
:1037300002810200020502820283020002210010BF
:103740000020815B1C210011004381000021001238
:103750000020835C1C2100130020835D1C210014C9
:103760000020835E1C2100150043813E04210016C9
:10377000001A815F1C210017001A81621C210020A1
:10378000001883400421002100F183651C210022E0
:1037900000F183751C2100FDFF2181851C3600018D
:1037A00000060000000F0000000000000000000004
:1037B00000000003FFFF00000403FFFF0000FFFF05
:1037C0000FF4010005C4040320000100000B0000F9
:1037D00000000000000003010F00000000000000D6
:1037E00000000000000000000000000000000000D9
:1037F0000000000000000000000000321D6E1D38B7
:103800001D541C3E1D741D3E1D801D441D541C3E38
:103810001D741D00000000000000000000000000FA
:10382000000000000000004A1D541C501D861D565B
:103830001D541C0000000000000000000000005C9F
:103840001D981D621D541C5C1D981D621D541C504A
:103850001D861D681D541C19000000F081E9171910
:103860000001002381A61C190002002381AA1C1953
:103870000003002181F117190004002381AE1C19F7
:103880000005002181B21C190006003081F31719D0
:103890000007002181F417190008002181F617198B
:1038A0000009002181F81719000A002381FA171373
:1038B0000094211F009A211F80A0210000122201E4
:1038C0000012220200402102803A21030046210416
:1038D000004C21048052210500582106006421314A
:1038E00000762133007C213400822136008821FFBC
:1038F000FF00000A000000020000000400000008B1
:1039000000000010000000200000004000000080C7
:1039100000000000010000000200000004000000A0
:10392000080000001000000020000000400000011E
:10393000C42A06F42A08EE2A0B122B10222702CAE8
:103940002A05E22A07D02A0CAC2A0DB82A640C25D5
:10395000FF000007ECFDFDFDECDCDCCCBCACAC9C5E
:103960009C8C7C7C6C6C5C5C5C4C4C3C3C2C2C1CC7
:103970001C03EAF5E5D5D5C5B5A59595858575757D
:103980006565555545453535252515150500160F31
:1039900000000B150B020002220F3300000E0FC0B7
:1039A000C1C2C3C4C5C6C7C8C9CACBCCCDCECF5A05
:1039B0006967426565416C6C69616E6365303900A9
:1039C000000000000000000000000000000000D027
:1039D000D1D2D3D4D5D6D7D8D9DADBDCDDDEDF300F
:1039E0003017181921301B1D1F3000034D4C465154
:1039F000181A2505020001191618161618230300B7
:103A00000C0E020B040B0A0708000F3030161819B1
:103A100020231A1C1E30003C40423A3F3F392F47BA
:103A20003002040201010101090206000000100336
:103A300071180C00550039037E180C00550039032D
:103A40007A180C005500390376180C00550039031C
:103A500072180600000010036F1806000000100323
:103A600070180600000010036E18E803000000BE86
:103A7000040AE8030E000000010003007F000000BC
:103A8000101109000503011E1EFF04010803080CA4
:103A900028100A000209033C0C0508150404E4F090
:103AA000A3F0A3F0A322123A9EF022901B3C1250E6
:103AB000AA122EAE22123AB922E0F508E4F509F571
:103AC0000AF50B22E824FBF582E934FFF58322E8AE
:103AD0002411F582E439F583E022F583123AE022DD
:103AE000E0F508A3E0F5092212312A74041211C38B
:103AF0007F08020F137401F09004D2E0640F227467
:103B0000091211C37F04020F13EA2413FAE43FFBE6
:103B1000123058E9227905123064740622A3A3E01A
:103B200024F5C39413221231369004F21270687A8D
:103B3000147B0022C082C083901B1B74A2F0A3746C
:103B40002EF0A374B4F0A3742EF0901B1F748AF0AF
:103B5000A3742EF0A37484F0A3742EF0A374C0F0A9
:103B6000A3742EF0A374C6F0A3742EF0A374BAF05D
:103B7000A3742EF0A37472F0A3742EF0901B2B7418
:103B800096F0A3742EF0A3749CF0A3742EF0A3748B
:103B900090F0A3742EF0A374CCF0A3742EF0901BBD
:103BA0003C125A796009901B3C1250A6121B3A90A5
:103BB0001B391253C07408126715A3F0901BE5F06F
:103BC000901B3EF07C0BFDF97A3F7B1B121A867C22
:103BD0000B7D0079007A4A7B1B121A8602521A74F6
:103BE000F7120CB574F712125BEAFEEBFF123C728F
:103BF00074051254DE7403F0123D891254C024304F
:103C0000FCE43FFD8C82123C6A123C7E6008124448
:103C10009774FFF0A3F0EE242EE43F1C1CFD8C8271
:103C2000F583A3E0C0E08A828B83125172D0E01248
:103C30003C7E888289831259AD2403F0EE1244A1A0
:103C40001214A97403F09004E7120FE07402121228
:103C50003B12406B1211C3E9F5087007EEFAEFFB57
:103C6000122F3EA90874090244B0F583E0888289C6
:103C70008322EA123C7722125BBC3FF58322126951
:103C8000951254CCE8F0A3E9126C6CE02274F012A7
:103C90000CB5EAFEEBFF8C0C8D0D890B123D89F5FE
:103CA000831254D474101214A9E0F508A3123C6CCA
:103CB000F0E824FFF582E912407DE508F0E824FEF3
:103CC000F582E912407DE50BF09004ECE0C0E0E8FD
:103CD00024FDF582E912407DD0E0F09004EBE0C0D5
:103CE000E0E824FCF582E912407DD0E0F074121285
:103CF00014A9123ADC123AC4E509F0E824FAF8E90A
:103D000034FFF98882F583E508F0EE2404FCE43FF3
:103D1000FD88088A828B83E0F50E8C828D83E025F6
:103D20000EC395081269951252FA850C82850D838F
:103D3000A3A3A3A3A3A3A3A3E064037009EE125457
:103D4000AEF0A3E4800312408212408A7409F07539
:103D5000083F75091B750A00780812119112645FFB
:103D60001211C37508FF7509FF7808121195AC0C84
:103D7000AD0D12406B1211C3E9F5087007EEFAEFB2
:103D8000FB122F3EA908023AF0EA2402FAE43FFBB4
:103D90008A8222C082C083901B5BE0C394084004E7
:103DA00074078001E08A828B83F033333354F8F94F
:103DB00002521A74F0120CB58A088B09890A8C0E0B
:103DC0008D0F750C00A2AFE433F50BC2AF901B55FD
:103DD0008045123EB5503D123ECF64037036E50873
:103DE00024F9F508E50934FFF5098E828F83A3A332
:103DF000E02405FCA3E03400FDAA08AB09121C2A4C
:103E0000E50824FFF508E50934FFF5097410250CD1
:103E1000F50C150A1242A412741DE50A6004EE4F57
:103E200070B0E50BA2E092AFA2AFE433F50BC2AFE6
:103E3000901B55803E1259868882F583124BFA8575
:103E40000882850983F08A828983123EC6A3A3E093
:103E5000C0E0E50824FFF582E50912407DD0E0F0DE
:103E6000E50824FEF508E50934FFF509050C150AF7
:103E70001242A41240F86021123ECF640270F11287
:103E80003EB5EE40B01255F5A2E550E4850E8285B0
:103E90000F837401F0E50A70D7E50BA2E092AF85BD
:103EA0000882850983E50CF0E50824FFFAE509346A
:103EB000FFFB023AF0123EBBA2E622EE2411F5828D
:103EC000E43FF583E022123ECA221259CBA3228E90
:103ED000828F83A3A31251761260A22274F0120C77
:103EE000B574F312125B74031214A9E9F074021290
:103EF00014A9EAF08B0B851882851983E4F004126B
:103F00001233122E54E9F89004D1E0292437F50831
:103F1000FA7B00121AA48A0C8B0DAE0CAF0DEA4F7F
:103F20007003024062EA2402F50EE43FF50FA80890
:103F3000EA28F8E43BF9850E82850F831249F69052
:103F400004D1E0F9FAC3E49AFA95E0FB850E828584
:103F50000F83E02AF50CA3E03BF50D9004CF123A55
:103F6000DC750A007808121191E9FC7D00AA0CABFF
:103F70000D1254301211C3AC18AD1974011214A9EA
:103F8000E0F9E50C24FFFAE50D34FFFB122E5A8A06
:103F9000828B83E4F0E50BC454F0F9901BE6E0C497
:103FA000333354C0F89004CBE0A2E0E43313134859
:103FB00049440FC0E0EA24FFF582EB12407DD0E0D7
:103FC000F0EA24FEF50CEB34FFF50D74031214A98E
:103FD000E0F874021214A9E0C454F048850C8285FC
:103FE0000D83F0A80C850E82850F831266E22AC32A
:103FF000988E828F83A3A3A3A3F0850E82850F835F
:10400000E8F0A3E50DF012408212408AE4F0740C4F
:104010001214A9E4F075084A75091B780812119169
:1040200012645F1211C3851882851983E06009EE5E
:10403000240E1255F74408F0123046E9F9E4F50869
:10404000F5097808121195740612123B12406D1290
:1040500011C3E97006EEFAEFFB800BEEFAEFFB12EC
:104060001AAA7A007B00740D023AED7903EEFAEF9A
:10407000FB12305E740222EE24FFF582EF34FFF56E
:104080008322EE123C77E4F0A322F012408F22EE5E
:104090001263823FF5832274F2120CB58A0C8B0DE9
:1040A000A2AFE433F50AC2AF750800750900901B92
:1040B00055802C1242B45024850C82850D83A3A315
:1040C0001264728E828F83A3A31250A612304CE921
:1040D000600A1242AFC2E6F08E088F091242A412A3
:1040E00040F870CFE50845096006124191D2E6F02C
:1040F000E50AA2E092AF800DE0FEA3E0FFEE4F22C2
:1041000074021211C37F06020F1374F0120CB58AE9
:104110000E8B0F8C0C8D0D750A00A2AFE433F50BDE
:10412000C2AF7E007F00901B558010AE08AF091211
:1041300041891255F5D2E7F012508412509860343C
:10414000124191A2E750F1850882850983A3A31249
:104150000FE0AC0CAD0DAA0EAB0F12305274021270
:1041600011C3E960D3EE4F60C212452B70061241B5
:10417000A3D2E4F0E50BA2E092AFEE4F6006122F5F
:1041800038750A01A90A023AF0123EBBD2E4F0EEF9
:1041900022E50812639C3509F583E022AA82AB83ED
:1041A000121C2A8E828F83A3A3125176E02274F20E
:1041B000120CB574FE12125B750C00750D0085189B
:1041C00082851983E4F0A3F0A2AF33F50AC2AF9061
:1041D0001B5512741D802BEE24FBF582EF34FF1269
:1041E0003ADA780C1211951242921211C3EEFCEFDA
:1041F000FDAA18AB19121AC8AE08AF09901B5BE0F4
:1042000014F0EE4F602B1242B4501DEE240BF8E474
:104210003FF98882F583E024FFF0A3E034FFF088C3
:10422000828983125A7960AF8E0C8F0D1242A4805E
:10423000A1E50AA2E092AF901B5BE0602C9004D253
:10424000E0640F6006901BE5E0701E7A337B1B1262
:104250003136908776120FDC7A337B1B1252A21212
:1042600011C3800574F0125183AA18AB19121ACE2B
:104270008A088B09AE08AF09EA4F6013122E661246
:1042800042AFA2E28E828F83A350D974E980D70215
:104290004100EEFCEFFD7A557B1B121ADA74022204
:1042A0008E0A8F0BEE24FBF582EF34FFF58322EEAE
:1042B000123EBC22123EBBA2E72274F7120CB5EAF2
:1042C000FEEBFF122E6612516F120E2DE964019063
:1042D00004EE700AE02401F8A3E0340080031250D9
:1042E000F5F91257F71252FA901B5BE0701F900419
:1042F000D2E0640F70177A337B1B123136908776C9
:10430000120FDC7A337B1B1252A21211C3A8A8C26F
:10431000AF901B5BE004F0E8A2E78004E508A2E0B0
:1043200092AF02570574F7120CB5EAFEEBFFEA12E2
:10433000435BF0122E66EEFCEFFD7A557B1B121AE2
:10434000D4A8A8C2AF901B5B124C499004D2E06481
:104350000F70057908122FFE025705123EBCC2E409
:104360002274F7120CB574EA12125BEAFEEBFF90AE
:1043700004CBE0602A8518828519837401F0121439
:10438000A9E41244161214A912419CC0E0740A1246
:1043900014A9D0E0126702740B1214A912596274A6
:1043A000160244B074F7120CB5EAFEEBFF122E4869
:1043B000E9F974DC69601E74DD69601974E4696090
:1043C0001474F369600F74DE69600A74DF69600554
:1043D00074DB697007EEFAEFFB12300402570574C4
:1043E000F7120CB574EB12125BEAFEEBFF85188234
:1043F00085198374061244161214A9AA82AB83127B
:104400001C2AEE2408FCE43FFD740A1214A9125978
:104410006274150244B0F0EA2413FCE43FFD740218
:104420002274F7120CB574F712125BEAFEEBFFEA86
:1044300024301255F7605DEA1244A11214A97403E6
:10444000F09004E7120FE0124497120FE09004FA84
:10445000E0F9740412123BEEFAEFFB122E4E7404D4
:104460001211C3E9F974DC69602374DD69601E749C
:10447000E469601974F369601474DE69600F74DFB5
:1044800069600A74E869600574DB697007EEFAEF29
:10449000FB123004023C65EE242EF582E43FF583E6
:1044A00022126873AA18AB19121C2A74082274030A
:1044B0001211C302570574F2120CB58A0C8B0D75DC
:1044C0000A00750B007508E7A2AFE433F509C2AF27
:1044D000901B5580031242A01240F860251242B48E
:1044E00050F312452B70EEEE24321246C2E0687093
:1044F000E4780A1211951242921211C3901B5BE0EC
:1045000014F0E509A2E092AFEE4F6013EEFAEFFB74
:10451000122E6679F0EEFAEFFB123004750800A94E
:1045200008AA0CAB0D12300402410512408FE06462
:10453000012274F4120CB574F712125BEAFEEBFF61
:104540008A82F583A3E064F370030245D08A828BEC
:1045500083A3E064DF60798A828B83A3E064E860F0
:104560006F8A828B83A3E064DB6065122EA8E9F575
:10457000087055EE240E1255F7604D1245DA60486A
:1045800074081214A91245E9120FE07508FF7509A5
:10459000FF78081211958E828F83A3A3A3A3A3A3F0
:1045A000A3A3E0F9740412123B122E4E74041211EC
:1045B000C3E9F50874F369600F74DF69600A74E891
:1045C00069600574DB69700F8E828F83A3E508F044
:1045D000EEFAEFFB122EB4023AFFEE240FFAE43F9C
:1045E000FB7909122EEAEA4B227402125E6874FF0C
:1045F000F0A31245F6221259B6A3A32274F1120CAD
:10460000B5EAFEEBFF7508008A82F583A3A3A3A396
:10461000A3A3123B1D40037508E88A828B83A3A3E2
:10462000A3A3A3A3A3A3A3A3E0C394104005750869
:10463000E880138A828B83A3A3A3A3A3A3A3A3A32A
:10464000A3E0640F600B901BC2E054087003750870
:10465000E8EA240B1246C2A3A3A3A3A3A3A3A3E047
:10466000C398500DEA240B1255F7640F60037508C8
:10467000E89004EBE0F47003A3E0F470037508EC39
:104680007A237B00121B348B0BA90B901B3C124628
:10469000D160278E828F83A3A3A982AA83890C8AE3
:1046A0000D750E00780C1211917C237D00901B3C3F
:1046B000E0FA1254301211C3800375081AA90802D7
:1046C000645AF582E43FF583E0F88A828B83A3A3E2
:1046D00022EAF0A3EBF0EA492274F5120CB5EAFEE7
:1046E000EBFF8A82F583A3A3A3A3A3A3A3A3E090D4
:1046F00004D2124769E09004EDF0EA240B1255F75A
:104700009004CD124769A3E0901BE6F0F91218BEA1
:10471000901BE6E0600BEE24041255E924061247D4
:104720005F901BE5123AF5600474018002740090FA
:104730001B3E126DAD1211917C0B7D007A3F7B1BED
:104740001254301211C3EE2418F508E43FF509782D
:10475000081211917C0B7D007A4A7B1B02541DFAD2
:10476000E43FFB79E11218A622126D97A3A3A3A33D
:104770002274F7120CB5EAFEEBFF8A82F583A3E000
:104780007003123AAB12691E02570574F7120CB58A
:10479000EAFEEBFF901B3C125A796010901B3C1212
:1047A00050A6901B3CE4F0A3F0121B3A8E828F833C
:1047B000740812518A1223F202570574F6120CB5CE
:1047C000901BE5E06010901B3EE0700A1247D9EAAA
:1047D0004B6003122F3E026A189004CDE0FB900458
:1047E000EDE0FA9004D2E0F9122E602274F4120C7B
:1047F000B574E712125BEAFEEBFF750B018A82F5D6
:1048000083A3A3A3A3A3A3A3E0A2E25069EA242B5A
:10481000F582E43F126470EA2413FAE43FFB122E9F
:104820006CE97052908642E064017005750B00805F
:10483000451248AB1211917C0B7D0074111212339A
:104840001254301211C3123046E9FA740E12122BB0
:10485000880889097808121195750830750900785B
:1048600008121195EE1266CB120FE01268657901FD
:10487000123B171211C38518828519837410F01228
:10488000686574021214A9AA82AB83121C1EEE245E
:104890002B12705E740B1214A91252FA740D1214BA
:1048A000A9E50B126AD77419023B01EE2408126DB8
:1048B000B522C082C083901BE6E060031230B802CC
:1048C000521AC082C083901BDD741BF0A3741BF0CE
:1048D000A3741FF0A3741BF0A3742BF0A3741BF03C
:1048E000901DD974B5F0A37435F0901BC77442F0D5
:1048F000A3742EF0901B607478F0A3742EF0901BBC
:1049000062747EF0A3742EF0901BC2E04402024D4C
:104910001EC082C083EAFCEBFD7903025A25C082E7
:10492000C0837908026B98C082C08374FE12125B48
:10493000901B687426F0A3742FF0901B6A7420F00B
:10494000A3742FF080077A557B1B124983901B5567
:10495000125A7970F1901B57125A7960097A577B75
:104960001B12498380EF901B55E4F0A3F0901B5B72
:10497000F0A3F0A3F0901B767462F0A3742FF07490
:1049800002801C121ACE851882851983EAF0A3EBE7
:1049900012499712303422F0AA18AB19227411125E
:1049A00011C302521A74F6120CB5E9FF741629F5F8
:1049B00082E4343AF583E493FEFA7B00121AA4EA07
:1049C0004B6007EA2E1249F380267A027B00121A06
:1049D000A4EA4B601774DF2FF582E43439F583E4E1
:1049E000938A828B83F0A3741A124DBC7A007B00E9
:1049F000026A181252E9E8126992A3A3A3A3E4F091
:104A000022E9FC740629F8EAA2E0501EE875F00AD3
:104A100084E5F0F96014740A28C399F8E9C3940591
:104A20004004740A28F8740B28F8ECC3941340046B
:104A3000791480027906E82979002409F8500109DF
:104A40007A0A7B00120B65E8F9021157C082C08315
:104A5000901BC2E05402600A1223F8E96004790155
:104A60008002790002521AC082C083901BC2E054B7
:104A7000026014901B5BE0700A125A766009124AB9
:104A80008C500479018002790002521A123ACFA2A6
:104A9000E722C082C08390863FE0F8901B5DE0C3B0
:104AA000985005121AA480047A007B0002521AC0A2
:104AB00082C083123034790002521AC082C08374DB
:104AC000FE12125B851882851983EAF0A3EB124C63
:104AD00025A3A3A3A3A3E0600A14605724FE605A91
:104AE000024B959004D2E0640F601212300AE97014
:104AF0000C1250A0901B64125172120E2D9004FAE9
:104B0000E0C0E0851882851983125999D0E0124CD3
:104B10002574141263B6FCA3E0FD7A577B1B121AAE
:104B2000C8A8A8C2AF901B5D124C497920122FFE75
:104B300002497F124EF3741580D9124EF3A3A3A33A
:104B4000A3E06051124EF31241A7C0E085188285A0
:104B50001983E02406F582E43BF583D0E01263B6C6
:104B60002402F8A3E03400F98882F583E02401FAF6
:104B7000A3E03400FB88828983EAF0A3EB1263B6DA
:104B8000124F338518828519836013124BFA600522
:104B9000124C0C4048AA18AB191230348092124BB8
:104BA000FA60F2124C0C5021124C19FA85188285C9
:104BB0001983A3E0C82406124EEFF87420125BAEEE
:104BC000343AF583E4936A60148518828519831258
:104BD0004BFA640870BF124C19640870B8124C1973
:104BE00014124C2D240AC0E08518828519831251B5
:104BF00072D0E0124C2D04024B13124BFE221250C5
:104C0000F5C82406F582E438F583E022851882850C
:104C10001983124BFEC3940A2285188285198312C8
:104C20003ECAA3E022124C37F583888222124C3709
:104C3000C82406124F1D22F0851882851983125050
:104C4000F522A8A8C2AF901B5CE004F0E8A2E792AE
:104C5000AF22C082C083901B6C125A796008124E3A
:104C6000FA120E2D8002790002521A74F7120CB556
:104C7000EAFEEBFFEA12409074011252A8F8A3E09A
:104C8000F9123C721252FAEA24351255F7C0E0EAE2
:104C90002413F582E43FF583D0E0F0EA2436125580
:104CA000F7C0E0EA2414F582E43FF583D0E0F0EAAF
:104CB00024381255F7C0E0EA2418F582E43FF58362
:104CC000D0E0F0EA242FF582E43FF583120FE012E2
:104CD0006872EA24311255F7F91240711211C3E9D2
:104CE000F5087007EEFAEFFB122F3EA908025705F0
:104CF000C082C08312300AE9600479208002790101
:104D000002521AC082C083EA2411124D14D2E080EC
:104D10000DEA240DF582E43BF583E022F0A3F002D6
:104D2000521AC082C083124D1164017011124DB627
:104D3000400C8A828B83A3E0F91230048066124D06
:104D4000A7A2E650128A828B83A3E0F9901B661219
:104D50005172120E2D804D124D116401700D124DC5
:104D6000B650088A828B83743080368A828B83A304
:104D7000E0641B8A828B83700474228024A3E07019
:104D80000D124D11F8740B125BAE343A800B124DBC
:104D900011F874DF125BAE3439F583E4938A828BA9
:104DA00083124DBC02521A124DAB22EA2410F58236
:104DB000E43BF583E022124DABA2E322F0901BBD51
:104DC000E0F9121AB02274F7120CB5E9FE125A7605
:104DD0007003024EECEE6014741B6E701AE81263DE
:104DE0008239F583E064057003024EC4901B5F12A4
:104DF0004EFAA3E4024ECB74E96E7068E82412F513
:104E000082E439F583E0700B1223FEE96005124F4E
:104E10003D606179EE121828901B5E124F14901BB2
:104E20005E603A124F40901B5E700B124F1414F0EC
:104E30001219DE024EEC124F32C2E71250DB240D83
:104E4000124EEF64037009124F0D125091D2E2F02E
:104E500079ED121828124F25120E2D8078124F006E
:104E600074E9806774E16E703E1223FEE9605512AA
:104E70004F3D70509004F4E0C0E0124F0D2412F545
:104E800082E438F583D0E0F09004E3E0C0E0901BCA
:104E90005E124F09124F09D0E0F09004E3E004F0F5
:104EA00079011219C68045741C6E7018901B5E1231
:104EB00050A6901B6E125172120E2D901B5EE4F0E4
:104EC000A3F08028901B5E124F00EEF0901B5E1244
:104ED00050A6122F2C1250BCE054806003126B8736
:104EE000901B5EE4F0A3F07910122FFE025705121A
:104EF0004F1D22851882851983A3E0F583888222BD
:104F0000124F042212517AA3221259C722901B5E1B
:104F10001259A8221259A82412124F1D22F582E418
:104F200038F583E022901B5E1250AA901B6212514A
:104F30007622E0F8A3E0C82410124F1D22901B5ED9
:104F40001250C3E054042274F4120CB5750A0075B3
:104F50000B00A2AFE433FEC2AF125A7660030250D8
:104F60003A12516F120E2DE94410F8901B5580092A
:104F700085080A85090B125084125098700302505C
:104F80003A124191586870E8780A121195AC08AD50
:104F9000091242961211C3901B5EE508F0A3E509C1
:104FA0001250DB125091A2E75003025041901B5C5B
:104FB000E014F0EEA2E092AF901B5EE0240EF8A3A6
:104FC000E03400F9E8FEE9FF8882F5831250A690EC
:104FD0001B5E124C1FF9122EF0E9901B5912671537
:104FE0008E828F83E054806018124F0D2413124E6E
:104FF000EFF91218E2124F0D2414124EEFF91218A5
:10500000D61250BCA3E05401605F901B59125A792C
:1050100060451250D260401250D2F87900901B596E
:105020001250A6120B6DE8C0E01250B0D0E0125042
:10503000E0C3941340117402800FEEA2E092AF809F
:1050400037901B5B024FB07400C0E0901B5FE0C85C
:1050500012507BD0E0800D1250B074011250DB1260
:10506000507B7401F07903800C901B5E124F32A2CA
:10507000E1B3E433F91219C6023B04241AF582E4C1
:1050800038F58322E50824FBF582E50934FFF58332
:105090002212639C124F2022123AE0E508450922B1
:1050A0008518828519831250AA22E0FAA3E0FB2218
:1050B0001259A52419F582E438F58322901B5E125B
:1050C00050C3221250F5C81250CB22125BBC38F5E7
:1050D00083221259A52418124F1D221250EDC82206
:1050E0001250EDF5838882A3A3A3A3E022F0901BC6
:1050F0005E1250F522E0F8A3E02274F7120CB5EA34
:10510000FEEBFF12302E1255F4A2E3400A12452B9B
:10511000700590863D800390863EE0F9EEFCEFFD41
:105120007A557B1B121AE0E96038EEFAEFFB901B10
:1051300068125172120E2DEE240E1255F75404709F
:1051400012124C42EE123C73A3E05401701E122F57
:10515000388019EEFAEFFB901B60125172120E2D7F
:10516000800A8E828F83A374F112518302570590B7
:105170001B6A1251762212517A22E0F8A3E0F583DD
:1051800088822212518A122F2C22F0EEFAEFFB2293
:1051900002521374F7120CB5EAFEEBFF7900901B74
:1051A000C2E05402700CEA24331255F75404600232
:1051B00079E8901BC2E05460700CEA24331255F772
:1051C0005402600279E88A828B83A3A3A3A3E0F848
:1051D000908643E0C398500279E8EA24311255F7EB
:1051E000700CEA242E1255F7700479F5800BE970E3
:1051F00005122F1AE9F9E96007EEFAEFFB12300405
:10520000025705C082C0838A828B83740DF01223FB
:10521000F28007C082C083122F38D083D08202115F
:105220005774F4120CB5EAFEEBFF8A82F583E4F0C2
:10523000A31252A8540490863D7012E0F8901B5CB3
:10524000E0C398401279F1123004023B04E0F89078
:105250001B5BE0C39850EE1252AEA3E054016037DE
:10526000EA24371255F7C394054033EA2433125524
:10527000F7540570297A707B1B123136EE2437F50E
:1052800082E43FF583123AB5780812118D7A707B6B
:105290001B1252A21211C3EEFA125C9F80AC79E885
:1052A00080A512312A740422F01252AEE022EA24C0
:1052B00033F582E43FF5832274F6120CB5E9FE243F
:1052C00051FAE43400FB121AA4EA4B6015EE8A820C
:1052D0008B83A3A3A3A3F0EA24511252E91252FA3A
:1052E00080047A007B00026A18F8E43BF98A828B1A
:1052F00083A3A322127068901C3AE8F0A3E9F0227D
:10530000025213C082C083901B79748CF0A3742F57
:10531000F0A374BCF0A3742FF0A37492F0A3742FC5
:10532000F0A37498F0A3742FF0A374B6F0A3742FB5
:10533000F0A374AAF0A3742FF0A374A4F0A3742FA5
:10534000F0A374C2F0A3742FF0A374C8F0A3742F59
:10535000F0A374CEF0A3742FF0A374DAF0A3742F2B
:10536000F0A3749EF0A3742FF0A37486F0A3742F9F
:10537000F0A37480F0A3742FF0901B9574B0F0A389
:10538000742FF0A374D4F0A3742FF0A374EEF0A3E1
:105390007430F0A374E0F0A3742FF0A374E6F0A3CC
:1053A000742FF0901BB9E4F0901BBCF0901BA51279
:1053B00053C07402F0901BAE1253C07401024D1E14
:1053C00074FEF0A3742FF0A32274F5120CB574F1DF
:1053D00012125B8518828519837402F0740112140D
:1053E000A9E9F060047AFF7BFF74021214A9125E2F
:1053F0005D7508B175091B750A0078081211917C5A
:105400000B7D0074071214A9AA82AB8312543012C8
:1054100011C3AA18AB191223F2740F80031254306F
:105420001211C37F03020F137C0B7D007AB17B1B2B
:10543000121A7474032274F7120CB574FD12125B05
:10544000851882851983740AF074011214A9E9F091
:1054500074021214A9EA126AD70244AE74F6120C4E
:10546000B574F712125BEAFEEBFFEA1254AE125467
:10547000DE7402F0EA2428FCE43FFDAA18AB1912FE
:105480001C1EEE24311254B424331264D61211952A
:10549000740212123B79831A1A12406F1211C3E977
:1054A000F5087007EEFAEFFB122F3E026A11123C6C
:1054B00077740122F582E43FF583123AE012597EB7
:1054C000F5831254CCE8F0A3E9F0EE221254D48A0A
:1054D000828B8322E024FFF8A3E034FFF922F0A3BB
:1054E000E4F0EA1240902274F0120CB5126F4612EA
:1054F00014527808790C120BC6780812118D7AA80C
:105500007B1B023AE874F4120CB574C612125B905D
:1055100004D2E0640F600D851882851983742E1201
:105520005E7C80227A9F7B1B123B26120B6D8808C3
:105530008909E4F50AF50B780812118D7A9F7B1B17
:105540001252A21211C3743A023B0174F5120CB547
:10555000EAFEEBFF8A82F583A3E0F87078EA243054
:105560001255F764026007E06403600278E8EA24F9
:1055700026F582E43FF583123B1F400478E880580B
:10558000E87052EA242612475FEE24311255E924CE
:10559000301255F76402700EEE242812705E9004EB
:1055A000E11252FA80179004E174FEF0A304F0EEC9
:1055B0002428FCE43FFD7AD87B04121C2AEE241B2D
:1055C0001248AE1211911254281211C3EEFAEFFBD9
:1055D000122F7AE9F8E8600EE88E828F83A31268B2
:1055E0007A7417126924025423FAE43FFB795012AB
:1055F00018A6EE22EE2410F582E43FF583E0227433
:10560000F6120CB574F712125B901BBCE070377485
:1056100001F0F9121990AA18AB191230407508B1AF
:1056200075091B780812119575080175090078082D
:105630001211959004E7120FE0740612123B7A03E0
:10564000123B151211C3026A1374F7120CB51258EB
:10565000257004A374EBF0901BBCE0A2E25003C2DF
:10566000E2F0E0A2E1500512583680098E828F8365
:10567000742A12692402570574F4120CB574FE12D0
:10568000125B12572B125971EC85188285198312FF
:1056900059C0E0F50B7015AA18AB1979531218A66A
:1056A000EE2413FAE43FFB794A1218A61248AB1213
:1056B00011911254281211C31250A0A90B122F6E6F
:1056C000901BBCE0A2E1500312583D901BBCE4F0DB
:1056D0007402023B0174F7120CB5EAFEEBFF8A82FA
:1056E000F583A374EBF0901BBCE0A2E150077A00B5
:1056F00079EB122F74EEFAEFFB122FAA8007EEFA65
:10570000EFFB1230AC7F01020F1374F7120CB512CD
:10571000572B901BB9E4F0901BBCF07AFF7BFF8EF7
:10572000828F83A3E0F9122F6E80DA1258767AA85E
:105730007B1B1231362274F7120CB5EAFEEBFF1216
:105740002FA480BA74F7120CB51258B3A3A3A3E028
:1057500060047400800274EB1257845003C2E2F0BC
:10576000E0A2E150051258878011A2E0500D8E8210
:105770008F83742AF0A374EB126924EEFAEFFB1204
:105780002F5080818E828F83A3F0901BBCE0A2E219
:105790002274F6120CB5EAFEEBFF901BBCE0D2E1DE
:1057A000F079011219908E828F83A3E07038123045
:1057B00046E9FAEE240DF508E43FF50978081211E0
:1057C0009575080175090078081211951257F7129E
:1057D0000FE0EE2402FCE43FFD123B151211C3E979
:1057E0008E828F83A3F08E828F83A3E060067A007F
:1057F000F9122F74026A18EE240BF582E43FF58348
:105800002274F7120CB51258257004A374EBF090B3
:105810001BBCE0A2E25003C2E2F0E0A2E15003129E
:105820005836025705EAFEEBFF79011219968E826F
:105830008F83E0642022C2E1F012583D227A008E6C
:10584000828F83A3E0F9122F742274F7120CB51221
:1058500058768E828F83A3A3A3A3E0600474008094
:105860000274EB1257845003C2E2F0E0A2E150034D
:1058700012588702577BEAFEEBFF79011219967ADC
:105880009F7B1B12313622C2E1126DA8E0A2E4E434
:1058900033FA12583F2274F7120CB51258B374EB56
:1058A0001257895003C2E2F0E0A2E15003125836C9
:1058B000025705EAFEEBFF79011219968E828F835B
:1058C000A32274F7120CB51258D80256FE74F712C0
:1058D0000CB51258D8025705EAFEEBFF7A9F7B1BE6
:1058E000123136EEFAEFFB122FCE2274F7120CB5FE
:1058F00074EF12125BEAFEEBFFEA1268667AD87B5D
:1059000004121C18E960568518828519837409F001
:1059100074011214A974EFF012597174021214A9CF
:10592000EC1259C0A3A3E0C0E074041214A9D0E0A3
:105930001259AD640870158E828F83A3A3125999F2
:10594000E0C0E074051214A9D0E0800674051214BA
:10595000A9E412670274061214A9125962741102A2
:1059600044B0AA82AB83123076AA18AB191223F284
:105970002212597EF583125990FCA3E0F922EE120F
:105980005986FB8882222402F8E43FF9E8FAE922EA
:105990001250F58882F583E0221259A82407F58277
:1059A000E438F58322901B5E1250F5C8221259B1DB
:1059B000221259B6E022F08E828F83A3A3A3A322E2
:1059C0001269921259C7221259CB22E0F8A3E0F5CE
:1059D000838882A3A322C082C0831230B802521AE5
:1059E000C082C083901BD97479F0A3741BF0A37498
:1059F00095F0A3741BF0901DD37417F0A37436F0C8
:105A0000A374DBF0A37436F0901BC57468F0A37424
:105A10002FF0901BC2E04401024D1EC082C083EAF9
:105A2000FCEBFD790212301C02521A74F6120CB50E
:105A300074FE12125B901BBE125A7960077ABE7B0D
:105A40001B123034901BC4E4F09017C6125A7960D0
:105A5000208007AA18AB19123034901BBDE0F91250
:105A60001ABC8B09A9098518828519831246D17041
:105A7000E27402026A15901B5E127068E849227493
:105A8000F7120CB5E9FA7B00901BBDE0F9121AE69B
:105A900002570574F7120CB574F012125BEAFCEBB6
:105AA000FDE9FE8A828B83E0F87400125BAE343A23
:105AB000F583E493C0E074011214A9D0E0F0640B04
:105AC000700DE98A828B83A3F012309A025BA9E001
:105AD0007003025BA9640C6003025B9A741A6E7017
:105AE0000B74041214A9E4F0A3025B997404121459
:105AF000A9125E5DEA2432126366C0E074031214D8
:105B0000A9D0E0126D9312147A74061214A912141B
:105B10006E8C828D83A3A3A3A3A3A3A3A3A31270BC
:105B200064740A1214A9E8F0A3E9125BB3E05410FC
:105B30006009851882851983E48013EC24121263AE
:105B400066F89004F4E0C398851882851983F0E024
:105B5000C0E0740C1214A9D0E0F0EC2415126366B6
:105B6000C0E0740D1214A9D0E0F0EC2416126366A4
:105B7000C0E0740E1214A9D0E0F0EC241712636692
:105B8000C0E0740F1214A9D0E0125BB3A3E054017B
:105B9000600874011214A97411F074021214A9EEB1
:105BA000F074011212331223F274100244B028F57B
:105BB00082E422F0EC125BBC3DF58322240EF582D8
:105BC000E422C082C083901BC4E0640370047901A6
:105BD0008002790002521A74F7120CB5901BC4E0CF
:105BE000125C5274D128F582741D39F5831260E479
:105BF000C2E7F0125C59A3E493FE25E0FCE433FD18
:105C000074D12CF582741D3D126470EC4D6005EE6C
:105C1000901BC4F08A828B83E025E0FCE433FDE82E
:105C20002CF582E93DF583E493FCC4540F25E0F89C
:105C300074D3125BAE341BF583125A79700512309F
:105C400088800CEC540F125C59125172120E2D0206
:105C5000570525E0F8E433F92225E0FCE82CF5822D
:105C6000E439F5832274F2120CB574FE12125B89CA
:105C70000B8A088B09125D04125CF5601A12670F1B
:105C8000F50A7808121191125D112402126466124D
:105C900011C3125C9D8003125D23024100AA0CEF28
:105CA000FB901BBDE0F9121AB02274F0120CB5740F
:105CB000FE12125B890B8A0E8B0F125D04F508121F
:105CC0005CF5602712670FA808EA281249F3850ED1
:105CD00008850F09F50A7808121191125D111264F6
:105CE000641211C3125C9D79008005125D23791A3C
:105CF0007402023AEDFA7B00121AA48A0C8B0DAFE3
:105D00000DEA4F2274EA29F582E43439F583E493ED
:105D100022A80B74F5125BAE3439F583E493FC7D55
:105D200000EA22851882851983E50BF0791AAA18F2
:105D3000AB1912300422C082C083E9901BBD024D12
:105D40001E74F6120CB574FE12125BEAFEEBFFEA4B
:105D5000542070308039A8A8C2AF901B5DE01412A7
:105D60004C4B8A828B83125E4A901BC0125E5D127E
:105D70003010851882851983E0641560077AC07B2E
:105D80001B1230347A577B1B121ACEEA4B70C7EFC6
:105D90005480700C8016901BC0EAF0A3EB125E706A
:105DA000901BBDE0F9121ABCEA4B70EAEE54106089
:105DB0000B851882851983742D125E7CEEA2E0504B
:105DC0000B8518828519837424125E7CEE54026060
:105DD0000B8518828519837425125E7CEE5404604D
:105DE0000B8518828519837426125E7CEE54086038
:105DF0000B8518828519837428125E7CEE544060EE
:105E00000D74011214A9125E63742C125E7CEE54A0
:105E100080600D74011214A9125E63742F125E7CEF
:105E2000901BBE125A79601BA8A8C2AF901BBE126D
:105E300050A6901BBEE4F0A3124C4BA3EAF0A3E9DA
:105E4000125E707A007B00025A71125E4E22E0856B
:105E50001882851983F022A3A3A3A3A3A3EAF0A326
:105E6000EBF022E4125E6822F08518828519832205
:105E7000F01230107AC07B1B123034221249971274
:105E8000301022C082C083901BC0126AD268700298
:105E9000EB697007901BC0E4F0A3F002521A74F78C
:105EA000120CB5EAFEEBFFEA4F700312165AA2AFCE
:105EB000E433F508C2AF8E828F83125A796028E8E6
:105EC00024FBFAE934FFFB901BC0126472E86C708B
:105ED00002E96D7007901BC0E4F0A3F08E828F83FF
:105EE000E4F0A3F0121B3A02431CC082C083901B53
:105EF000E7747CF0A37430F0A3748EF0A37430F0D8
:105F0000A37494F0A37430F0A3744AF0A3742FF038
:105F1000A3749AF0A37430F0A37444F0A3742FF028
:105F2000A37450F0A3742FF0901BF574CAF0A374FF
:105F300030F0A374A0F0A37430F0A374A6F0A3749F
:105F400030F0A374B2F0A37430F0A374ACF0A37477
:105F500030F0901BE6E4024D1EC082C0839004E145
:105F6000E064FE7003A3E0F470097CD87D04121C89
:105F70001E801C8A828B83A3A3A3A3A3A3A3A374C1
:105F800002F09004E11270648A828B831252FA024A
:105F9000521AC082C0839004EBC3E094FEA3E09445
:105FA000FF400479038002790202521AC082C08342
:105FB0001260ED8C828D831260A268703974026861
:105FC000701C8A828B83125FFBE06870298A828B47
:105FD00083A3125FFBA3E068701C7901801A74032D
:105FE000687013EC2405FC50010DEA2405FA5001F9
:105FF0000B121C248002790002521AA3A3A3A3A3AC
:10600000E0F88C828D83A3A3A3A3A32274F6120CC1
:10601000B57E00740A1214A9E0126096FF8A828B82
:1060200083A3A3A3A3A3A3A3A3E06F706474026FCD
:10603000704E8A828B83C082C08388828983A3A3A7
:10604000A3A3A3E0F50888828983A3A3A3A3A3A3A2
:10605000E0FBAA08D083D082E06A7003A3E06B70F3
:106060003088828983A3A3A3E0FA88828983A3A3CB
:10607000A3A3E0F9EA6C7002E96D70157E0180114E
:1060800074036F700CE82405FCE439FD121C24E94C
:10609000FEEEF9026A18F8A3E0F98882F58312602F
:1060A000A222A3E01313543F540322C082C0838A68
:1060B000828B83A3A3A3A3A3A3A3A3E0640270166C
:1060C0009004E11260E4687003A3E0697004790150
:1060D000800F7900800BEAFCEBFD7AD87B04121C60
:1060E0001802521A1270688A828B83E0228A828B8D
:1060F000831260A2F82274F0120CB574FC12125BC9
:10610000E9851882851983F074021214A9ECF0A3B2
:10611000EDF08A0A8B0B75080074021214A9E024B2
:1061200008126366C0E074011214A9D0E01263B6CD
:10613000A2E75008750EFF750FFF800A9004E7E094
:10614000F50EA3E0F50F851882851983E0C2E712EA
:1061500063BB54206007126388740880041263884C
:10616000E41263BB540460071263937480800512C9
:10617000639374101263BB5410600612636EE48064
:106180000B9004F4E0C0E012636ED0E01263BBA297
:10619000E050037508205408600674104508F5089F
:1061A0008A828B83A3A3E024FFFEA3E034FFFFEAEF
:1061B000126379C39402E0400F640B6009E0148E0F
:1061C000828F831263AC74034508F508750900904B
:1061D0000507E0640170118A828B83A3A3A3A3E067
:1061E000C394674003750910851882851983E0F50B
:1061F0000C750D00740E780C121387E50D4509F52A
:1062000009E06402701B9004ECE08E828F83F090B2
:1062100004EBE0C0E0124077D0E0F0EE24FEFE8018
:106220001CE06403701DEE24F9FEEF34FFFF7CFBDD
:106230007D04EEFAEFFB121C2AEE24FF1EEF34FF62
:10624000FF8003E0602F74011214A9E06018741439
:106250001214A9E0650E7004A3E0650F7008744085
:106260004508F508800F8E828F83E50FF012407786
:10627000E50E1263A274011214A9E0F50C750D006D
:10628000740A780C121387E50D4509F509E06402DC
:10629000702374021214A9126ACD8E828F83F07457
:1062A000021214A91241A9C0E0124077D0E0F0EE2A
:1062B00024FEFE8020E064037021EE24F9FEEF341A
:1062C000FFFF74021214A9126472EEFAEFFB121CA3
:1062D0002AEE24FF1EEF34FFFF8003E0601C7414DD
:1062E0001214A9A3E08E828F83F074141214A9E013
:1062F000C0E0124077D0E01263A2EEF8EFF9E82494
:10630000FF1EE934FFFFE50A12637970059004D798
:1063100080039004E3E0FA04F0EA8882898312683B
:106320007AE5091263AC8E82F583E508F0E50A246C
:1063300004F8E4350BF9E50A2402FAE4350BFBEE28
:10634000FC8A828B83E0F50888828983E02508C374
:106350009C126995EEF0A3EFF0850A82850B83A36A
:10636000E4F0F9023AEBF582E43DF583E022EA2419
:1063700012F582E4350BF58322126382350BF58327
:10638000E022240DF582E422EA2410F582E4350BA4
:10639000F58322EA12639C350BF583222411F582E2
:1063A000E422F0EE24FEFEEF34FFFF22F0EE24FFA5
:1063B0001EEF34FFFF22125E68E022F0EA125BBC9F
:1063C000350BF583E02274F1120CB574FE12125BEA
:1063D000851882851983ECF0A3EDF0890B8A0E7580
:1063E0000A1A74151214A91272F7122EEA8A0C8B6B
:1063F0000DAE0CAF0DEA4F605A74131214A9126A55
:10640000D21264D1F0A3E91254E1E50BF0750A0051
:1064100078081211917C0B7D00EA1264641211C39A
:1064200074111214A9120FE074021214A9126472EA
:10643000A90E12406D1211C3E9F50A7016E50B247E
:10644000F960031470061242AFD2E5F0EEFAEFFBEA
:10645000122F3EA90A74021211C37F07020F137C88
:106460000B7D00EE241BFAE43FFB121A7474032226
:10647000F583E0FCA3E0FD2274F6120CB574F7126C
:10648000125BEAFEEBFF7801EA24321255F7600254
:106490007805EA1264D11254DE740412686DAA18E9
:1064A000AB19121C1EEE242F1254B424311264D6E0
:1064B000121195740212123B79031A1A12406F12CC
:1064C00011C3E9F5087007EEFAEFFB122F3E026ADE
:1064D00011123C77E822F582E43F123C6A1259B16E
:1064E00004F078082274F2120CB58A088B09ECFECD
:1064F000EDFF8A828B837405F0EC126906126C5AE8
:10650000F0EA2403F50AE43509F50B850A82F583E0
:10651000E0F50CA3E0F50DEC2425F582E43FF583CE
:1065200012147AE50C12639C350DF58312146EEC8F
:10653000126866AA0CAB0D121C1E850A82850B839D
:106540001273771266CB1266EE125E57EE242F128C
:1065500055F7C0E01266D4D0E012671A2415F58210
:10656000E438F583E412671A1250CBE4126702850F
:106570000A82850B83E02416FAA3E03400FB123074
:10658000768E828F83A3A3A3A3A3A3A3E0C0E085F9
:106590000A82850B83124F1012638238F583D0E094
:1065A0001266F9FAA3E0FB850A82850B83127064F8
:1065B000E8240BFCE439FD8A828B83E08C828D8396
:1065C0001267158A828B83A3E0F50B8C828D83A3DF
:1065D000E0450B12698DA3E0FCEA2403FA50010B9D
:1065E000ECA2E7E433C0E0E8240FF582E439F58358
:1065F000D0E0F074075C600478018002780075F0E8
:106600000374075CA428F8EA28FAE43BFBE50824B5
:1066100005F8E43509F98A828B83123C6C12698D86
:10662000AA82AB83850882850983125E5788828996
:1066300083E0F50A25E0540EFCE50AC4540FF50A80
:10664000750B007403780A121387E50A5438F8ECC6
:1066500028F8EA28F8E43BF9850882850983A3A392
:10666000A3A3A3A3A3A3A3E8F0A3E91259ADFA8EB1
:10667000828F83A3A3E02AFAA3E03400FBC3EA9845
:10668000EB9940288E828F83A3A3E0F8850882854A
:106690000983A3A3A3A3A3A3A3A3A31266E2C39AFC
:1066A00028850882850983A3A3A38016850882858F
:1066B0000983A3A3A3A3A3A3A3A3E4F085088285CE
:1066C0000983A3A3A3A3A3F0024105242BF582E42D
:1066D0003FF583221266D822E82410F582E439F5CA
:1066E0008322E0FA8E828F83A3A3A3A3E022125019
:1066F000AA88828983A3A3A322F08E828F83A3A377
:10670000E02212670622F0EE2408FCE43FFD228A14
:10671000828B83E50BF0A3E4F022F0850A82850BDF
:10672000831259A82274F5120CB58C088D09750ACC
:106730000078081211917C0B7D0002541D02115744
:10674000C082C083791812300402521AC082C083FA
:106750008A828B83E0C3940B500312308202521A58
:10676000C082C083791980DE74F7120CB5EAFEEBA3
:10677000FF901BBE125A796010901BBE1250A612D9
:10678000308E7ABE7B1B123034EEFAEFFB12302EC5
:10679000901BBEEEF0A3EFF002570574F7120CB594
:1067A00074DE12125BEAFEEBFF8A82F583E024FDC1
:1067B000601124FE601524ED600924FA600D146058
:1067C0000A803C74161214A9E4800774161214A9E6
:1067D000740112686D740B1214A9AA82AB83121C87
:1067E0002A74131214A91268861214A91252FA7488
:1067F0000A1214A91268921214A91252FA80427451
:10680000161214A97402F0EA126866740B1214A925
:10681000AA82AB83121C2A74131214A9126886125E
:1068200014A91252FA740A1214A91268921214A925
:10683000E8F0A3E91268801214A9AA82AB8312308F
:1068400076851882851983740B12687AA3E0C0E0FC
:1068500074011214A9D0E01268801214A9125962AE
:1068600074220244B0EE2413FCE43FFD22F01268CF
:106870007222EA2426FCE43FFD22F08E828F8322DE
:106880001267067417227403F09004EB1270687498
:1068900002227402F09004E712706874142274F7F4
:1068A000120CB5EAFEEBFF8A82F583A3E0F50870CF
:1068B0002CEA242F12690F7003A3E06960037508A6
:1068C000E8EA2426123B0C602AEE126906E4F0E5A1
:1068D00008700AEEFAEFFB12306AE9F508E5086085
:1068E0000F8E828F83A3E50812687A7419126924C7
:1068F000025705EE24321255F760D4901BE5E07084
:10690000CE7508E880DB2432F582E43FF58322F57A
:1069100082E43FF5831270689004E7E068228E827B
:106920008F83742C12518A12301022C082C083745B
:10693000F112125B74021214A9740412698DE0C082
:10694000E074031214A9D0E0F0EA242FF582E43BAE
:10695000127062740D1214A91252FAEA2426FCE491
:106960003BFD74041214A9AA82AB83121C1E74048A
:106970001214A9AA82AB83123058E960031269F697
:1069800074021212331223F2740F02499F12699596
:10699000A322F0A3E9F08A828B832274F6120CB54D
:1069A00074E812125BEAFEEBFF74021214A974037E
:1069B000F0EA2413F508E43FF509AC08FD7404126D
:1069C00014A912419CC0E0740C1214A9D0E0126703
:1069D00002740D1214A9AA82AB83123076AA08ABF6
:1069E00009123058E960031269F674021212331268
:1069F00023F27418801F85188285198374FFF0A311
:106A000012499779531218A69004E174FFF0A3F08D
:106A100022A90874091211C37F02020F1374F6121F
:106A20000CB574D412125BEAFEEBFF8A82F583A3E5
:106A3000A3126ACDA2E6501C9004E7126AD2242B5E
:106A40001255F7687003A3E0697009901BE6E060D7
:106A5000421230B8740B12122B74031214A9125480
:106A6000C5FCEFFDAA18AB19123070851882851984
:106A700083742B125E7C9004CCE0600874081214BE
:106A8000A9E0600B8518828519837405126AD77492
:106A90002C80829004F0E060BB123B0970B6EE24BB
:106AA00008F508E43FF50978081211957508017595
:106AB000090078081211959004E7120FE07CD87D48
:106AC000047A037906123B171211C380C2124F04D5
:106AD000E022127068EA221249971223F222C08241
:106AE000C08374EF12125B8518828519837409F0D4
:106AF00074011214A974EE126AD702499D74F71238
:106B00000CB5A2AFE433FFC2AFE9600312189412D0
:106B10001822126B627E00126B53125A79600912AE
:106B20006B53125172120E2D0EEEC3940740E812F1
:106B30003106122FF8901BFFE4F0122EE412303AC7
:106B40007AEA7B0479521218A6EFA2E092AF79009C
:106B5000025705EE125C5274C528F582741B39F594
:106B60008322126B87901BE6E0F91218BE9004E7AF
:106B70001250AA1218C49004EB1250AA1218CA7A22
:106B8000FB7B041218D0229004FAE0F91218E2906C
:106B900004F9E0F91218D62212301602521AC082F5
:106BA000C083901C0074D6F0A37430F0A374F4F08A
:106BB000A37430F0A374FAF0A37430F0A374DCF083
:106BC000A37430F0A374E8F0A37430F0A374E2F07F
:106BD000A37430F0901BD374E7F0A3741BF0A3747C
:106BE000F5F0A3741BF0A37400F0A3741CF0901BC9
:106BF000C2E4F0A3F012181C02521A02115774F7E3
:106C0000120CB5EAFEEBFF8A82F5837407126C6200
:106C1000126C5A126C62A3A3126C5AA3126C6CA36E
:106C2000A312147A8E828F83A3A3A3A312146E8E51
:106C3000828F83A3A3A3A3A3A3A3A3E4F0EC2418AC
:106C4000F582E43D1270628E828F83A3A3A3A3A377
:106C5000A3A3A3A31252FA025705E08A828B83A34F
:106C6000A322126C6CA3A3A3A3A3A322F08C828DF6
:106C7000832274F4120CB5EAFEEBFF901C0DE412B3
:106C80006D93A3E0C394064006901C0D74E8F08A4F
:106C9000828B83A3A3A3A3A3A3A3E0C3940F401554
:106CA0008A828B83A3A3A3A3A3A3E06403601590AC
:106CB0001C0D74E8F08A828B83A3A3A3A3A3A3E093
:106CC0006403700E901BC2E0A2E04006901C0D749D
:106CD000E8F0EAFCEBFD7A0C7B1C1230D08E828F40
:106CE00083A3A37808121452740A7808121212901F
:106CF0001C2078081214348E828F83A3A3A3A3A32D
:106D0000A3A3E0901C24126DA2E0901C25126DA29A
:106D1000A3E0901C26F0EE240B1255F7901C27F0F0
:106D2000EE240C1255F7901C28F0A3740AF090047E
:106D3000FAE0901C2AF0901C1D1253C07404126DCE
:106D4000AD1211917C0B7D007A2B7B1C12543012FA
:106D500011C3901C0DE0702A8E828F83A3E07022F5
:106D6000901C0EE06006901C0D74EAF0901C0EE082
:106D7000F91218EE8E828F837426F0790412198A24
:106D800080078E828F837429F0EEFAEFFB123010A9
:106D9000023B04126D9722F08A828B83A3A3A3A3E4
:106DA000A322126DA8A3A3221245F6A322F0EE247B
:106DB0000D126DB522F508E43FF509750A00780853
:106DC0002274F4120CB574F712125BEAFEEBFF901A
:106DD0001C0EE07030901C29E0640A602812190033
:106DE000E9C0E0901C29E0F8901C15E028F8A3E029
:106DF0003400F9E824F5F582E912407DD0E0F09006
:106E00001C14E004F0901C207808121452740178CD
:106E100008121212901C207808121434901C29E0D9
:106E200004F0E508A2E04006E0C3941E40D7E06409
:106E30001E7003026EBB7A297B1C79E11218A674BE
:106E4000081214A97402125E6474FFF0A3F0901C7F
:106E50000EE0600464027009EEFAEFFB1230E2808B
:106E600063E06401700679087A80800479077A8388
:106E700075082B75091C7808121195E4F508F509B9
:106E800078081211957508FF7509FF780812119599
:106E9000740612123B123B171211C3E9F874DB6837
:106EA000601474E568600F74F368600A74DF6860EA
:106EB0000574E868700EE9901C0DF08E828F837463
:106EC00029126924023AFF74F0120CB57508017595
:106ED0000900750A00750B00901C29E07808121152
:106EE0001378081213F4901C10780812134E901C9B
:106EF0000EE06403700F126F461214527808790C7A
:106F0000120BC68035750801750900750A00750BEE
:106F100000901C24E078081211139086C67808129D
:106F20001315908776780C1214527808790C120B8E
:106F3000C6901C0EE070031218FA780812118D7AB0
:106F4000177B1C023AE89004F5123AB990877678DC
:106F50000C2274F1120CB574D412125B8A088B09DE
:106F6000901C0EE06402600DE064016008E06405BE
:106F70006003027053901C0DE4F0740B12122B741A
:106F8000031214A91252FAAC08AD09AA18AB1912CF
:106F90003070901C25E0F8901C14E0C398507812D3
:106FA000741C901C14E0F50A80368E828F83A3A394
:106FB000A3A3A3A3A3A3A312706474141214A9E03F
:106FC000687003A3E069700F740B12123BEEFAEFC6
:106FD000FB121C18E97040150AEE2421FE50010F27
:106FE000E50A70C6740B12122B880C890D750E0001
:106FF000780C1211917C217D00901C14E08CF0A47F
:10700000F8A9F0A3E028FAA3E039FB1254301211DA
:10701000C3901C14E004F09004CCE0600E740812DD
:1070200014A9E07006901C25E07007AA18AB19128D
:1070300023F2901C25E06021901C14E0F8901C25A0
:10704000E06870158508828509837429F0AA08AB69
:10705000098003127110123010742C026457F582EB
:10706000E43FF583127068221250F5F92274F6128B
:107070000CB574FE12125B8A088B09EA241BF58298
:10708000E43509F583E06403707DEA2424F582E4A5
:107090003509F583E06403706EEA2413FAE43509D8
:1070A000FB794A1218A6850882850983A312741CED
:1070B0008E82F58312711C50010FAA18AB197950FA
:1070C0001218A68E828F8312711C50010FAA18AB62
:1070D00019794B1218A6EEFAEFFB79E11218A68E79
:1070E000828F83A31271281252FBAA18AB1979530D
:1070F0001218A6901C0DE4F0850882850983742976
:10710000F0AA08AB098003127110123010025A71F4
:10711000901C0D74E81269957429F022127128F000
:10712000A3E9F0EE2402FE22E0FAA3E0F9EA8518D2
:107130008285198322C082C0837A177B1C12313664
:107140001218F47904121996901C0EE0640370066C
:10715000901C0DE060097A2A7B1C79E11218A67A4E
:107160000C7B1C02520EC082C08374F512125BEAC3
:10717000FCEBFDAA18AB191230D074011214A974DB
:10718000FC126AD7740B02499FC082C08379070240
:107190006B98C082C083901C36E4F0A3F0901C383A
:1071A000F0A3F0901DDBF0A3F0A374FF126715901D
:1071B0001DDFF0A3F0A374FF126715901C3A024D77
:1071C0001C74F4120CB5901C3AE4F0A3F0901C3639
:1071D000125A796027901DDB78081214521272FE41
:1071E0001212B150171272E51272FE1212B150064D
:1071F0001272FE121434901C361252F4901C381283
:107200005A79901C3A601E125A7960111272F1126A
:107210001452901C381273011212B1500D901C3888
:107220001252F48005125A796021901DDB78081201
:107230001452901C3A1273011212B1500E901C3A63
:10724000124F091214921217B080031217B6023BA4
:107250000474F4120CB5A2AFE433FEC2AF901C3A32
:10726000125A7960781272F1121452901DDB78086C
:107270001212B1500B12165A901C3A125A79605DD4
:107280001272E5901C3A127301121132504F90871E
:107290004A7808121452901C3A1273011212B1501B
:1072A0000312165A901C3A1272F712313685088270
:1072B000850983A3A3A3A3A3A3A3A3E0F9850882BD
:1072C000850983A3A3A3A3A3A3127504EEA2E0924E
:1072D000AF120E2DA2AFE433FEC2AF809BEEA2E050
:1072E00092AF023B041217A48A088B098C0A8D0BFB
:1072F000221259CE780822123AE0AA08FB22901CEA
:10730000361259C778082274F0120CB58A088B0916
:107310008C0A8D0B74101214A9801C90874A780C6B
:107320001214528E828F83A3A3780C1212B15003D1
:1073300012165A8E828F831240F860358E828F83A8
:10734000A3A3780812133B127374687002EF69707C
:10735000CA90874A780C1214528E828F83A3A37826
:107360000C1212B150B58E828F83A3A3123AA6805D
:10737000C2023AF0901C3A127068EE2274F3120CBA
:10738000B5A2AFE433F50CC2AF901C3812741D9057
:107390001C36120FE0901DDB780812145278081288
:1073A00013D3AA08AB09AC0AAD0B12311874021240
:1073B00011C3802F901DDB78081214528E828F83A8
:1073C000A3A378081212B14013901DDB78081214A1
:1073D000528E828F83A3A378081212C68E828F8367
:1073E00012741DEE4F70CD901DDF7808121452906C
:1073F0001DDB780812129C6015901DDF12147A9024
:107400001DDB12146E901DDB12149212179E1231A6
:107410000CE50CA2E092AF7F05020F13A3E0FEA3E0
:10742000E0FF2274F0120CB5A2AFE433FEC2AFED60
:107430008C0CF50D8C828D83800C850E0C850F0DC8
:10744000850E82850F83E0F50EA3E0F50FE50E456E
:107450000F601A850E82850F83A3A3780812145239
:107460008A828B83A3A378081212B150CD850C8237
:10747000850D83125E5D8A828B83E50EF0A3E50F96
:10748000126C6C126AD2687002EB69700312310CD4
:10749000EEA2E092AF023AF074F4120CB5EAFEEB01
:1074A000FF740C1214A9C082C0831272E5D083D07D
:1074B0008278081213158E828F83A3A37808121482
:1074C000347C367D1CEEFAEFFB123124023B04744F
:1074D000F7120CB5EAFE8C828D83A882A9831275FF
:1074E00004E58245836018EE65827003EB65837066
:1074F000E91250A688828983125E5D790180027943
:1075000000025705E0FAA3E08A82F5832274F7129D
:107510000CB5EAFEEBFFA2AFE433F508C2AF7C3650
:107520007D1C123130E9700B7C387D1CEEFAEFFBCC
:10753000123130127374687002EF69700312310CEB
:1075400002431CC082C08390040512766712790C36
:10755000901C57E0F4601B900407127F25603512E1
:1075600075A5F8901C57E068602112790280E81236
:107570007902900407127F25601A127B6312759AB4
:1075800060EDC394F150E8A3E060E41278B0FAA390
:10759000E0FB80047A007B00801AA3A31278C288E3
:1075A00082F583E022E0F5838882A3A31278BAE013
:1075B00022127F02D083D08202115774F6120CB5CA
:1075C00074F112125B851882851983E4F0A3F0121E
:1075D00021AC8A088B09AE08AF09EA4F7003027626
:1075E000621232028E828F83A385820885830912FC
:1075F0007F116067E8127FACC39481405E8E828FFA
:1076000083E0704E850882850983127667740312C1
:1076100014A912790F74021214A97404F0EE240351
:10762000FCE43FFD74051214A9AA82AB8312244C1A
:107630007402121233122488E970051278E3802252
:10764000AC18AD19850882850983127BDC7901129B
:1076500031F68518828519831278A9EEFAEFFB12AC
:107660001B3A740F027BE612766B221278C2F92263
:1076700074EC120CB574EB12125BE9FE8A128B13D8
:107680008C0E8D0F900407127F2570030278657FA2
:10769000001278B0F50AA3E0F50B901C45E0F470F9
:1076A00003A3E0F460217C587D1C7A01850A828561
:1076B0000B83E0F9121C6C901C45127EDC740812DE
:1076C00014A97401F0801674081214A97403F0EE62
:1076D000600BAC18AD19AA12AB1312245E7508002A
:1076E000E50A2404F50CE4350BF50D80507509010D
:1076F0007809121199EEF50978091211997402129C
:10770000122B88108911781012119590042A120FEB
:10771000E0900423E0FD900429127886A3A3A3122D
:1077200078C71211C3E9F50974B26970030277B022
:10773000E970087F01EE70030277BF0508127895A3
:10774000A3A3A3E0F8E508C39840A274B26509605A
:107750005FEFA2E05003EE6057750800800AE97001
:10776000057F01EE60590508127895E0F8E508C339
:1077700098503D7509007809121199EEF5097809BC
:10778000121199740212122B88108911781012119B
:107790009590042D120FE0900423E0FD90042C122C
:1077A00078861278C71211C3E9F50974B26970AE10
:1077B000EFA2E0507BEE600712786F74FF80051235
:1077C000786F7480F0901C45E0F50CA3E0F50D7423
:1077D000FF650C700474FF650D605E74091214A9D6
:1077E000E512F0A3E513F074111214A97402F090DD
:1077F0000423E0C0E074121214A9D0E0F075080070
:10780000780812119975105175111C781012119584
:10781000780C1211957D017C00740E121233850ACA
:1078200082850B83E0F9121DAA74051211C3800929
:10783000850E82850F831278A974B26509700512CE
:1078400078E38021901C57E0F4701A800D1275A522
:107850006008C394F1500302768F127902900407F6
:10786000127F2570E874151211C37F0C020F138567
:107870000E82850F83127879221278C2C8240CF503
:1078800082E438F58322E0FCA808E828F8E433F91C
:107890008A828B8322850C82850D83127BE08A820B
:1078A000F583A3A3A3A3A3A32212787974FFF022E4
:1078B0001278B7A3A3E0229004071278C2F5838858
:1078C0008222E0F8A3E022A3A3A3A3A3A3A3E0281A
:1078D000FAA3E0398A82F583127ABFE0F91231DE29
:1078E000740622900403E4F07A40FB127D9B7A2315
:1078F0007B041214BC7A007B40127D9B790C12230E
:1079000068221278B712766B12790C22900407E87D
:10791000F0A3E9F02274F7120CB574ED12125BEAD1
:10792000FEEBFF851882851983E4F0A3F07508004B
:107930001232021278B0127B61A3E0A2E04003028F
:1079400079DAEE2413F582E43FF583127DA4A3E0F7
:10795000FC88828983A3A3E0FB74021214A9EC12B1
:107960007F03740A1214A97402F07C237D04E824B6
:1079700004FAE439FB1221C474021214A9127F1113
:107980006058740B12123B851882851983127B6232
:10799000127BDC12245EE9600575080180188518E9
:1079A00082851983127DAF240DF582E438F5837446
:1079B00023F0A37404F0AC18AD1974021214A912C8
:1079C0007BDCA9081231F6851882851983127F0C99
:1079D000F470077A237B041214BC7413027B7C744A
:1079E000F2120CB5750800EA2404FEE43BFF8E8217
:1079F000F583127AA3750C1B750D81780C12119505
:107A00007C18127AAB1211C3E96401700375080285
:107A1000127A9F780C1211957C18850A82850B8347
:107A2000127BD2850A82850B83127A8E1211C3E9EA
:107A300064017006E508D2E0F508127A9F750C849F
:107A4000750D80780C1211957C31127AAB1211C32E
:107A5000E964017006E508D2E0F5088E828F831292
:107A60007667E8FE780C1211957C318E828983123C
:107A70007BD28E828983127A8E1211C3E9640170DF
:107A800006E508D2E1F508A9087F06020F13A3A3B3
:107A9000A3A3A3A3A3A3A3E0F91221347402228E0B
:107AA000828F831278C2880AF50B22850A82850BA1
:107AB00083A3A3A3A3A3A3A3127ABF127A9122E064
:107AC000FAA3E0FB850A82850B832274F4120CB5BD
:107AD00074FE12125B127EFCE9FEECFF8D0874133B
:107AE0001214A9E0F9851882851983E0FA1214E6C8
:107AF000E97024A818A919880A890B780A12119527
:107B00007C0174101214A9127BDCEFF91221347479
:107B1000021211C3E9700479B1803B74121214A9E6
:107B2000E06031900430127F256029780A121195A7
:107B30007D01AC0874121214A9127BDCEEF99004DA
:107B400030127B60120E2D74021211C3EA4B7004C6
:107B500079B28002790074021211C37F04020F13FC
:107B6000E0F8A3E0F58388822274F7120CB5E9905F
:107B70001C47F07A0179061231D880031211C37FB5
:107B800001020F1374F6120CB5EAFEEBFFEA2407AC
:107B9000F8E43F8808F5098882F583127BDCEA4B1C
:107BA000600D121B3A850882850983E4F0A3F0EE8C
:107BB000240AF8E43FF9E8FEE9FF8882F583127BA6
:107BC000DCEA4B600B121B3A8E828F83E4F0A3F049
:107BD0008017A3A3A3A3A3A3A3A3A3A3127BE02221
:107BE000E0FAA3E0FB221211C37F02020F13C0824E
:107BF000C08390041F0275B174EC120CB5EAFEEB61
:107C0000FF8C088D09EA4F6048900403E070078AF2
:107C1000828B83E4803A7A407B00900404E0F9127E
:107C20001C068A0C8B0D8C0E8D0F9086F2780C1230
:107C3000131590869A7810121452780C7910120C41
:107C40004675F00F900403E014A4250C8E828F83F8
:107C5000F0E5084509600B900403E085088285097A
:107C600083F002786AC082C0839004210275B174E7
:107C7000F6120CB574F412125BE9FF8518828519AF
:107C80008374FFF0A3F074081214A97402F074094D
:107C90001214A974FFF0123142E9F9E4F508F5096C
:107CA00078081211957808121195E9F508780812EC
:107CB0001199E4F5087808121195750801780812F1
:107CC0001199750800780812119975080178081241
:107CD000119978081211997C037D00740B121233EC
:107CE000EFF9121C7E740B1211C3E9FE7017908716
:107CF0005E120FDC7A007B40900404E0F9121BF462
:107D000074041211C3EEF9740C027BE674F6120CC3
:107D1000B5EAFEEBFF127D93EEFCEFFD7A097B04E2
:107D2000123160EA4B605D8E828F83127DA4127DDA
:107D3000B4F088828983E0FCA3E0FD8A828B83EC27
:107D4000F0A3EDF088828983A3127DB4A3F08E8224
:107D50008F83127DAF240AF582E438F583127667AB
:107D60008A828B83A3A3A3A3A3A3A3A3A3A3127910
:107D70000FEA127FB1E4F0EA240DF582E43BF583CB
:107D8000E4F0A3F07A007B40900404E0F9121AE6D4
:107D9000027BE97A007B40127D9B22900404E0F98B
:107DA000121C002212766B8882F5832290040B123B
:107DB00078C2C822A3A3A3A3A3A3A3A3E08A828B10
:107DC00083A3A3A3A3A3A3A3A32274F7120CB57444
:107DD000F712125B9085B4AC18AD1974091210D368
:107DE00090040B127F257011127EE97042900409F5
:107DF000127F25702C790B802A90040BE0240CF85C
:107E0000A3E034008882F583E0A2E75022547FC3C8
:107E10009404401B90040D127F25700D127EE970B2
:107E20000E7900122368027ED790040B12790F900E
:107E3000875E120FDC7A007B40900404E0F9121B8D
:107E4000F474041211C390040FE0640890040B60F2
:107E500069127B60127EDC127DAC2408F582E43866
:107E6000F583E0C0E074081214A9D0E0127F080482
:107E7000127F08A2E750157D007C00790090040B6A
:107E80001275ACFAA3E0FB1221F480347508007877
:107E900008121199127DAC2409F582E438F583E0CB
:107EA000F990040B1275ACFCA3E0FD7401121233BF
:107EB00012220074011211C38006127F0CD2E6F068
:107EC000127DAC240FF582E438F583127BDC1214AA
:107ED000EC90040D127F027409027B7C12766B8594
:107EE000188285198312790F22900409127BE012FF
:107EF00014EC90040B127F02F9EA4922851882855E
:107F00001983EAF0A3EBF022F090040B127879E0E9
:107F100022127BE0900423E0F91214F2127EFC8519
:107F2000188285198312766BE8492274F7120CB512
:107F3000E978006023E825E0FCE433FD741B2CF5B0
:107F40008274813DF583E06A7003A3E06B602308CF
:107F5000E8C39418502780DDE825E0FCE433FD7485
:107F6000842CF58274803DF583E06A7003A3E06B96
:107F700070047900800908E8C3943140DB7901027C
:107F80007B7FC082C083800CEA240FF582E43BF53E
:107F900083127BDCEA4B600DEA127FAC547FC39402
:107FA0000450E580047A007B000275B4127FB1E0D2
:107FB00022240CF582E43BF58322C082C083900426
:107FC000098009EC240FF582E43DF583E0FCA3E091
:107FD000FDEC4D60248C828D83E06A7003A3E06B1E
:107FE00070E18C828D83A3A3A3A3A3A3A3A3A3E087
:107FF0006970D0ECFAEDFB80047A007B000275B466
:020000040001F9
:10800000FE050400BE1EFEFE0400BE1EFEFE0400B1
:10801000C41EFEFE0400D01EFEFE0000000000FE96
:108020000400F41EFFFF0004BE1EFE0E0400BE1E70
:10803000FEFE0400EE1EFEFE0400EE1EFEFE040028
:10804000EE1EFEFE0400BE1EFEFE0400BE1EFEFE70
:108050000400BE1E07FE0400BE1EFFFF1F04DC1E40
:10806000FFFF1F04DC1EFFFF1F04E21EFE140400BE
:10807000BE1EFEFE0400CA1E12FE0400BE1EFFFF4E
:108080001F04E81E07000A000C000D000E000F0080
:108090001000110012001300140019001B00000151
:1080A00001010002010202040004010403040404AB
:1080B0000504060400050206030604060506060676
:1080C0000706080609060A060B060C060D060E062C
:1080D0000F06100611061206130604070009000B0E
:1080E000010B020B030B0000000000000000000069
:1080F0000000000000000000000000000000000080
:10810000000000000000000000000000000000006F
:10811000000000000000000000000005000600084C
:10812000000900160002010202030200030103011C
:1081300005020500060106040B14061506170600C5
:1081400007010702070307040900090000000000F7
:10815000000000000000000000000000000000001F
:10816000000000000000000000000000000000000F
:108170000028308E2A762A72167C270C28841FE667
:1081800020361C7831301F521E10546578617349B7
:108190006E737472756D656E74733C20544F4747EF
:1081A0004C45204C49474854203E00103230303670
:1081B0003038333120202020202020203C46494EDA
:1081C000444E472B42494E444E47203E00544920DE
:1081D00053616D706C65205377697463680020206B
:1081E00020202020202020203C494E464F3E005495
:1081F00065786173496E737472756D656E74730022
:10820000202020202050414E2049442020202020A2
:10821000003C2020202050414E2049442020202096
:108220003E004E4D2D656E65726779206E6F74202D
:108230007570003C4E574B20464F524D4154494FAC
:108240004E203E003C204E574B205354454552494A
:108250004E47203E00202020203078202020202063
:10826000202020202000202020203078464646462E
:108270002028616E79290020534543204348414E10
:108280004C204D41534B200020505249204348413F
:108290004E4C204D41534B20003C53454320434816
:1082A000414E4C204D41534B3E003C5052492043DF
:1082B00048414E4C204D41534B3E006E78787878C3
:1082C00020637878206178787878200031323334F0
:1082D000353637383930313233343536003C2020AA
:1082E00020415050204D454E552020203E0020205A
:1082F0002020202020494E535420434F4445003C29
:1083000041504C5920494E535420434F44453E0060
:108310005465786173496E737472756D656E7473AC
:10832000004552524F52202830782020292020200A
:1083300020003C53455420494E53544C20434F4455
:10834000453E003C41444420494E53544C20434F49
:1083500044453E003C2020434F4D4D495353494F27
:108360004E20203E00496430303020537263683024
:1083700030302F303000787820202020202020201E
:1083800020202020202000506C65617365207761DB
:1083900069742E2E2E2020004F4B20746F2065789C
:1083A00065637574652020200018201920636861BA
:1083B0006E67652076616C7565001B201A20746FEE
:1083C000206D6F76652020202020003C202020207A
:1083D0002048454C5020202020203E00686F6C64CF
:1083E000204F4B20666F722068656C70003C2052F5
:1083F0004553455420544F20464E20203E003C20FB
:1084000020434F4E4649475552452020203E003CD0
:1084100020202020204241434B20202020203E00CD
:10842000FF0000000000000000000000000000004D
:1084300053746172744465766963652045525200D5
:10844000527370204E6F6E204D61746368656400D6
:108450004F727068616E20526573706F6E73650045
:10846000000000000000000000000000000000000C
:108470004173736F6320527370206661696C0041B1
:1084800073736F6320436E66206661696C004D6193
:1084900074636820446573632052657100506C6595
:1084A00061736520776169742E2E2E000000000034
:1084B00000000000000000000000005A69674265EB
:1084C0006520436F6F7264004C6173742073746134
:1084D0007475733A00456E65726779204C657665F0
:1084E0006C00000000000000000000000000004DD3
:1084F0004F444520756E6B6E6F776E004F54412070
:10850000435243204661696C004E6F6E204D61748A
:108510006368656400FE010400D61E00FE04046664
:108520001F00000000000000000000000053636115
:108530006E204661696C6564000B616C61622E732C
:1085400077697463684E6574776F726B2049443A3B
:1085500000526573657474696E672C00000000003A
:10856000000000000000FFFFFFFFFFFFFFFFFFFF15
:10857000000000000000000000004173736F6320E2
:10858000436E660000000000000000000000FFFFD6
:10859000FFFFFFFFFFFFFFFFFFFFFFFFFFFFFFFFEB
:1085A000FFFF44495341424C4544005273702053ED
:1085B000656E74000000000000000000005A5220A8
:1085C0002820202029004E6F744F6E4E776B00FFDD
:1085D000FFFFFFFFFFFFFF00000000000000005A48
:1085E000522044495354005A522043454E540045AA
:1085F0004E41424C4544005355434345535300FFBD
:10860000FFFFFFFFFFFFFF53756363657373005048
:108610006172656E743A00FFFFFFFFFFFFFFFF52BC
:108620006F757465723A00FFFFFFFFFFFFFFFF43A6
:108630004C4F534544004661696C6564000508056C
:1086400000080174494545453A20005A45442070C8
:108650000082003A003B0003000600040000000016
:1086600000000000000300070053656E74004F70A7
:10867000656E0045585354004A4F494E00464F52CC
:108680004D00FEFFFFFF9751180000010000000899
:108690000000FFFFFFFF000000FFE80300000400F0
:1086A000000078FFFFFF0100040088000000004880
:1086B00000002D2D2D00010000800000FFFF19009B
:1086C00000006400000001000000A600000012008D
:1086D00000000000FF0000FF0000FF00000000009D
:1086E0000200000001000600000020000000FA0067
:1086F0000000E70300000B00000060EA0000307596
:1087000000008C0000001EF1EE0BF40100000104DB
:108710004001400100001EF1EE0B10000000D007E8
:108720000000E9030000140000000A000000B80B7C
:108730000000100E0000983A00003C000000E71F07
:108740000300F8FF000019E0FCFF00000000C80073
:108750000000E204000058020000BC020000881380
:10876000000000E1F50500F8FF07320000001027C7
:10877000000038000000300000002D2D004E4600A3
:108780004E5300464200494E005A43003A20002111
:10879000000000000006000C00190030000100007D
:1087A00000010C74F7120CB5E9901AD2F0901A87F8
:1087B000E4F0121A20901AEAE4F0A3F0901AD3F031
:1087C000A3F0122D401224AC12265C121A26901926
:1087D000E8E4F0A3F01223D402B47674F0120CB5DE
:1087E00074D312125B12D9DE54806066901AD2E004
:1087F000F9121ABC8A088B09AF09EA4F604C7C0059
:1088000080010CEC75F003A4F8A9F0742F28F58210
:10881000743939F583E493F46029E493F88A828B00
:1088200083E06870DDEC75F003A4F8743028F582FD
:10883000743939F583E493C0E0740193F583D082F1
:10884000120E2DAA08EFFB121AAA12F30E64800270
:108850008C78851882851983A3E05420601F122B21
:108860009C8A088B09AF09EA4F600A122AB8AA0845
:10887000EFFB121AAA12F30E6420028C788518827C
:10888000851983E054207003028B3F7A207B00120D
:10889000A860701A901AE612147AE8494A4B700ED2
:1088A000750801750900750A00750B00806D750C5F
:1088B00000750D00750E00750F00121C128A088BD2
:1088C000098C0A8D0B901AE612147AE8494A4B601B
:1088D00031901AE67808121132400E750CFF750DB2
:1088E000FF750EFF750F7F801985080C85090D8CAB
:1088F0000E8D0F901AE6780C1212437401780C1248
:108900001212850C08850D09850E0A850F0BE508E6
:108910004509450A450B7003028A9C7C0079047A5C
:10892000007B00122B608A0C8B0DAE0CAF0D028900
:10893000E274021214A974FFF074031214A974FFF4
:10894000F074041214A974FF12A4FEFAA3E0FB74DD
:108950000712123B12933CE964017068128C844444
:1089600080F8A3E0F974281214A9E8F0A3E912E949
:10897000FEE0C0E0742A1214A9D0E012B6ED54084B
:10898000601674281214A9A3E04401128CA6C0E05A
:10899000742C1214A9D0E0F012CF906011E8240BCF
:1089A000128C8EF874161214A9E8F0A3E4F09087E4
:1089B0004A120FDC740612123B740B121233129D12
:1089C000DD1211C38E828F83A3A3A3A3A3A3A3A3AA
:1089D000A37406128CA6F9122B4274051214A91264
:1089E000E14DEE4F7003028A9C7C007904EEFAEFB1
:1089F000FB122B6074051214A912D9E48E828F83A6
:108A0000A3A3A3A3129007E4F50EF50F7808790C41
:108A10001214144021EE2404F8E43FF985080C8573
:108A2000090D8882F583C3E0950CF0A3E0950D1243
:108A3000F06A70A6800C8E828F83A3A3A3A3E4F0B8
:108A4000A3F08E828F83A3A3A3A3A3A3A3A3A3A313
:108A5000E064018E828F83A3A3A3A3A3A37020E06D
:108A6000540460030289318E828F83A3A3A3A3A33E
:108A7000A3A3A3A37406F07AB7128C960289DAA393
:108A8000A3A3A3E060030289318E828F83A3A3A3F3
:108A9000A3A3A3A3A3A37401F00289DA122B307C51
:108AA0000079017A007B00122B60EA4B600312C848
:108AB000A17C0079047A007B00122B60EA4B7014D1
:108AC00080458A828B83A3A3A3A312CF80C3EE9891
:108AD000EF99400B8A828B83A3A3A3A312E14D7C61
:108AE000007904122B608B0BA90BEA4970D4C3E503
:108AF000089EE5099F500DC3EE9508FEEF9509FF0E
:108B0000EE4F700C12C8A1901AE612A9F9F0802459
:108B1000EE2EFEEF338E08F509E4F50AF50B780822
:108B200012118D7A20128EAA1211C3121C12901AE1
:108B3000E6121486851882851983E064208037E068
:108B40005410600E122698851882851983E06410EF
:108B50008024E05440600E12270A8518828519830C
:108B6000E064408011E05480601212257285188202
:108B7000851983E06480FAA3E0028C78A3E05401B5
:108B8000600B122D1612F30E6401028C7885188288
:108B9000851983A3E0540860401226689019C8E044
:108BA0006401702D9019C9E06027F508E4F509F516
:108BB0000AF50B90869A780C1214527808790C12E8
:108BC0000BC6780812118D7A007B0812E1DC1211B5
:108BD000C312F30E6408028C78851882851983A36A
:108BE000E054106013901AE4E06005E4F012266887
:108BF00012F30E6410028C78851882851983A3E025
:108C00005440603A901B0B12CF97602B901DAEE042
:108C100064017023901B0C12C84D120E2D901B1175
:108C200012CF97600612C84D120E2D90869A120F21
:108C3000DC12E1D81211C312F30E6440803A851899
:108C400082851983A3E05402600A122D1012F30EDC
:108C500064028024851882851983A3E05404601B74
:108C600012CE75901DC1E0640270031231E47901E7
:108C700012A35712F30E6404FB80047A007B007485
:108C80002D02D9ECEE240D129E7522E82406F58201
:108C9000E439F583E0228E828F8312DD2012F2DF29
:108CA000E0F9122AA02212B6F2A3A3E022E8F0A370
:108CB000E9F0901A8512BB522274F7120CB574DADF
:108CC00012125BEAFEEBFFEA4F602DAC18AD1912F1
:108CD0002BC674061214A9E0601E74171214A9E0C2
:108CE000FD74011214A9E0FCEEFAEFFB79001229E1
:108CF000E0E9600479A480027900742602B47374F8
:108D0000F4120CB58A088B098A828B83A3A3A3A3D0
:108D1000A3A3E0544060498A828B8312930F6006BC
:108D20007AFF7BFF8016850882850983128E447442
:108D3000FE6A700374FF6B7003028DF585088285EF
:108D4000098312C30B12D9E4122C7AE985088285B3
:108D500009837003028E0712B312E4F0A3028E0B94
:108D6000901A72E0A2E14003028DF58A828B831291
:108D7000DE3E12CDB0A3A3128E3BA3A312D8A085D2
:108D800008828B83A3A3A3A3A3A3A3E0541060042E
:108D9000794080027900750AFE750BFF780A12117E
:108DA00095128E31120FE0EAFCEFFD8508828B836D
:108DB000128E4412266E74041211C3EE6A7002EF12
:108DC0006B600F128E31E06A7003A3E06B600302E8
:108DD0008D2F750A00780A1211997902850882850B
:108DE000098312B6E0FCA3E0FDEEFAEFFB122CBC07
:108DF00074011211C37ECDEEFA85088285098312B3
:108E00008C9AE96018802512F327E4F07C947D2A7F
:108E100085088285098312ADC2E9FE70DAE508454E
:108E20000960097901AA08AB09122B3CEEF902ABE3
:108E3000E9E50812C5CF3509F58322A3A3E0FA8836
:108E40008289832212B6E4FAA3E0FB2274F6120CA4
:108E5000B5E9FEEAFF7A0F7B00121AA4EA4B601A0A
:108E60008A828B83740CF0EEA3A3F0EF8A828B834B
:108E700012B1DD12CCD27900802BEEF9122B668B69
:108E800009A909EA49601C8A828B83A3A3A3A3A32F
:108E9000A3A3A3A3740612B1E6E0F912271CEEF90E
:108EA000122B42791002C67B7A017B00901AD2E025
:108EB000F9121BF474042274F2120CB5EAFEEBFFF3
:108EC0008C088D09890A740E1214A9129007850C5A
:108ED00082F583E4F0A3F0EA12902F601E8E828F59
:108EE0008312902070158E828F83A3A3A3A3A3A3C4
:108EF000A3A3A312DB7512CDCA8003750A00EE246A
:108F00001D12B6DA14602E14604314606014606899
:108F1000146048147003028F9B24FE7003028FB804
:108F2000147003028FC1147003028FD414700302F3
:108F30008FE2028FF8780C121195AC08AD09EEFAA9
:108F4000EFFB12268074021211C3028FDDAC08AD54
:108F500009EEFAEFFB12268602900212900F6003D0
:108F6000028FF8EEFAEFFB1226CE029002A90AEE6B
:108F7000FAEFFB122CC28065EE241712B9FF6402CF
:108F80007076E50A700A12E0707003A3E0697072EF
:108F9000EEFAEFFBA90A122C50804212E070700327
:108FA000A3E0697053EE241712B9FF64027049EE12
:108FB000FAEFFB122C38804AEEFAEFFB122D3480C8
:108FC0004112E0707003A3E069702DEEFAEFFB121E
:108FD0002CCE802EEEFAEFFBA90A122CDAE9F50A64
:108FE0008020901DAEE064017009EEFAEFFB122CB8
:108FF000E0800F750A00800A750A007AD37B0012A0
:1090000020DAA90A02ACE2E0F50CA3E0F50D228E0D
:10901000828F83A3A3A3A3A3A3A3A3A31293162224
:10902000A3A3A3A3A3A3A3A3A3129316640222241E
:109030001DF582E43FF58312B6E4F9122C5CE922B7
:1090400074F4120CB574D612125B8A088B098A82EA
:109050008B83A3A3E0F9122B668A0A8B0BAE0AAFAF
:109060000BEA4F700302915A850882850983A3A8F1
:1090700082A983E0C0E0EA12BF72D0E012B064645B
:10908000F16033850882850983A3E064CD6027857C
:109090000882850983A3E0641A601B85088285091C
:1090A00083A3E064E9600F850882850983A3E064F7
:1090B000E160030292228A828B83A3A3A3A3A3A3CA
:1090C000A3E0540870030291628A828B83A3A3A356
:1090D000A3A3A3A3A3A3740512CF9DE064E9604BEF
:1090E000901B0712CF97600612C84D120E2D901BD1
:1090F0000912CF976035901A72E0A2E1502D8E824E
:109100008F8312D1B4A3A3A312BA148882898312C5
:10911000D89C122D70EA4B6012850882850983A3C2
:10912000E0F9901B0912C30B120E2D8E828F83A3C0
:10913000A3A3A3A3A3A3A3A3E0640270108E828FB2
:1091400083A3A3A3A3A3A3A3A3A37406F085088268
:10915000850983A3A3E0F9122B42122B30742A0253
:10916000ABE67900122B3CE97003029222901A724E
:10917000E0A2E1507E8E828F8312DE3E12CF956098
:10918000728E828F8312D89C740412123B12933C0D
:10919000850882850983A3E064E9701B1292FA12A4
:1091A0001199850882850983A3E0F50A780A1211CE
:1091B0009912931F1211C3740D1214A912CF8412A5
:1091C000EF9C12CDCA74091214A9E06004794080A2
:1091D000027900740F1214A912BA14740D1214A992
:1091E000129DF6600E8E828F83A3A3A3A3A3A3E098
:1091F0004420F0EE2404F50AE43FF50B8E828F83C1
:10920000A3A3A3A3A3A312BA14850882850983127A
:10921000B044121A32850A82850B83EAF0A3EB026E
:1092200090D8850882850983A3E0C0E074021214F7
:10923000A9D0E012F611F012CCC6E0C0E07403121F
:1092400014A9D0E012E7D8E0AA18AB1970201225B3
:10925000C074021214A9E0701812930B7031901BA5
:109260000712CF97602912C84D120E2D8003122CC1
:109270005674021214A9E064E970141292FA1211E1
:1092800099750AE9780A12119912931F1211C39065
:109290001A72E0A2E1400302912B8E828F83A3A376
:1092A000A3A3A3A3A3A3A3E0640270358E828F833C
:1092B000A3A3A3A3A3A3E05404602612930B8E825E
:1092C0008F83700F12C30B74FFF0A312A882740572
:1092D00002914CA3A3A3A3A3A3A3A3A374030291EA
:1092E0004C850882850983A3E064E9600302912B21
:1092F000EEFAEFFB122CEC02912B8E828F8312BBC5
:1093000052E8FAE9FB750A01780A228E828F8312ED
:10931000C30F1293162212F318FB122C7AE922E5DE
:109320000812E7E53509F58312B52BA3A3A3A3A380
:1093300012D88712B35A122BFC740222EA241EF5AB
:1093400082E43BF583E012D19012B35A122BC6226D
:1093500074F2120CB5EAFEEBFF750A007508008A7C
:1093600082F583A3A3A3A3A3E06038750A0812D8EB
:109370008F79FF122818EA4B6010750A2C8E828FA5
:1093800083A3A3A3A3A3E0D2E0F08E828F83A3A341
:10939000A3A3A3E054036401600302944B430A11A6
:1093A00002944BEA241812B9FF6047EA241A12B952
:1093B000FF6003F4701E8A828B8312E0747003A333
:1093C000E0697006750A2202944B901A87E06404E3
:1093D00070798019EA241B129460241A12B9FFFADA
:1093E000EE241912B9FFF91226E0E9705E75080142
:1093F00080598A828B831290207003750A0112E0D3
:10940000707003A3E0697006E50AD2E1F50AE50A87
:1094100060158E828F83A3A3E07006E50AD2E580F3
:1094200004E50AD2E6F50A12900F64017006E50A17
:10943000D2E0F50A8E828F83A3A3E0600EEE129035
:109440002F64016006E50AC2E0F50AE50AA2E140E0
:109450000CE508A2E04006E50AD2E7F50A02900210
:10946000F582E43FF58312BA18EA2274F0120CB5C3
:1094700074C112125BEAFEEBFF85188285198374B2
:10948000FEF0A304F074021214A9E4F0A3F0750D29
:1094900000740712123B8A828B83A3A3A3A312B585
:1094A0003312D89A122BC6E970030296F978017428
:1094B000091214A9E0C3940240027800740B12143C
:1094C000A9E0C394024002780074101214A9E06469
:1094D000F87003A3E0F470030296F974101214A953
:1094E000E064F97003A3E0F470030296F9741012BB
:1094F00014A9E064FA7003A3E0F470030296F9740F
:10950000101214A9E064FB7003A3E0F47003029648
:10951000F9740A1214A9E0F9901A75E0696003025F
:1095200096F9E8A2E040030296F912CF777426126A
:1095300014A912BA44241C12CF7A74141214A9125A
:10954000CDCA740D1214A9E0601D741E1214A9E096
:10955000FD74081214A9E0FC8E828F8312D89A79C8
:10956000011229E0E9703B7407121233122AB2E9A2
:10957000F50C740D1214A9E0702D901A6FE060279D
:109580007422596422602074425964427014742415
:109590001214A9129E0A600F74241214A9129DEFCE
:1095A00060057ACF0296FBE9A2E6505F901A72E05E
:1095B000A2E1742450111214A912B6E01210650130
:1095C000010BE39500F9961214A912B6E024FD6090
:1095D0001214600F24FD600B24FD600724FE60035D
:1095E0000296F974241214A9129E3B700E74241270
:1095F00014A912C84CA3E0640D6010740712123352
:10960000122CB6E964017003029DC3129DD312A40B
:10961000F57003A3E069701F7508007808121199AE
:109620007808121199EE242F12B9FFF9129E4212F6
:109630002BFC74021211C3740D1214A9E070030202
:1096400096DC129E42122D708A0E8B0FEA4B70032D
:1096500002970374081214A9E0F88E828F83A3A3E3
:10966000E028F8A3E03400F9E8240D128C8EF88A83
:10967000828B83A3A3A3E0686010E88A828B83A314
:10968000A3A312B1D6F0A3F0A3F0790474081214C6
:10969000A912A85BE02AF8A3E034008882F583A32E
:1096A000AA82AB83121A928A088B098C0A8D0B85C9
:1096B0000E82850F83A3A3A3A3780812113240035F
:1096C000029DC39086C67808121315850E82850FF9
:1096D0008312F345A3E50AF0A3E50BF0901A72E0BC
:1096E000A2E14003029DC3742B1214A9E0605774D9
:1096F000121214A9129E1E703F7AD37B001220DA38
:10970000029DC3901ACCE0640170D174241214A994
:10971000129E0A7006E50CA2E640C174141214A948
:10972000E0F47003A3E0F4600CEEFCEFFD740712AC
:109730001233122ABE029DC38E828F83A3A312C34B
:109740000BA3E0C2E5F074181214A9E06017129D93
:10975000E312EF8E1412F451129DC8F8741812140B
:10976000A9E8F07006E50CC2E7F50CE50CA2E350A1
:109770006B74021214A9E4F0A37410F0E50CA2E2D9
:109780005018740C1214A9E054E3F0740C1214A9CC
:10979000E0131313541FF8E0802CA2E4502A740C39
:1097A0001214A9E01313543F5407F86009740768B2
:1097B000600B18E87007C3E50CC2E7F50CE833331B
:1097C00054FCF8E054E348F0740C1214A9E0C0E033
:1097D0008E828F83A3A312B122D0E0F0901A87E08B
:1097E00064046008E0640960030298B07410121405
:1097F000A912E07D7003A3E069601974101214A926
:10980000129029600F740C1214A9E05403640160D3
:1098100003029DC374091214A9E0703FEE242F12B5
:10982000B9FFC0E074041214A9D0E0129E6DC0E02C
:1098300074051214A9D0E0129E65C0E074061214DB
:10984000A9D0E0129E5A120FDC740812123B740B5E
:10985000121233129DDD1211C3805274241214A906
:1098600012D1AE7016741E1214A9E06402703E7418
:10987000071212337900122C50803274241214A96A
:10988000129DEF7014741E1214A9E06404701E740B
:1098900007121233122C44801474241214A9129E3D
:1098A0003B700A79007407121233122CC2029DC356
:1098B0007461550C70030299C0E50CA2E05075125A
:1098C000BA0B7407121233122710E97064122BF6C8
:1098D000E9F50D74181214A9E0701574121214A988
:1098E00012B03F241312B9FF687003A3E06960440B
:1098F000A90D12BA0B7407121233122716E960264B
:10990000E50CA2E3500C85188285198374FFF0A33F
:10991000800874101214A912F449F074021214A9E8
:10992000E04404F0800EE50CC2E5F50C750D0080F6
:1099300003530C9FE50CA2E5503DEE242F12B9FF16
:10994000C0E074041214A9D0E0129E6DC0E074054A
:109950001214A9D0E0129E65C0E074061214A9D0BA
:10996000E0129E5A120FDC740812123B740B121292
:1099700033129DDD1211C3E50CA2E64003029C7177
:10998000A818A919880889097808121195A90D1233
:109990009E00121233122AA674021211C3E9F50DA9
:1099A0007003029C7174241214A912B6E064016061
:1099B00003029C7174021214A9E04410F0029C711D
:1099C00074091214A9E06401705974241214A912C4
:1099D000B6E06405701EA818A919880889097808D6
:1099E000121195129DFE121233122AA67402121140
:1099F000C3029DC374241214A9129E3B70257410D7
:109A00001214A9129E1E601BA818A919880889099A
:109A10007808121195129DFE121233122AA67402B2
:109A20001211C374181214A9E0702574091214A934
:109A3000E06401700C74241214A9E0F8129E3B60DB
:109A40000CEEFCEFFD7407121233122ABE029DC306
:109A5000122B36E96003029DC3741F1214A9E07033
:109A600003029AFD74221214A912BA14742112145A
:109A7000A9E0FA74201214A9E0F91226E0E9607056
:109A800074211214A9E0701B74101214A9129E10F4
:109A900012C073FAA3E0FB1224D6EA4B6003029CC7
:109AA0006B804274221214A912D89C74211214A93A
:109AB000E0F91226DA12D9DE7808740F1214A9E040
:109AC00060027810740E1214A9E06004740828F87B
:109AD000740C1214A9E0600108088E828F83A3A37E
:109AE00012C33B14F074021214A9E04440029C6AB1
:109AF0007508007808121199790B029C25741012D0
:109B000014A912CDBF740B1214A9E06003029C408B
:109B1000E50CA2E35003029C4074091214A9E0640E
:109B20000160687900851882851983129F098B0965
:109B3000A909EA49601C8A828B83A3A3A3A3A3E09B
:109B4000640160478A828B83A3A3A3A3A3E064027A
:109B50006039129DD312BCC0FB122D708A828B8398
:109B6000E58245836010129E32600BC3940895E035
:109B7000C365D033401574121214A9129E1E7003CF
:109B8000029C1B740B1214A97404F07400F508787D
:109B90000812119974201214A9AC82AD83741112A9
:109BA00014A912D89C740C1214A9E0F91227467457
:109BB000011211C3E9601374021214A9E0442012C7
:109BC000BA31F812C84CE0543FF0741F1214A9E0E7
:109BD000602074101214A912BA1474201214A9AAC5
:109BE00082AB83122BC012D9DE74021214A9E04496
:109BF00040F074091214A9E0640160157900741230
:109C00001214A912BA1474101214A912D89C122694
:109C1000E6E50CA2E35037794080357508007808F6
:109C2000121199790274111214A912BA1474131230
:109C300014A912D89C122CBC74011211C3029DC32A
:109C4000E50CA2E34003029B8B7440029B8D7900DC
:109C500074121214A912BA1474101214A9129DF6D7
:109C6000600974021214A9E04420F0122BF6E9F501
:109C70000D851882851983E064FE7003A3E0F470FB
:109C800003750D009019CBE064016003029D16EE90
:109C9000241312B9FFF47003A3E0F4607974101276
:109CA00014A9C3E094F9A3E094FF506A12CF77742B
:109CB000121214A9E0687003A3E0696059741212CB
:109CC00014A912ABDD8B09A909EA4960498A828B84
:109CD00083A3A3A3A3E06401600D8A828B83A3A363
:109CE000A3A3E06402702F74321214A9740112BB92
:109CF00049743D1214A912CDCA74321212331224BF
:109D000082E9601274351214A9AA82AB831224E886
:109D1000E960031220A4E50CA2E74003029DC3E51D
:109D20000D7003029DC38E828F83A3A3A3A312BFD2
:109D30008E8A0E8B0FEA4B7003029DC38E828F8337
:109D4000A312DB5F1211918E828F83A3A3A3A3E0E2
:109D5000FC7D0012ACB91211C374091214A9E0C041
:109D6000E0742D1214A9D0E0F074301214A9E4F0BC
:109D7000A3F0742D12122B88088909780812119506
:109D8000750800780812119974051214A9120FE0D1
:109D9000E50DF508780812119912B014120FE08E33
:109DA000828F83A3A3A3A3E0F974081214A912C895
:109DB00051122BB474081211C3E96007AA0EAB0F3D
:109DC000121B3A743F02D9ECC82406F582E438F538
:109DD00083E022EE242DF582E43FF583221225C68E
:109DE000740422EE2402F8E43FF98882F5832212FB
:109DF000C311E064072212B35A12267AE9227900CD
:109E0000EE12B01912BA1874092212B6E4640622CE
:109E1000129E142212BB568518828519832212B312
:109E20005A1224CAE9228A828B83A3A3A3A3A3A3E1
:109E3000A3A3A3A3E0F9122D8EE92212C311E064BB
:109E40000322EE242BF582E43F129E5312B0191226
:109E5000B35A22F58312BA1CEE22F0EE2425F582C5
:109E6000E43FF58322F0EE2431129E7522F0EE24B9
:109E700030129E7522F582E43FF583E02274F412DD
:109E80000CB5EAFEEBFF8C088D099019C8E0601351
:109E90008A828B8312E0747003A3E0697005122636
:109EA00068806379008A828B83A3A3A3A3A3A3A35F
:109EB000A3A3129F098A828B83E5824583602CA32A
:109EC000A3A3A3A3A3E054186021E508241C12CC8B
:109ED000BE120FE012CCBA120FE0EE241812A86DD9
:109EE00012BF7112D8AF1211C3801B79008E828FFE
:109EF00083A3A3A3A3A3A3A3A3A312BA2212BF72F3
:109F000012D89C12269202ABE912B35A12273422BD
:109F100074F0120CB574E512125B8A0E8B0FEA24F2
:109F200002F50AE4350FF50B0A0AFB1224DC8A0855
:109F30008B09AE08AF09750901850E82850F83A3D1
:109F4000E0F50C750801AC0AAD0B74101214A9AA47
:109F500082AB83121C2A74181214A974FEF0A30495
:109F6000F0741A1214A97402F0740D1214A9E4F01A
:109F70009019E7E0700EEE4F700AE50C7006750957
:109F8000C302A152901A87E0640860067509C202F4
:109F9000A14E850E82850F83A3A3A3A3A3A3A3A38E
:109FA000A3A3E0A2E1500EA2E35005750804800CC3
:109FB0007508038007A2E35003750802EE4F700393
:109FC00002A04D8E828F83A3A3A3A3E06404600D3F
:109FD0008E828F83A3A3A3A3E06403700C74046533
:109FE00008602C7403650860268E828F83A3A3A368
:109FF000A3E06402600D8E828F83A3A3A3A3E06419
:10A0000001703374026508600674016508701A8E69
:10A01000828F8312A25A70358E828F8312CF807402
:10A02000181214A912CDCA80248E828F83A3A3A3F1
:10A03000A3E06402600D8E828F83A3A3A3A3E064D8
:10A0400001700312D2FE12A24D7E007F007418121E
:10A0500014A9E064FE7003A3E0F4704412248EE9B6
:10A06000703EE50C6019901DCF12A25A7011901D20
:10A07000CF12CF8074181214A9E8F0A3E9802085CC
:10A080000E82850F83A3A3A3A3A3A3A3A3A3A3E0EB
:10A090005402F91226A474181214A9EAF0A3EBF0E2
:10A0A00074181214A9E064FE7003A3E0F47006753E
:10A0B00009C702A14EE50CF50A780A121199850E1E
:10A0C00082850F83A3A3A3A3A3A3A3A3A3A3E0F9C0
:10A0D000E50E2402FCE4350FFD74191214A912D800
:10A0E0009C1225EA74011211C3E97062901B1512CB
:10A0F000CF97601174181214A912D89C901B1612D5
:10A10000C84D120E2DA908E50E2402FCE4350FFD02
:10A1100074181214A912A3508A0A8B0BAE0AAF0B43
:10A12000EA4F601F7402650C700D8A828B83A3A3B3
:10A13000A3A3A3E0D2E3F0741A1214A9E4F0750902
:10A1400000800B74181214A974FEF0A304F0E50C3F
:10A15000700A74051212331223BC8062901DC1E094
:10A1600070507401650C704A9019B6E07044E50EA9
:10A170002402F8E4350F12CDC374021214A9E4F0DE
:10A180009019B7E0C0E074031214A9D0E0F0740491
:10A190001214A9E4F0741A1214A9E4F07C01A908BD
:10A1A0007405121233122C3EAA18AB191225A20202
:10A1B000A248AC0CA9087405121233122C3EE9F81F
:10A1C000EE4F6053E50C60208E828F83A3A3A3A380
:10A1D000A3E0D2E6F07402650C700D8E828F83A32B
:10A1E000A3A3A3A3E0D2E5F0850E82850F83A3A3EA
:10A1F000A3A3A3A3A3A3A3A3E0A2E6500D8E828FE3
:10A2000083A3A3A3A3A3E0D2E7F08E828F83A3A3AB
:10A21000A3A3A3A3E004F0E5097005E8602A600A9F
:10A22000FC7D007A017B10121A2CEE4F600312A203
:10A230004D74181214A9E064FE7003A3E0F46008E2
:10A2400074181214A912D302741B02D9ECE50E245F
:10A2500002FAE4350FFB1224E82212B35A122C98AA
:10A26000E92274F7120CB574F712125BEAFEEBFFE9
:10A27000901A87E06403600DE064016008E06409FF
:10A28000600302A3438A828B83A3E0600302A31FBF
:10A290007C007D007A027B00121A2C12A3488A826D
:10A2A00012CF7E901A7812CDCA79531223B0901A29
:10A2B00087E06409600312AA7D851882851983747A
:10A2C0000112CA8E901A877404F074011212337945
:10A2D0004A1223AA740112123B7A7D7B1A121C2A9D
:10A2E0009018AEE0640B70057406F08005790012DA
:10A2F000A357901A7BE064FE7003A3E0F4600D792D
:10A3000000740112123B901A7B12A350901A72E053
:10A31000A2E35004D2F08002C2F012CA7B80218AEC
:10A32000828B83A3AE82AF83FC7D007A037B101205
:10A330001A2C8E828F83E0F912A357901A87E4F0CB
:10A34000122B0C740902B473EE2402FAE43FFB22D0
:10A3500012B35A1224B82212B3571225E422C08233
:10A36000C0839019E812CF977017901A87E024FBEA
:10A370006005146007800A9019EF802F9019F18012
:10A380002AE8496007128C8B6401700C8A828B83E7
:10A39000A3E0F91225CC801E9019E8E0128C8C64A1
:10A3A000027005122D04800E901B0512CF976006D7
:10A3B00012C84D120E2D02C47574F0120CB574E85B
:10A3C00012125BEAFCEBFD8A82F583A3A3A3A378B8
:10A3D0000812145278081213F4901A88780812138D
:10A3E0004E75097F75087F7900901A88780C1214D1
:10A3F00052E9780C121212E50CA2E0502478009079
:10A400001AD3800E8E828F83A3A3E0697001081295
:10A41000B9ED12B3EE70EDE8C395095004880989CF
:10A420000809E9C3941B40C18A828B83A3A3A3A319
:10A4300012147AE8494A4B6070EC2404FEE43DFFB4
:10A440008E82F58312147A901A8812146E7C187D0D
:10A45000007900AA18AB1912E9F612147A8518824D
:10A4600085198312146E74041214A97401F0901AE1
:10A470008EE0C0E074051214A9D0E0F07407121445
:10A48000A912A5E9806A901A8512D89C1226148A0E
:10A490000A8B0BA80AA90B901A85EAF0A3EB12A469
:10A4A000FE687003A3E0696026901AD312B3EE60D1
:10A4B0001E8E828F8312A4F57003A3E069700B8E49
:10A4C000828F83A3A3E0650860BC12B9ED80DDE54F
:10A4D00008901A7AF0122AE8E96015901A87E4F0D9
:10A4E0009019F312CF97600879C412C84D120E2D3F
:10A4F000741802D9EC12BB52901A85E0682212BA85
:10A500003CE02274F4120CB574E812125B8A828B60
:10A5100083A3A3A3A3A3A3A3A3A312CF80E8FAE9D1
:10A52000FB7900901A887808121452E97808121200
:10A5300012E508A2E05032E9FCEA2CF582E412D1DF
:10A54000A2F8901DCEE0C398501F75080175090050
:10A55000750A00750B00E9780812111378081213B8
:10A56000F4901A88780812134E09E9C3941B40B37B
:10A57000901A8812147AE8494A4B604A7C187D0088
:10A580007900AA18AB19121A86901A8812147A85C3
:10A59000188285198312146E74041214A97401F0C0
:10A5A00074071214A97401F0901A8EE0C0E07405CB
:10A5B0001214A9D0E0F074071214A912A5E9901A98
:10A5C000877406F0801E901A87E4F0FCFD7A047B05
:10A5D00010121A2C9019F312CF97600879C412C880
:10A5E0004D120E2D741802ABE6E412CBEB1223C20F
:10A5F0002274F5120CB574D112125B8A088B098A89
:10A60000828B83A3A3A3A3A3A3A3A3E0C3940F500C
:10A610000302A8568A828B83A3A3A312E14D741C64
:10A6200012123B8A828B83A3A3A3A3A3A3A312B575
:10A630002612D897122B1E741C1214A9E0702E85B6
:10A640000882850983A3A3A3A3A3A3A3A3E0C39420
:10A650000B401A8E828F83A3A3A3A3A3A3A3A3E07B
:10A6600064027009EE240B12B9FFF4600302A856CD
:10A67000741E1214A9E060076402600302A85690D9
:10A680001A87E06402700302A747E06406700302C1
:10A69000A7479019E812CF97600A128C8B6401705B
:10A6A0000302A771901A87E064086008E064046000
:10A6B0000302A856741E1214A912A85BA3A3A3A395
:10A6C000A3A3A312E14D9019E8E0496007128C8B17
:10A6D00064026069901A85E06E7003A3E06F600306
:10A6E00002A85674016A601174231214A9AC82ADD9
:10A6F0008312F0A0600302A8567A007B0212A860C1
:10A70000600302A856901A8812147A851882851957
:10A710008312146E901A8EE0C0E074041214A9D053
:10A72000E0F074051214A97401F074061214A974EF
:10A730000212CBE7122554E9600302A853EEFAEFA8
:10A74000FB122CFE02A8569019E812CF97702275C2
:10A75000080078081211997808121199EE24101245
:10A76000A86D8E828F8312D89C122BFC740212115A
:10A77000C38E828F8312CF8074071214A9E8F0A3CE
:10A78000E912A88212CF8074091214A912BA4412D5
:10A790008C85C0E0740B1214A9D0E0F0EE240B12EB
:10A7A000E4E7740F7808121443740C1214A9E50836
:10A7B000F074201214A9E0C0E0740D1214A9D0E0C6
:10A7C000F074221214A9E0C0E0740E1214A9D0E0B3
:10A7D000F0741D1214A9E0C0E074101214A9D0E0A6
:10A7E000F0741E1214A9E0C0E0740F1214A9D0E096
:10A7F000F0EE241012B9FFC0E074111214A9D0E0D9
:10A80000F074211214A9E0C0E074121214A9D0E06F
:10A81000F0742E1214A9E0C0E074131214A9D0E051
:10A82000F074231214A9A982AA8389088A09750AD7
:10A830000078081211917C087D0074171214A9AADF
:10A8400082AB8312ACB91211C374071212331225F2
:10A85000DE800312255A742F02B70212BF69A322A9
:10A86000901AD2E0F9121C06EA4B4C4D22129E754A
:10A87000F98E828F83A3A3A3A3A3A3A3A3A312BA36
:10A88000182212A8862212B6F6A3A3A322C082C061
:10A890008374C912125B122D1C901A87E064086041
:10A8A00025903A9BE493901A69F0903A9BE4939038
:10A8B0001A67F0901A907401F0A312A9F904F0A39A
:10A8C000E4F0A3F0A3F07C237D007900741412124D
:10A8D00033121A86901A98E07009741E1214A97423
:10A8E000018006741E1214A9E412DD25740FF09085
:10A8F0001DCD12CBE779461223B074011214A9E4DE
:10A90000F0901D9BE0C0E074021214A9D0E0F0901A
:10A910001A75E0C0E074031214A9D0E0F0740412B8
:10A9200014A9E4F074051214A9E4F074071214A930
:10A93000E4F0901A98E0C3940F500CE0C0E0740665
:10A940001214A9D0E0800774061214A9740FF07CC9
:10A95000997D1A74081214A9AA82AB83121C2A7C4E
:10A96000037D0079FF74101214A9AA82AB83121A16
:10A9700086901AD1E0C0E074131214A9D0E012CC72
:10A980002A740112123312CBBC122C2C901A8CE0B8
:10A99000C0E0741C1214A9D0E0F0901A8DE0C0E061
:10A9A000741D1214A9D0E0F0901A7AE0C0E0741A75
:10A9B0001214A9D0E0128CB174181214A912CDCAC5
:10A9C00074201214A9E4F0901A8FE0C0E0741F12F2
:10A9D00014A9D0E0F074341214A9E4F0742912140C
:10A9E000A9E4F07A787B1A795312CA6E74141212A1
:10A9F000331223C8743702BB30E4F0A3F0A3F0A3F2
:10AA000022C082C0838A828B83A3E0901A8760046D
:10AA1000E4F080667408F0901A98E070229019F3C0
:10AA200012CF976008790012C84D120E2D901A852A
:10AA300012BA147A057B00121A2C12AA7D801F7993
:10AA4000001225D8901A7812BA147A067B00121ACE
:10AA50002C901A7B12BA147A047B00121A2C901BC9
:10AA60000B12CF976014901DAEE06401700C9086BD
:10AA70009A120FDC12E1D81211C302C47512B35737
:10AA8000122D6A2202115774F2120CB574F81212C8
:10AA90005B8A0A8B0B8C0C8D0D89089085CFAC18C6
:10AAA000AD1974081210D3C200AC0AAD0BAA18ABD2
:10AAB0001912F0A47002D200901AD38013AC0AAD20
:10AAC0000BEE240BFAE43FFB12F0A4701B12B9ED5D
:10AAD00012B3EE601EA20040E48E828F83E0650C0C
:10AAE0007004A3E0650D70E58E828F83A3A3E065FB
:10AAF0000870DAEEFAEFFB740802ACDFC082C083A4
:10AB0000901AD302C472C082C083901AD3E4F0A317
:10AB100002ADA774F7120CB5901AD312F314800F7C
:10AB2000EA2414F582E412E14A121B3AEEFAEFFB32
:10AB3000EA4B70EC901AD3E4F0A3F002B47674F40C
:10AB4000120CB58A088B09EA12CCBCE06403700DC4
:10AB5000EA240BFAE43509FB1224DC800DE06402E0
:10AB6000707212ABD6350912ABDB8A0A8B0BAE0AB8
:10AB7000AF0BEE4F605E850882850983A3E0700D00
:10AB80008E828F83A3A3A3A3A3A3E4804664F16072
:10AB90000C850882850983A3E064E1701E8E828F94
:10ABA00083A3A3A3A3A3A3E06401700F12D2FEE5C5
:10ABB00008240BFAE43509FB1224E88E828F83A364
:10ABC000A3A3A3A3A3E0600C8E828F83A3A3A3A35C
:10ABD000A3A314F08013EA12E7A822F58312B35A54
:10ABE0001224D62274091211C37F04020F1374F2C7
:10ABF000120CB58A0C8B0DEDFF890B8A828B83E0DA
:10AC00008C828D83F0A3A882A9838A828B8312AC65
:10AC1000BF12B1D0E0C454F0FA88828983E04AF0D0
:10AC2000EC2402F8E43FF9850C828B83A3A312ACD9
:10AC3000BF12ACD2E0333354FC12ACC6E033333332
:10AC400054F812ACC6A3E0A2E0E4331313FA8882EE
:10AC50008983E04AF0EC2403FE50010FE50C240741
:10AC6000F508E4350DF509750A0078081211917C94
:10AC7000087D00EEFAEF12ACB81211C3EE2408FE04
:10AC800050010FE50C240FF508E4350DF50978089F
:10AC90001211917C037D00EEFAEF12ACB81211C3D1
:10ACA000E50BC3940F400BE50C12BB37350D12C5F5
:10ACB000D5F0802EFAE4350DFB121A74740322A32A
:10ACC000E08882898322FA88828983E04A12ACD2A2
:10ACD000A322F0850C828B83A3A3A3A32274031267
:10ACE00011C37F06020F1374F2120CB5EBFF8C0C2C
:10ACF0008D0D8A82F583E08C828D8312CDBBA3A853
:10AD000082A983E012C41412B063C412C40EF0EA24
:10AD1000129DE4E012C41B12B061A2E2E4338C8203
:10AD20008D8312B060131313541F12C414A312B0F6
:10AD300060A2E7E4338C828D83A3A3A3A3A3A3F033
:10AD4000EA2403FE50010FF5088F09750A00780800
:10AD50001211917C087D00E50C240712ACB412118D
:10AD6000C3EE2408FE50010FF5088F097808121170
:10AD7000917C037D00E50C240F12ACB41211C38E3C
:10AD8000828F83A3A3A3E0C0E012F55CD0E0F002C1
:10AD9000ACE2C082C083E9901AE57003E4800274DB
:10ADA000018004EAF0A3EBF002C475E0F902C47577
:10ADB000C082C0837C947D2A8A828B8312ADC202BA
:10ADC000C47512B35A1223CE2274F6120CB5901A1F
:10ADD000E5E0701B7C0079017A007B00122B60EAB1
:10ADE0004B600C8A828B8312CF976003122A9A02DF
:10ADF000C67BC082C08312B281401079FF122B5AE9
:10AE0000E9F8903A98E493C3985004790180027964
:10AE10000002C47574F2120CB58A0A8B0B8909C240
:10AE2000008A828B83A3A3A3A3A3A3A3A3E0F91205
:10AE30002B668A0C8B0DAE0CAF0D750801EA4F60C6
:10AE40000302AEFD850A82850B83A3A3A3A3A3A35C
:10AE500012BA14850A82850B83A3A3A3A3A3A3A379
:10AE600012B044122B4E8A0C8B0DAE0CAF0DEA4F74
:10AE7000700302B00C8A828B83A3A3A3A3E4F0A384
:10AE8000F0E50A240CFAE4350BFB8A82F583E0C076
:10AE9000E012D4EED0E0F0E50A240D12B03812DB57
:10AEA0005212CDCA122C8612B9F712D9E4E50A243F
:10AEB0001112B03812C5C812CDCAE50A241312E324
:10AEC000DBC0E012B014D0E0F0D200EE2406F8E4CB
:10AED0003FF912B02B12B0645404600302AF7290B9
:10AEE0001D99E0F50A750B007407780A1213878E16
:10AEF000828F83A3A3A3A3A3A312B022F08E828F79
:10AF000083A3A3A3A3A3A3E0F50AA3E0F50B74070F
:10AF1000780A121443E50A5407FCE50960648E823E
:10AF20008F83A3A3A3A3A3A3A3A3A3740212A4FE2A
:10AF300012B317E05404600B901A7312C06DA3A3F0
:10AF400012CDCAEC700302AFE3EE2406F8E43FF939
:10AF5000E8FAE912B02BF0EC24FFF50AE434FFF52F
:10AF60000B7407780A1213878A82898312B022F041
:10AF700080718E828F83A3A3A3A3A3A3E044800246
:10AF8000AEFCEC700575080080598E828F83A3A3F8
:10AF9000A3A3A3A3E05420600C121A9EEA547F7965
:10AFA00000245F80198E828F83A3A3A3A3A3A3E0B1
:10AFB0005410601A121A9EEA540F7900240A5001A4
:10AFC000098E828F83A3A3A3A3F0A3E9800D8E82B1
:10AFD0008F83A3A3A3A37401F0A3E412A882740433
:10AFE00012B290A20050288E828F83A3A3A3A31233
:10AFF000D6B8F9EEFAEFFB122B54E9601212CF909B
:10B00000600312B051EEFAEFFB121B3A750800A96B
:10B010000802ACE2EE12B019222413F582E43FF5E7
:10B020008322E0450AF0A3E0450B228882F583E005
:10B03000547FF0A3E054FC22F582E4350BF5831233
:10B04000BB52EE22A3E0F9850A82850B8312B35A24
:10B050002212B05812B5AD22EE12E3D53FF583228D
:10B06000A3A3A3A312E4D5E02274F4120CB574F7E1
:10B0700012125B7E00122B66EA4B700302B11D8A2E
:10B08000828B83A3A3A3A3A3A3A3A3A3E0640660CB
:10B090000302B11D8A828B83A3A3A3A3A3A3A3E06E
:10B0A000FF8A828B8312B122E0C0E074081214A9D7
:10B0B000D0E012B55812CDC0122B84EF5408605B5B
:10B0C00085188285198312BA147A007B00122B48E6
:10B0D000EA4B704712F5677C007D007A007B0080A8
:10B0E000268E828F8312B6E0F47003A3E0F4602B07
:10B0F000901A8512BA148E828F8312B53A601C7C26
:10B10000007D00EEFAEFFB122B488A0A8B0BAE0A89
:10B11000AF0BEE4F70CB79001223E67E01EEF90201
:10B12000ABE412DD202408F582E438F58322C082E6
:10B13000C0838A828B83E58245837009901AEA80F6
:10B14000068A828B83A3A312B35160208A828B83E9
:10B15000A3A3A3A3A3A3A3E0540860E5EC4D601050
:10B1600012B39D7003A3E06D70D780047A007B005A
:10B1700002C47574F2120CB58A088B09890AECFEB8
:10B18000EDFF7A147B00121B34EA4B60378A828B06
:10B1900083A3A3A3A3A3A3A3A3A3E412B1E6E50AF5
:10B1A00012B544EEF0A3EF12B1D612B55F12B1DDC5
:10B1B0008A828B8312F349EA240F12B1C7A312B11A
:10B1C000D0F0A3F002ACE2F582E43BF583E4F02298
:10B1D00012F337A3A32212B54AE4F0A322A3F0127C
:10B1E000E7A712B1CA2212B1EA2212B54EA3A3A355
:10B1F000A32274F5120CB5EAFEEBFF890A8C088DC8
:10B2000009EA4F607774016970127901122B5AE9CB
:10B21000F8903A9AE493C3985015800A74046970C0
:10B220000912B281500979118054740269704D8EEF
:10B23000828F83A3A3A3A3A3A3A3A3A3E50A12BA04
:10B240003C12F3458E828F83A3A3E4F0A3F0901AFF
:10B25000EA12CF976018800312CF8088828983A377
:10B26000A312B35188828983A3A370EC8003901A40
:10B27000EAEEF0A3EF12B2907900800279C102B732
:10B28000057904122B5AE9F8903A99E493C398226D
:10B29000F07A207B00901AD2E0F9121AE622C082DE
:10B2A000C083E9F87900901AEA801D8A828B83A313
:10B2B000A3A3A3A3A3A3A3A3E068600574FF68707E
:10B2C00001098A828B83A3A312B35170DE02C47575
:10B2D00074F7120CB5EA4B7005901AEA80068A8260
:10B2E0008B83A3A312B35160228A828B83A3A3A36F
:10B2F000A3A3A3A3A3A3E06970E4EC60128A828BEA
:10B300008312B312E0540470D580047A007B0002EB
:10B31000B47612B31622E0F8A3E0C8240DF582E457
:10B3200038F58322C082C083901AEA80068A828B15
:10B3300083A3A312B35160128A828B83A3A3A3A316
:10B34000A3A3A3A3E06970E580047A007B0002C494
:10B350007512B35AEA4B22901A8512F318FB227425
:10B36000F7120CB5EAFCEBFD901AEA80068A828B94
:10B3700083A3A312B351601E12B39D7003A3E06DAB
:10B3800070EB8A828B8312DE4412F304A3E0A2E006
:10B39000E43370D980047A007B0002B4768A828B11
:10B3A0008312B6E46C2274F2120CB58A0A8B0B8CF1
:10B3B0000C8D0D750800750900EA4B602A901AEA99
:10B3C00080068E828F83A3A312B3EE601AAC0CADFD
:10B3D0000DEEFAEFFB850A82850B83120E2DE964D0
:10B3E0000170DF8E088F09AA08AB0902ACE2E0FE0B
:10B3F000A3E0FFEE4F22790002115774F7120CB54B
:10B40000901AEA12CF807C007D00800DE8FCE9FDF7
:10B4100088828983A3A312CF80E8496030EA6870EC
:10B4200002EB6970E7901AEA12D89CE86A7002E9A8
:10B430006B88828983A3A3700812CF80901AEA8058
:10B440000912CF808C828D83A3A312CDCA8027746A
:10B45000F7120CB5EAFEEBFFEA4F6015122B7E12D5
:10B46000B59912CF90600312B051EEFAEFFB121BA8
:10B470003A80031211C37F01020F1374F6120CB548
:10B480008A828B8312C30B12E4ED901AEA12CF80EA
:10B490007D007C00803488828983A3A3A3A3A3A317
:10B4A000A3A3A3E0640570190C88828983E0FEA33E
:10B4B000E0F5838E82E065087004A3E06509700101
:10B4C0000D88828983A3A312CF80E84970C8903A7F
:10B4D00096E493F8EDC3985008903A9512E97240BB
:10B4E0000F8A828B83A3A3A3A37401F0A3E4800C2F
:10B4F000901A73E0F812B526E8F0A3E912B55F746C
:10B500000512B544A3E0440812B558F47003A3E053
:10B51000F4600B901A8512D88312B53A7005790140
:10B520001223E602C67BA312B52B2212B533A3A3C6
:10B53000A3A322E0F98A828B832212B35A1223DA60
:10B54000E9641A2212B54AA3A32212B54E22F08A48
:10B55000828B83A3A3A3A32212F33712B6E4221291
:10B56000B1EAA32274F6120CB5901AEA12E14D80EA
:10B570001A8E828F83A3A312E4ED12B59912B051F3
:10B58000EEFAEFFB121B3AAE08AF09EE4F70E290F5
:10B590001AEAE4F0A3F002C67B8E828F8312DE42A9
:10B5A000F58312B5AD8E828F8312B5AD2212F318DA
:10B5B000FB121B3A22C082C083EAFCEBFDEA4D601D
:10B5C00017EA24FBF582EB34FF12CF95700712B611
:10B5D0000AE0F46007121AAA7905802B901AD2E0CB
:10B5E000C0E012B60AD0E0F0903A92E493F97AEC17
:10B5F0007B1A121AE0E96401700B7A007B2012C8F2
:10B60000A579008002790402C475EA24FFF582EB73
:10B6100034FFF5832274F4120CB5A2AFE433F508BD
:10B62000C2AF901AEC12B3EE6038EE24FBF582EF55
:10B6300034FF12CF957A007B20901AD2600512C891
:10B64000A88005E0F9121AECE4F50AF50B780A1265
:10B650001195EEFCEFFD7AEC7B1A121ADA740212E5
:10B6600011C3E508A2E092AFEEFAEFFB02ABE9747A
:10B67000F5120CB58A088B09750A00901AEA8051F8
:10B680008E828F8312B6E065087004A3E0650970AE
:10B690003A8E828F83A3A3A3A3E4F0A312B6ED5442
:10B6A0000460118E828F83A3A3A3A3A3A3A3A3E00B
:10B6B000F912271C8E828F83A3A3A3A3A3A3A3A302
:10B6C000A37406F07AF0128C96050A8E828F83A3FB
:10B6D000A312B3EE70AAA90A802BF582E43FF5838A
:10B6E00012B6E42212F45EF5838882E02212B6F2EA
:10B6F000E02212B6F622F08E828F83A3A3A3A3A327
:10B70000A3221211C37F03020F1374F0120CB5743D
:10B71000D412125BEAFEEBFF750A00750B00750888
:10B72000FE7509FF122B36E9600302B9E0EE24151D
:10B7300012B9FF603E901DB6E0C43354E0F8E03328
:10B740003354FC48C0E012C5BED0E012BA31FAA3AF
:10B75000E0FB79FF122818EA4B6015750A0175089D
:10B76000FF12B9FC4404F0EE241512B9FFD2E0F048
:10B77000750B408E828F8312901A6006EE2412128F
:10B78000CDA3EE241312B9FF700D903A87E493C055
:10B79000E012B014D0E0F08E828F83E0A2E7500474
:10B7A00054038019EE241412B9FF7012901A64E049
:10B7B000C0E012B9EDD0E0F0901A64E004F012F2AB
:10B7C000FB7016901D9DE0600D901A6FE0700A8E60
:10B7D000828F83E0700312CDA0901A72E0A2E15034
:10B7E00039E50AA2E040188E828F8312901A602AEF
:10B7F0008E828F83E06008EE240B129031601B1262
:10B80000B9FC5440700302B991EE241312F2FE60A9
:10B810000302B99112B9FC54FBF08E828F83E0646D
:10B82000017010EE240B12B6DA6402700612B9FC35
:10B830004440F012B9FC5440600302B8F0E50AA29B
:10B84000E0500302B8F0901A72E0A2E1400302B89F
:10B85000F0E50BF50A780A121199EE2406FCE43F94
:10B86000FD8E828F8312D89AEE241212B9FFF9123C
:10B87000274674011211C3E9600CEE241212CDA305
:10B8800012B9FC4420F08E828F83A3A3A3A3A3A3A9
:10B89000E06037EE240212BF7912BA222407FAE4DC
:10B8A0003FFB122BC08A088B09850E82850F83E02F
:10B8B0006A7003A3E06B700C8E828F83A3A3A3A393
:10B8C000A3A3E4F012B9FC4440F08E828F83E064BD
:10B8D000016008A90B12BA261226E6A90B8E828FE8
:10B8E0008312BA2612267AE9600612B9FC4420F0C7
:10B8F000AC18AD19EEFAEFFB122BBA8A0A8B0B7457
:10B90000FE6508700474FF650970098E828F83A339
:10B91000A312E4EDEA4B700302B9E48E828F83E058
:10B92000C0E074011214A9D0E0F074041214A9EE5E
:10B93000F0A3EFF0EE241E12CF7A74021214A912B3
:10B94000CDCA740112122B880C890D780C12119536
:10B95000EE242012BA0312119912B9F7120FE0EE79
:10B96000240E12BA03121199901A78120FE074087B
:10B970001214A9E0F9AC08AD09122BB47408121125
:10B98000C3E9FE74106E705EAA0AAB0B121B3A80FC
:10B9900055EE241312B9FFC0E074171214A9D0E0B9
:10B9A00012F33D740F1214A912BA44240412F2F0D7
:10B9B00012CF7E74111214A912BA44241412B9FFC2
:10B9C000C0E074181214A9D0E012E7D312B53312F4
:10B9D000BA147406121233122716E9600302B81A59
:10B9E000791180047E10EEF9742C02D9ECEE241447
:10B9F000F582E43FF58322EE12B05922EE240F12B5
:10BA00009E7522129E75F50C780C22EE2413F58299
:10BA1000E43FF58312BA182212BA1C22E0FCA3E01C
:10BA2000FD22129E5522A3A3A3A312D6C412B35A79
:10BA30002212BA352212BA3CA3A3E022F08E828FE2
:10BA40008322A3A312CE8EEE22C082C08374D712AB
:10BA5000125B90814B740312123B74261210D38A2E
:10BA6000828B83A3A3A3A312CF80740E1214A9E820
:10BA7000F0A3E912BB49740C1214A912BB44240DA3
:10BA8000F582E412D1A2C0E0741A1214A9D0E0F039
:10BA900012D73A12CF7E74201214A912BB4412DDC1
:10BAA0000C12D1A2C0E074081214A9D0E0F0EA246C
:10BAB0001CF582E43B12CF7E74121214A912BB440F
:10BAC00012C5CF12D1A2C0E074091214A9D0E0F0BF
:10BAD00012BB3612D1A2C0E074071214A9D0E0F054
:10BAE00012BB3D3B12CF7E74241214A912BB442416
:10BAF00020F582E412D1A2C0E074261214A9D0E08D
:10BB000012DD2574FFF074011214A974FFF07402A1
:10BB10001214A974FFF090874A120FDC74041212F9
:10BB20003B7407121233129DDD1211C37900742980
:10BB30001211C302C475EA2412F582E422EA241E1B
:10BB4000F582E42212CE8EEA2212F337A3A312BBAF
:10BB5000522212BB562212F45EF92274F0120CB576
:10BB600074EC12125B8A0E8B0F8C088D09890C7F86
:10BB7000107A217B00121B34851882851983EAF024
:10BB8000A3EB12DB6DE849700302BCB97E007C2197
:10BB90007D007900851882851983E0FA121A86AA39
:10BBA00008AB091224D674271214A912CF80EA4BCD
:10BBB00060238A828B83A3A3A3A3E06401600D8A20
:10BBC000828B83A3A3A3A3E064037009E8544070AD
:10BBD00004740449F9E9540460027E01901A851244
:10BBE000BCC012F2E6ECF0A3EDF074241214A9121A
:10BBF000D89C74111214A9EAF0A3EB12BCCD12ABBD
:10BC0000D73AF583740212BCCD2408F582E43AF5E4
:10BC100083740212D535FAA3E0F5838A82E508F031
:10BC2000A3E50912BCCD12BB3E3AF583E50CF074D6
:10BC3000261214A9E0F50812F30ECA12E7E53AF548
:10BC400083E50812BCCD241FF582E43A12DBF174BF
:10BC5000061214A912CDCA74081214A9E508F074CA
:10BC60002A1214A912C30BC082C083740C1214A927
:10BC7000AC82AD83D083D08274051210D3742912A4
:10BC800014A9E0C0E074131214A9D0E0F0EEF9AAF0
:10BC900018AB19122B3CE964017015EEA2E0500CB0
:10BCA000A908122B66EA4B6003122B8A7F008009D9
:10BCB00085188285198312B054EFF9741402D9ECF7
:10BCC00012BA1885188285198312F3182212D539F1
:10BCD000FAA3E0CA2274F0120CB574FF12125BEAE8
:10BCE000FEEBFF8C088D098A82F583A37408F0EAC5
:10BCF000241612B9FF60088A828B83A37410F0EABD
:10BD0000241712B9FF60098A828B83A3E02408F00C
:10BD1000EA241512B9FF60088A828B83A3E004F03D
:10BD20008A828B83A3A3A3A3A3A3E060198A828B37
:10BD300083A3A3A3A3A3A3A3E0C3332402F88A820B
:10BD40008B83A3E028F0EA241112B9FF85188285BD
:10BD500019836004740E8001E4F0EA2423F582E480
:10BD60003FF58312D534F98A828B83A3E0F8EA1277
:10BD70008C8528298C828D83F0EA241112B9FF600A
:10BD800013901A70E0F91229E6E9F885088285090E
:10BD900083E029F0850882850983E0C39475400912
:10BDA000750C00750D0002BF6012BF8E8A0C8B0DE2
:10BDB000EA4B700302BF608E828F83E0FA901A759F
:10BDC00012BFB974027808121387EA4508FAAB0962
:10BDD000EE241212BFB374067808121387A808EA7B
:10BDE00048FCEBFDEE241512B9FF600478018002D7
:10BDF0007800EE2416FAE43FFBE4C8F9ED49FDEEC5
:10BE0000241112B9FFF508880974097808121387FC
:10BE1000ED4509FD8A828B8312BFB9740B78081235
:10BE20001387ED4509FDEE241712BFB3740C780893
:10BE3000121387ED4509FD8E828F83A3A3A3A3A3CD
:10BE4000A312BFB9740A7808121387ED4509FDEEF5
:10BE5000242312BFB3740D7808121387ED4509F936
:10BE6000EC850C82850D83F0E9A3F0EE240212BF6D
:10BE70009612BFD0F0EE240412BF96A3A312BFD037
:10BE8000A3A3F0EE241312BFA6F0EE241412BFA653
:10BE9000A3F0750B088A828B83E06015EE241812DC
:10BEA000BA0EE50C2408FAE4350DFB121C2A750BBA
:10BEB00010EE241712B9FF6019EE241A12BA0EA858
:10BEC0000BE50C28FAE4350DFB121C2A7408250B2F
:10BED000F50B8E828F83A3A3A3A3A3A3E06045EEFB
:10BEE000240712BF79E0C0E012BF85D0E012BFC0C6
:10BEF000E0C0E00812BF87D0E012BFC012DB5F12C3
:10BF00001191850E82850F83E012C2D8A80BE50C33
:10BF10002812ACB41211C3850E82850F83E0C3339F
:10BF2000250BF50BEE241512B9FF6008C0E012BF17
:10BF300085D0E0F012BF7112DB60121191128C8477
:10BF4000FC7D0074031214A912BF69E0F8E50C2807
:10BF5000F8E4350DF9E82AFAE43912ACB81211C345
:10BF6000AA0CAB0D740102D9ECE0FA8E828F83A388
:10BF700022EE12E7A83FF58322F50EE43FF50F8588
:10BF80000E82F58322A80BE50C2812C2F722E0FAF4
:10BF90007B00121B3422F8E43FF98882F583E085A8
:10BFA0000C82850D8322F582E43FF58312BFDAA36C
:10BFB000A3A322F582E43FF583E0F508750900228A
:10BFC000F0050B8E828F83A3A3A3A3A3A3A3A32215
:10BFD000A3A312E4D5A312BFDA22E0850C82850D5B
:10BFE00083A3A3A32274F4120CB574FD12125BEAAE
:10BFF000FEEBFF8C088D09740112122B880A890B45
:10C00000780A121195740212123BAA08AB09122683
:10C01000C274021211C3E9704B851882851983120C
:10C02000C5DEF074011214A912C06D12C07360272E
:10C03000148E828F83A312D53512DAA074011214E4
:10C04000A9E028F8A3E039F9E824FEF582E934FFF5
:10C05000F58312D89C80118E828F83A3E4F0AA0806
:10C06000AB0980047AFE7BFF740302ABE612CF8833
:10C07000A3A322E812C0782212CE8F8518828519D8
:10C0800083E02274F0120CB574FD12125B12D9DE3B
:10C0900074021214A9E9F08C0C8D0D750B017C262D
:10C0A0007D007900AA0CAB0D121A8674021214A935
:10C0B000E0C39408500302C26B12BF9EF0AC0CADFB
:10C0C0000D85188285198312B6E0FA8518828519C4
:10C0D0008312C84C12C601E96003750B00851882F3
:10C0E00085198312C30B12C31FE0F9EA850C828500
:10C0F0000D83A3A3A3A3A3A3A3A3A312C367F58341
:10C100008882A3A312C31FA3A3E0F912D87AEA126C
:10C11000C367129DC8C0E012D871D0E012D535F8BF
:10C12000A3E0C82407F582E438F583E0C0E012F507
:10C130005CD0E012C351740812C35EA3E060208596
:10C140001882851983E02408F8A3E03400F9E50C8F
:10C15000241312F560E8F0A3E912D9D92408F08578
:10C160000C82850D83A3A3A3A3A3A3A3A3E0602AAA
:10C17000850C82850D83A385820E85830F12C319DA
:10C18000F8A3E03400F9E50C241512F56012CDCACD
:10C19000850E82850F83E02408F012C2DFE4F012DE
:10C1A000C2EFE4F0A312C351A3A3A3A3E060111252
:10C1B000C32B850C82850D83A3A3A3A3A312C36EF7
:10C1C000E50C12C2FFE0700302C25712C32BFA1231
:10C1D000C2DFEA12C36EF8851882851983E028FB56
:10C1E000A3E034008B82F583E0F8E50C241A12F505
:10C1F00060E812C36EE8C39AE50C505612C306F805
:10C20000900E2FE493C39850047E0C8006E50C1228
:10C21000C306FE850C82850D8312C318F508A3E0C2
:10C220003400F509750A007808121191EE12C2D88F
:10C230007A667B0A12ACB91211C312C2EF7466F0AF
:10C24000A3740AF0EEC333F8850E82850F83E028CD
:10C25000800412C2FFE4F0850C82850D83A3E0F810
:10C26000850C82850D83E0C39850047900806612A6
:10C27000C318FAA3E03400FBE50C12D86B12F56387
:10C2800012D9E4850C82850D83E0C398C0E012D8F2
:10C2900062D0E012C35EE0603AE50C2417FEE4359C
:10C2A0000DFF8E82F583E024F2F0E50C241DF8E406
:10C2B000350DF98882F583E0240EFAA3E03400FB03
:10C2C00088828983EAF0A3EB12C6088E828F83E00E
:10C2D000C398F0A90B02D9EA25E0FCE433FD22E57E
:10C2E0000C12C2E5222419F582E4350DF58322E50E
:10C2F0000C241B12C2F722F582E4350DF5832212BD
:10C30000CD8112C2FA2212C2E5E02212C30F22E04E
:10C31000F8A3E0F583888222A312C348E02822A371
:10C32000A312C84312C311A3A3A322850C82850DB7
:10C3300083A385820E85830F12C348E028FAA3E009
:10C3400034008A82F583E022E0F88518828519831B
:10C350002212C35522F0850C82850D83A32212C3BD
:10C3600055A3A3A3A3A32212C078F8A3E022F085CB
:10C370000E82850F83E004F02274F4120CB58A0853
:10C380008B09EA12C41BA3A3F0EA1313543F12C48F
:10C390000EA3F0EAC4131312C41B12C42E7409783E
:10C3A0000A12144312C422A3A3A3A3A3A3F0EB1263
:10C3B000C42412C42D740A780A121443E50A5401E5
:10C3C000C0E0EC12CD813DF583D0E012C432740B95
:10C3D000780A12144312C42212C42B740C780A1265
:10C3E000144312C422A312C42B740D780A121443EE
:10C3F000E50A5401C0E0EC2424F582E43DF583D045
:10C40000E0F0740E7808121443A90802ABE912C4D4
:10C4100014A3A322540F8C828D832254038C828D0B
:10C420008322E50A54018C828D8322A3A3A3A3A3B4
:10C43000A3A3F08A0A8B0B22C082C08379008A8270
:10C440008B83A3A3A3A3A3A3E0901A6F600EE07055
:10C450001F8A828B83A3A3E070168012E060111202
:10C46000D88F901A78E06A7003A3E06B60027901BC
:10C47000800312D89CD083D08202115774F2120C20
:10C48000B58A0A8B0B890CECFEEDFF8A828B83E068
:10C49000FA12C601850A82850B83A3A312C5F5E0B3
:10C4A000F9EA8E828F83A3A3A3A3A3A3A3A3A312BA
:10C4B000C61412C5F5A3A3E0F912BF71EA12C6149F
:10C4C000A3A3E0C0E0EE12C5C8D0E012C61BA3A330
:10C4D000A3E0C0E0EE12BB373FF583D0E012E5AE3B
:10C4E000740812E5AEA3A3A3A3A3A3E06017E50A13
:10C4F0002408F8E4350BF912B014E8F0A3E912E5CA
:10C50000AEE02408F08E828F83A3A3A3A3A3A3A3EA
:10C51000A3E060188E828F83A312C5E412C5BE12F9
:10C52000CDCA850882850983E02408F08E828F8336
:10C53000A3A3A3A3A3E060248E828F83A385820894
:10C54000858309E0F8E50A28F582E4350B12C5D5A4
:10C55000A3A3F0850882850983E004F0EEFAEFFBDF
:10C56000122BD2E9F50D70518E828F83A3A3A3A362
:10C57000A3A312C5DEA37014E0F8E50A28FAE43597
:10C580000BFB12D0CB12D9E4E50C802212C5E4E8F3
:10C59000240EF850010912D0CBE8F0A3E912C60826
:10C5A000850882850983E0F9E50CC39924F2C398D4
:10C5B000C0E0EE12D223D0E0F0A90D02ACE2EE24EE
:10C5C00015F582E43FF5832212C5CF3FF58322247F
:10C5D00011F582E42212C5DCA3A3A322F583E08E29
:10C5E000828F8322858208858309E0F8E50A28F88E
:10C5F000E4350BF922E0FA850A82850B83A3A3A315
:10C600002212E7BD122BCC22F0901A70E0F9122909
:10C61000E6E9F822F0A3E912C61B22F0850A82851A
:10C620000B83A3A3A3A322C082C0837AFA7B1A79C7
:10C63000E21223AA7AFA7B1A02C475C082C08390E0
:10C640001A7802C472C082C083901A7B02C472C07E
:10C6500082C083794A1223AA02C47574F6120CB5FB
:10C66000901B02E0FE04F0EEF9122B66EA4B70F02C
:10C67000EE60EDF9800574011211C37F02020F1301
:10C6800074F0120CB574FD12125B74011214A9EC53
:10C69000F0A3EDF0E9851882851983F08A0E8B0FDF
:10C6A0007E008E0874011214A912BA14122D708A19
:10C6B0000A8B0B74131214A9E0F50C74141214A94C
:10C6C000E0F8EA4B701CE8600302C7AF851882856A
:10C6D0001983E0F974011214A912C851122D9402A1
:10C6E000C840E8700302C76A901B0712CF97600624
:10C6F00012C84D120E2DE50C700B850A82850B8336
:10C70000E4F002C7AA901A72E0A2E1400302C7C790
:10C71000901B0912CF97600CA90CAA0AAB0B12C888
:10C720004D120E2D850A82850B83E0FA12E7AE507A
:10C730000109C3EA98E499A2D265D0335009850A69
:10C7400082850B83E004F0850A82850B83E0F890F4
:10C750003A85E4936870700EAA0EAB0F12275285CB
:10C760000A82850B83A3E4F0805DE50C702BEA243C
:10C7700002F8E4350BF98882F58312C843E0FCEA3D
:10C780002CFAE4340013EA1388828983F0700A8556
:10C790000A828B83A3A37401F0850A828B83A3A3EF
:10C7A000E0F8901CA2E0C398501D75080180187431
:10C7B00001687013E50C600F901A72E0A2E1500757
:10C7C000AA0EAB0F122752E508A2E092F0EEA2E00B
:10C7D00072F0506C901A72E0A2E1502EAA0EAB0FCC
:10C7E00012EA7C6025E508A2E0500D8A828B83A3C3
:10C7F000A3A3A3A3E0C2E0F0EEA2E050438A828BA1
:10C8000083A3A3A3A3A3E0D2E0F0EEA2E050319073
:10C810001A72E0A2E15012AA0EAB0F1224C4E96012
:10C8200008AA0EAB0F79008014901A7BE0650E7099
:10C8300004A3E0650F7009AA0EAB0F79011225FC65
:10C8400002D9EAE0FA85188285198322A312C3125D
:10C850002212BA18AA0EAB0F2274F4120CB58A0871
:10C860008B098C0A8D0B9086C6780812129C700773
:10C870007A0112C8A38027901D877808121434EA21
:10C880004B4C4D600D780812118D128EA81211C3F9
:10C89000800C7A017B00901AD2E0F9121C0002ABE6
:10C8A000E97A207B00901AD2E0F9121AE622C082BF
:10C8B000C083901D8B02ADA3C082C083901D8D02EA
:10C8C000ADA374F6120CB57E0075086475091A786C
:10C8D000081211957C6E7D007A217B00121BAC74CE
:10C8E000021211C3E9640A70027E011224A0E964F5
:10C8F0000A7004EED2E1FE122512E9640A7004EE19
:10C90000D2E2FE90043612CF97600F12C84D120E7D
:10C910002DE9640A7004EED2E3FE12283CE9640AB1
:10C920007004EED2E4FE12232CE9640A7004EED205
:10C93000E5FEEEF902C67B74F6120CB5121A2675E6
:10C94000086475091A780812119575086E75090042
:10C95000780812119512C9781211C31224A6122553
:10C960001890043812CF97600612C84D120E2D127F
:10C97000284212233E02C67B7C007D007A217B0088
:10C98000121BB874042274F6120CB574FF12125BF9
:10C990007E0075086475091A78081211957C6E7D01
:10C9A000007A217B00121BAC74021211C3E96003F0
:10C9B00002CA52780812119575086E8E097808120D
:10C9C00011957C007D007A217B00121BBE7404123D
:10C9D00011C3E9707D901A78E064FE7003A3E0F45F
:10C9E00060707E01901A87E064086005E06404705E
:10C9F0005C851882851983EE12CA8E7A8F7B1A792C
:10CA0000431223B07A8C7B1A79471223B07A7D7B4C
:10CA10001A794A12CA6E7A857B1A79501223B07A33
:10CA2000787B1A79531223B07A8D7B1A79541223AA
:10CA3000B07A7A7B1A79E11223B0901A72E0A2E3FD
:10CA40005004D2F08002C2F012CA7B8005121A266E
:10CA50007E0012249412252A90043A12CF97600681
:10CA600012C84D120E2D12284EEEF902C676122370
:10CA7000B07A7B7B1A794B1223B022A2F0E4338583
:10CA8000188285198312CBEB79521223B02212CB74
:10CA9000EB79421223B02274F6120CB5E9FEA2E043
:10CAA000501C75086475091A780812119575086E7E
:10CAB000750900780812119512C9781211C3EEA2F7
:10CAC000E3500312249AEEA2E15003122530EEA2A5
:10CAD000E2500E90043C12CF97600612C84D120E21
:10CAE0002D02C67B74F6120CB574EC12125B740145
:10CAF00012123B12CC1D74051214A9E4F074071233
:10CB000014A9E4F07A04F91224B28A08903A9BE45A
:10CB100093FAC3E5089AEB9400504412248EE9700E
:10CB20003E903A7612CBC9600F7A04790312CBB2E9
:10CB3000903A7612CBD3500874051214A97401F000
:10CB4000903A7E12CBC9600F7A02790112CBB29073
:10CB50003A7E12CBD3500874071214A97401F090D6
:10CB60001DCDE0F97CD57D1A740112123312CBBCB5
:10CB700074071214A9E0701174051214A9E0700969
:10CB8000851882851983E480088518828519837445
:10CB900001F0901DC7E0F89019E7E058F885188279
:10CBA000851983E05812CBE779411223B07414023F
:10CBB000C6781224B2903A9BE493FC22122B187A86
:10CBC000D57B1A79451223B022E493F8740193F9C6
:10CBD000E84922E493F8740193F9ECC398F8E499D6
:10CBE000F9C3EA98EB992212CBEB22F0AA18AB1901
:10CBF0002274F7120CB574ED12125BE9FE901AD193
:10CC0000F0AC18AD1912CC1D74121214A9EE12CC8E
:10CC10002AAA18AB1912CBBC741302B473901DCDA1
:10CC2000E0F97AD57B1A122B1E22F0901DCDE0F987
:10CC30007CD57D1A2274F4120CB58A088B09901DDC
:10CC4000CFE064FE7003A3E0F4706C7A167B0012F0
:10CC50001AA48A0A8B0BAE0AAF0BEA4F60598A827C
:10CC60008B83740112CFAAA3E08A828B83A3600412
:10CC7000740280027401F0EA240AF8E43FF9E5083E
:10CC8000241D12CCBE12EF9C12ACBFF0A2E34009EF
:10CC900012CCC612D89C122BA2E50812DD0C350965
:10CCA00012E7C9EE241312CDA3EEFA12CCD012CCA7
:10CCB000C612D4F212CDCA02ABE9E5082413F582FC
:10CCC000E43509F58322E50812E7A83509F5832242
:10CCD000EFFB901AD2E0F9121AB02274F2120CB5DE
:10CCE00074FD12125B8A088B09890A8C0B7401127D
:10CCF00014A9740412DBFB607212CDAC7407F0E56A
:10CD0000082413FAE43509FB8A82F58312ACC012B9
:10CD1000CDBAA312DBEA12CE6688828983A3A3A3CD
:10CD2000F012CD8FE508240BF8E43509F912CD791E
:10CD300012CDCA12CFB2EE241312DD9B650A600633
:10CD40007401650A700712CD877404800412CD87C0
:10CD5000E4F0901DCF12C06D12CDCA7401650B7046
:10CD60000312CDA0EE12E59CF980027910901DCF40
:10CD700074FEF0A304F002ACDDEE12CD813FF5832A
:10CD8000222418F582E42212B0587440F0A322EE57
:10CD9000241612CD9622F582E43FF5837401F02229
:10CDA000EE2411F582E43FF583E4F02212E7A73F79
:10CDB000F58312BB528882F58322A312F33722E057
:10CDC000F8A3E0F985188285198312CE8E2274F4B7
:10CDD000120CB58A088B097A007B04901AD2E0F90C
:10CDE000121C0012CE75901A877409F012D6181210
:10CDF000CCBA12D89C12F0A4640170677A0F7B0041
:10CE0000121AA48A0A8B0BAF0BEA4F60568A828BE8
:10CE1000837402F0E50812D86B350912D8B8FC8883
:10CE2000828983A3A3E0FBEC8A828F83A3A312D918
:10CE3000E588828983A3A3A3E08A828F8312CE66CA
:10CE4000FAA3E0FB794A1223B0850882850983A3FF
:10CE5000A3A3A3A3A3E070069018AE7405F0AA0ADA
:10CE600012CCD002ABE9A3F0E5082415F582E43535
:10CE700009F583E0229019EA12BB52901D8D12CE63
:10CE80008E9019EC12BB52901D8B12CE8E22E8F0C0
:10CE9000A3E9F02274F4120CB574FD12125B8A0837
:10CEA0008B0974011214A9740212DDA1700302CF60
:10CEB0007212CDAC7404F0A3E412CF9DA3A3A3E03F
:10CEC0006401700888828983A37420F085088285B4
:10CED0000983A3A3A3A3A3E06401700988828983C3
:10CEE000A3E0D2E6F0850882850983A3A3A3A3A3C8
:10CEF000A3E06401700A88828983A3E0D2E78006F8
:10CF0000EA12B015740112CFAAE0640170238508FB
:10CF100082850983A3A312CF976004EA12CD90857E
:10CF20000882850983A3A312CF80EA12CD7A12CD9D
:10CF3000CA850882850983A3A3A3A3A3A3A3E0644E
:10CF4000017009EA240F12CD92A3E4F085088285CE
:10CF5000098312901C600612B9FC4404F012CFB28F
:10CF600085088285098312CF8412BA4212E59CF9A2
:10CF70008002791002C068EE2413F582E43FF58345
:10CF800012BB522212CF882212BB568E828F83226E
:10CF9000EE12E3D53FF58312BB52E8492212CFA12E
:10CFA00022F0850882850983A32212CFA1A3A3A31F
:10CFB000A322EE12D20B2274F5120CB574F31212E6
:10CFC0005B890AEAFEEBFF7508007509007C0D7DA0
:10CFD000007900AA18AB19121A8612D0CB12D1A769
:10CFE000741F58600C7AD37B001220DA790002D0CB
:10CFF000C6E8A2E55008740C1214A97401F0E8A266
:10D00000E75008740B1214A97401F0E8A2E6740A40
:10D0100050081214A97401F080081214A9E06401E8
:10D0200070138E828F83A3A3A3A3A3A3A3E0603076
:10D03000EE241380128E828F83A3A3A3A3A3A3A3A2
:10D04000A3E0601CEE241512E4E7E5084509601032
:10D05000AC08AD0974021214A9AA82AB83121C2A6F
:10D0600012BF7112CDBF740A1214A9E06401704D91
:10D07000901DC1E0604E64017008901DA8E0701919
:10D080008042E064027012EE240B12CF7A901A7B79
:10D09000E0687003A3E069702B12900F7026E5081A
:10D0A00045096019122BDE8A088B09AC08AD09749A
:10D0B000021214A9AA82AB8312F0A46007AA18ABCB
:10D0C000191225F6A90A740D02B702EE241DF58285
:10D0D000E43FF5832274F7120CB574CD12125BEAAB
:10D0E000FEEBFF8A82F58312DD1C129DC9A2E0408F
:10D0F0000302D18B8A828B8312D1B4E054FE12EBEF
:10D10000F7740D12123B12BB3D12D1A212D1901234
:10D11000D89C122BD8E97073742A1214A912D1AEBC
:10D1200070697C0D7D007900AA18AB19121A8674FB
:10D13000161214A912CDBF742A1214A912D1A7A2D3
:10D14000E55008740B1214A97401F0E8A2E7500826
:10D15000740A1214A97401F0E8A2E6500474208045
:10D160000274221214A912BA1474021214A9AA8207
:10D17000AB83121C2A8E828F83A3A3E0C0E0740CC1
:10D180001214A9D0E012CBE71225F0743302B47365
:10D19000F9EA241FF582E43BF5832274962AF5828E
:10D1A00074073BF583E02212C30FA3E0F82212B606
:10D1B000E464042212D8BFA3A3A3A3A322E9F879AD
:10D1C00000740468600A740A686005740368700279
:10D1D000790102115774F6120CB58A828B8374247C
:10D1E000F0A3A37401F01225488A088B09AE08AF9A
:10D1F00009EA4F60078A828B8312D203EEFAEFFBB3
:10D2000002C67B7401F0EA12D20B2212D2237401FF
:10D21000F0122BDEEE241AF582E43FF583EAF0A348
:10D22000EBF0222417F582E43FF58322C082C0830D
:10D23000901DCE02ADABC082C083E9901DCE02AD81
:10D24000A7C082C083901AEE7401F0E9A2E35003F4
:10D250007403F0E9A2E15004E0D2E2F002C4757474
:10D26000F6120CB579007C008A088B097808120E3A
:10D27000CDF8FF0794D292D292D292D292D28AD291
:10D280008ED294D286D27C01800A7C0480067C02F5
:10D2900080027C08901AEEE05C600479028005EC64
:10D2A0006002790102C67B74F4120CB5EAFEEBFF52
:10D2B00089081224DC8B0BA90BEA49603E8A828B19
:10D2C00083A3A3A3A3E06033C39405502E74016528
:10D2D00008601A8A828B83A3A3A3A3E06401600D74
:10D2E0008A828B83A3A3A3A3E0640270078A828B44
:10D2F0008312D302EEFAEFFB1224E802ABE98E822E
:10D300008F8312B35A1226B02274F6120CB58A8299
:10D310008B83E07014A3A3A312CF97600C8A828B37
:10D320008312D89912289C80047A007B0002C67B65
:10D33000C082C083901A87E064087003122C9E029A
:10D34000C475C082C0837800E875F003A4FCA9F01E
:10D35000E9FD12D3D16A7003A3E06B7018903A9C78
:10D36000E493C0E074F12CF582741A39F583D0E0AF
:10D37000F079C5805908E8C3940340CC7800E8757B
:10D38000F003A4FCADF012D3D164FE7003A3E0F46B
:10D39000601E08E8C3940340E57800E875F003A434
:10D3A000FCADF074F12CF582741A3DF583E0701534
:10D3B000E812E86212D9E4903A9CE4938882898367
:10D3C000F07900800908E8C3940340CF79C702C40C
:10D3D0007574F22CF582741A3DF583E022C082C088
:10D3E000837C00EC75F003A4F8A9F074F228F582B0
:10D3F000741A128C916A7003A3E06B700912EBD55A
:10D400006004790180090CECC3940340D6790002D2
:10D41000C47574F2120CB574DD12125B8A088B09A4
:10D42000750A00901A78E06A7003A3E06B7010EA46
:10D430004B700302D4DA750A01122CA402D4E7124D
:10D4400024D68A0C8B0DAE0CAF0DEA4F700302D4BC
:10D45000DA8A828B83A3A3A3A3E06401600D8A828E
:10D460008B83A3A3A3A3E06402706F851882851940
:10D4700083E412BB49740B1214A9E8F0A3E912CBA0
:10D48000E7122482E960538E828F8312D4F212CD88
:10D49000CA74031214A9AC82AD8374181214A9AA19
:10D4A00082AB83121C2A79001226A474201214A9BC
:10D4B00012D9E474221214A9E4F07C028E828F83C4
:10D4C000A3A3A3A3E0F9740D121233122C3E750A24
:10D4D0000112D4EE12A9F9F0800D901A8512BA1437
:10D4E000AA08AB09122D58A90A742302ACDF12E76F
:10D4F000DD2212BB52901DCF22C082C08374FE1267
:10D50000125B79011226AA851882851983EAF0A395
:10D51000EB12D535901A7812D9E5AA18AB197953C0
:10D520001223B085188285198312D89C12203E746C
:10D530000202BB30E412D5392212DD29E02274F454
:10D54000120CB574F312125BEAFEEBFF8C088D0926
:10D55000750A12EA4F7005790002D613901A78E026
:10D560006E7003A3E06F701412D618AA08AB0912EC
:10D57000F0A47005750A018003750A00851882857C
:10D580001983E4F0041214A9EEF0A3EF12CBE71212
:10D590002476E9602874031214A9AA82AB831224AA
:10D5A00052E964017017750A0174031214A9AC8260
:10D5B000AD83AA08AB0912F0A47016801774126527
:10D5C0000A7011AC08AD09EEFAEFFB1224BEE96057
:10D5D00003750A00AC08AD09EEFAEFFB122D76E9EF
:10D5E000F8740A687005750A01801D74A0687012CD
:10D5F000AC08AD09EEFAEFFB122D88EEFAEFFB1244
:10D600002D9A7401650A70097900EEFAEFFB122C6D
:10D61000B0A90A740D02ABE6122BDE8A0A8B0BACA2
:10D620000AAD0B2274F6120CB5EAFEEBFF89081264
:10D630002C9EE508F5097809121199790DEEFCEF99
:10D64000FD7AFD7BFF122CBC02C67674F7120CB576
:10D65000EAFEEBFF8A82F583A3A3A3A3A3A3A3A35C
:10D66000E06019EA241512946012BF7212D89C125D
:10D670002CAAE96401700512BF71802D8E828F8300
:10D68000A3A3A3A3A3A3A3E0602912B01412D6B846
:10D69000FAA3E0FB122CAAE9640170178E828F8333
:10D6A000A3A3A3A3A3A3A3A3A312D89C122C9279F0
:10D6B000018002790002B47612D6C4A3A3A3A3A367
:10D6C000A3A3E02212BA1C8E828F83A3A32274F23A
:10D6D000120CB574FD12125B8A088B09ECFEEDFF8B
:10D6E000890A750B0174011214A9740412E5B36060
:10D6F0004474111214A9E0601512DD12E412E15312
:10D700008A828B83E0D2E7F0EA241412B1C712D7E1
:10D710003A12CDB07403F0A3E50AF0EE8882898353
:10D72000A3A3F0EF88828983A3A312CDBA12F34793
:10D7300012E59FF50BA90B02ACDD12E7A73B2274A3
:10D74000F1120CB58A0C8B0D890875090112D86A83
:10D75000350D12D8B8F50E88828983128E3B12D807
:10D76000A012D862E06404600A7AD37B001220DA47
:10D7700002D85BE50E1210650200028DD7030B1371
:10D78000D8030C03D80DE5D70E13D810D8901A7211
:10D79000E0A2E1507E7900EFFB122734EA4B603AB9
:10D7A0008A828B83A3A3A3A3A3A3E05418602B12A4
:10D7B000D87A120FE08A828B83A3A3120FE079003C
:10D7C000850C82850D83A3A3A3A3A3A3A3A3A31264
:10D7D000D88312D8AF1211C380247901EEFAEFFB7F
:10D7E000122602802E901A72E0A2E15026E9FB1266
:10D7F0002C8CEEFAEFFB122C92E964C570157509BA
:10D80000008010901A72E0A2E1500812206280039A
:10D81000750800E50C2409F50AE4350DF50BEEFC5E
:10D82000EFFDA90E850A82850B8312D89C12261A59
:10D83000850A82850B8312901C602012D871E0C388
:10D840009402401712D87A12E07D7003A3E0696059
:10D850000AE509A2E05004A908800279007F0702C6
:10D860000F13E50C241712C2F722EA241DF582E4F7
:10D8700022E50C12C5CF12C2FA22E50C12E7A8125B
:10D88000C2FA2212D8872212BA1C8A828B83228A79
:10D89000828B83A3A3A3A3A3A3A3A3A312B35A22FC
:10D8A000A3A3A3E0F8E4C8F9EA28FEE439FF2212B2
:10D8B000B35A12274C740422F58312D8BFE0221207
:10D8C000BB568882F583A32274F0120CB574F31250
:10D8D000125B74031214A9ECF0A3EDF08A0E8B0F07
:10D8E000890B7E01EE1214A9740AF0741D1214A99A
:10D8F000E0F50AE9700FE50AC333240AC0E0EE122E
:10D9000014A9D0E0F0AA18AB19122C628A088B096E
:10D91000EA4B700302D9D312ABD6350912E14B8E14
:10D9200082F5837409F0E50BC43354E0450AA3F093
:10D93000EE2402FE50010F74031214A912BA22FA47
:10D94000EFFB12DAAF50010FE50B70357800741E53
:10D950001214A912D89C8023E812C2D8EA2CF50C24
:10D96000EB3DF50D850C8212C5DC12D9D98E828F64
:10D9700083A3F0EE2402FE50010F08E8C3950A408D
:10D98000D7E508241712CCBE7401F0122BDEE5088F
:10D99000241A12CCBE12D9E4740512123BAA0EABA3
:10D9A0000F12245EE96019E508241612CCBE74013A
:10D9B000F0740512122BE508241812CCBE12CDCA41
:10D9C000850882850983A3A312DBF3AA08AB091299
:10D9D000E59FFEEEF9740D801312C355E022851801
:10D9E00082851983EAF0A3EBF02274031211C37F3E
:10D9F00008020F1374F0120CB574F812125B8A0E41
:10DA00008B0F12D86A350F12DBDAF8741F58F50A3B
:10DA1000880BA3AE82AF8312DAA750010F12F09CDD
:10DA2000607974E0550B706CAA0AEA2AFA7B00123E
:10DA3000E05F60677A00802B8E828F83E0FCA3E03A
:10DA4000F8E4C8F9EC28E439FDEA12DAA0E5082880
:10DA5000F582EB39F583ECF0A3EDF0EE2402FE50F5
:10DA6000010F0AEAC3950A40CF7808121195780A87
:10DA7000121199740312123B7900E50E12ABD735DF
:10DA80000FF58312E06974031211C3AA08AB0912DF
:10DA90001B3A80077AD37B001220DA740802D9EC93
:10DAA00025E0F8E433F922EEFCEFFDAA18AB1912D9
:10DAB0001C2AEE2408FE2274F0120CB574FE121219
:10DAC0005B12D9DE890C8C0E8D0F9018E612CF9761
:10DAD000607A74121214A9E0F50B12DAA0E8240E91
:10DAE000FAE439FB121AA48A088B09AE08AF09EAD6
:10DAF0004F60598A828B8374D412DB6D8A828B8348
:10DB0000A3A312F32FA3A3A3A3E50CF0AC0EAD0FB8
:10DB1000EA2405FAE43FFB121C2A12DB51E50BF064
:10DB200074131214A912DB60121191AC0BEC2CFCD3
:10DB3000E433FDEE240EFAE43F12ACB81211C3EE4A
:10DB4000FAEFFB9018E612C30B120E2D740202D9E5
:10DB5000ECEE12DB5622240DF582E43FF58322A37E
:10DB6000E0F508A3E0F509750A0078082212D53916
:10DB7000F8A3E0F92212BB52850C82850D83227432
:10DB8000F6120CB574F812125B890812D86A3B12AF
:10DB9000DBDAF9741F59F88909A3AE82AF837401E7
:10DBA00068702912DAA750010F12F09C602574E00A
:10DBB000550970188E828F83A312BF6912E7B98E40
:10DBC000828F83E0F9122CF8A90880097AD37B00B0
:10DBD0001220DA7900740802C678F583E02401FE89
:10DBE000A3E034008E82F583E022E088828983A35B
:10DBF00022F583E50EF0A3E50FF02212DDAF8A0CCB
:10DC00008B0DAE0CAF0DEA4F2274F0120CB574FD03
:10DC100012125B74011214A9EAF0A3EB12DD25E4E1
:10DC2000F0041214A912DD1C12D86B3812DDC8885A
:10DC30008212E14B74011214A912DD1C12DD0C38A2
:10DC4000F58312D89C1224DCEA4B700302DD098AAA
:10DC5000828B83A3A3A3A3E0700302DD09C3940313
:10DC6000400302DD09EEC3940F5003EF600B8518EB
:10DC7000828519837401F0807512BB3612B1CAEE29
:10DC800070229038F3780812132812DD12780812E7
:10DC900014349038F3780812132812E5A478081287
:10DCA0001434803BF5087509007402780812138754
:10DCB00074F32508F582743812CCC1780C1213283D
:10DCC00090873A7808121452780C7908120BC61211
:10DCD000DD12780C12143412E5A4780C121434EA14
:10DCE000241BF582E43BF5837401F01220A4901DFF
:10DCF000AAE0FC851882851983E0F974011214A941
:10DD000012F31D12D89C122CE602D9EA2415F582D2
:10DD1000E422EA2417F582E43BF5832212DD202277
:10DD200012F45EC82212DD2922F08518828519833B
:10DD30002274F0120CB574F512125B8A0E8B0F89E7
:10DD4000098C08750C0174011214A9740312DDA169
:10DD5000604212CDAC740C12F34B88828983A3A36A
:10DD6000E50812D205740312123BAA0EAB0F12245F
:10DD70005EE9600FEE241612DD9B12122B12CD7994
:10DD800012CDCA8E828F83A3A3E50EF0A3E50F12F6
:10DD9000DDB8F50CA90C740B02D9EC12CD96740306
:10DDA0002212DDAF8A0A8B0BAE0AAF0BEA4F22F0CC
:10DDB000AA18AB19122C6222F0EE241312CD96EEA3
:10DDC000FAEFFB122542E922F583E02401F8A3E0F3
:10DDD00034002274F6120CB574DA12125BEAFEEB10
:10DDE000FF8A82F58312DE3E12CF95604C8A828BC9
:10DDF0008312D89CAC18AD1912933C74091214A963
:10DE000012E07D7003A3E069602F8E828F8312C3BE
:10DE10000B120FE07508FE7509FF78081211957452
:10DE20001C1214A9E0F9740D1214A912BA14740F7B
:10DE30001214A912D8AF1211C3742602C67812DECA
:10DE40004222E0F8A3E0C8241FF582E4382274F7E8
:10DE5000120CB5E9FD7A007B007C00800B12DEF726
:10DE6000E02AFAA3E03BFB0C903A9B12E972503097
:10DE7000EC75F01CA4F8AEF0EEF9744E28F582743F
:10DE800005128C91F460E0745A28F58274053912F9
:10DE9000CF9560D3ED60C612DEF7E4F0A3F080C743
:10DEA0007C00800B12DEE4E02AFAA3E03BFB0C12BC
:10DEB000E96F502DEC75F017A4F8AEF0EEF912EF03
:10DEC000127003A3E0F460E674AB28F5827407399E
:10DED00012CF9560D9ED60CC12DEE4E4F0A3F080BF
:10DEE000CD02B476EC75F017A4F8EEF974AB28F512
:10DEF00082740739F58322EC75F01CA4F8EEF974EE
:10DF00005A28F582740539F5832274F0120CB5E9AC
:10DF1000FE8A088B09901AD1E0C39E5034122C322D
:10DF2000901B0312F349901A6BE0F50CE4F50DF524
:10DF30000EF50F9086C27808121452780C790812E8
:10DF40000BC6780C12118D7A007B02128EAC121166
:10DF5000C302D9EF74F6120CB5EAFEEBFF901AEF8C
:10DF6000801388828983E06E7003A3E06F603C8831
:10DF7000828983A3A312CF9770E87A047B00121BD7
:10DF8000348A088B09A808A909EA49601E8A828B8D
:10DF900083EEF0A3EFF0901AEF12D89C8882898369
:10DFA000A3A312D9E4901AEF12CDCA02C67B74F46F
:10DFB000120CB57E00901AEF80070E88828983A329
:10DFC000A312CF9770F4EE25E0FAE433FB12E05F82
:10DFD000700302E0597C00901AEF802A88828983BE
:10DFE000E0F50AA3E0F50BEC25E0FAE433FBE508E5
:10DFF0002AF582E5093BF583E50AF0A3E50BF00C71
:10E0000088828983A3A312CF9770D1901ACD12E092
:10E010007D7003A3E06978087019121195EEF50A76
:10E02000780A1211997C997D1A7900901ACD12E024
:10E0300069801A121195EEF50A780A1211997C99E5
:10E040007D1A7900901ACD12D89C122CC874031234
:10E0500011C3AA08AB09121B3A12255A02ABE912E6
:10E060001B348A088B09EA4B2212B35A122CD42291
:10E070008E828F83A3A3A3A3A3A3A3A3A312BB52A4
:10E08000901A78E06822C082C08380128A828B83D3
:10E09000A3A312CF80901AEF12CDCA121B3A901A86
:10E0A000EF12B35170E602C47574F5120CB5901AF4
:10E0B0008512E4ED901B0312CF80901A8512CDCA11
:10E0C0007A037B1B79501223B0901B0312E14D752C
:10E0D0000A00800F12EA317003A3E06F600312E8B8
:10E0E0007E050A12E13F5020E50A75F017A4F8A951
:10E0F000F012E8D565087004A3E0650970D612E84F
:10E10000DEEEF0A3EFF080D9901B0312E14D9018E2
:10E11000E812CF9760267A067B00121AA4EA4B60B9
:10E120001B8A828B8374D5F0A3A3E412B1D0A3041D
:10E1300012E1539018E812C30B120E2D02B705908E
:10E140003A80E493F8E50AC398223BF583E0FEA306
:10E15000E0FF2212B54AEEF0A3EFF022C082C083A6
:10E16000901A78E064FE7003A3E0F4600E901A72D7
:10E17000E0A2E15006122D7C122D2202C47574F02B
:10E18000120CB5901AC6E0604CF50CE4F50DF50ED6
:10E19000F50F90869A7808121452780C7908120BB1
:10E1A000C6121A9E8A088B09A808A909903A7CE42D
:10E1B0009358F508A3E49359F509E4F50AF50B78AB
:10E1C0000C7908121302780C12118D7A007B01125F
:10E1D000E1DC1211C302D9EF7A007B40901AD2E041
:10E1E000F9121BFA74042274F0120CB574FE1212A8
:10E1F0005B7E007F008E0E8E0F1224FA750A00805F
:10E2000026AA0A7B001224F48B09A909EA496015A1
:10E210008A828B83A3A3A3A3E06004640470061224
:10E220009E2660010F050A903A9B12E14240D212ED
:10E230002D5212D9DE750800801BAA087B00122D12
:10E240005E8B0BA90BEA49600AEA12EBCE129E34F0
:10E2500060010E050812E3ED40E0EF2EFE700302B0
:10E26000E344F50875090074027808121387AA08B8
:10E27000AB0912F700700302E342750B00EEF508DC
:10E2800075090074027808121387AC08AD0979FF8C
:10E29000121A86750A008052AA0A7B001224F48A98
:10E2A0000C8B0DEA4B60418A828B83A3A3A3A3E06E
:10E2B000600464047032129E26F9602C050B850EF2
:10E2C00008850F097808121195EEFD850C82850DE1
:10E2D00083A3A3A3A3A3A3A3A3A3E0FC850C82858C
:10E2E0000D8312E3E41211C3050A903A9B12E14236
:10E2F0005006E50BC39F40A075080012E3ED5044A3
:10E30000AA087B00122D5E8A0A8B0BEA4B602FEA6B
:10E3100012E3D5350BF583129E34F96021850E0C7E
:10E32000850F0D780C121195EEFDE50A240E12E30F
:10E33000DBFC850A82850B8312E3E41211C3050816
:10E3400080B97E007F62901A70E0600BF91229E6B6
:10E35000E9F87454C398FF75F003EF84F50894202E
:10E36000400375081F850E0A850F0B750C00EF60C2
:10E3700005750C207F00E508C39E500585080980BF
:10E38000088E09E50CD2E6F50CAC0AAD0BAA0CA977
:10E3900009122D2EE9F50DE50CA2E6401D150978B0
:10E3A00000800BE50A2404F50A5002050B08E8C3B7
:10E3B000950940EFE509CEC39EFEE97006E50CA283
:10E3C000E650A8E50E450F6007AA0EAB0F121B3AE8
:10E3D000A90D02DB4C240FF582E422F582E4350B13
:10E3E000F583E02212B35A122D2874022285188276
:10E3F00085198312BB52C3E50898E4992274F2127E
:10E400000CB5E9FE750A00750B00740E1214A91202
:10E41000E4ED7F00801185080A85090BE5082404D6
:10E42000F508500205090FEFC39D400302E4D285B1
:10E430000882850983E0F47003A3E0F46076E50ABE
:10E44000450B600E850A82850B83C3E09AA3E09B8F
:10E4500050C485088285098312F063EB9950B7A8F0
:10E4600008A90988828983E0F47003A3E0F4600DB1
:10E47000E82404F85001090FEFC39D40E6880A899B
:10E480000BE824FCF8E934FFF98882F58312900741
:10E49000850A82850B83E50CF0A3E50D12E4D51205
:10E4A000E4DB12E4D5A312E4DBA3F0C3E50898E5AE
:10E4B000099940C985088285098312D9E4EC850849
:10E4C00082850983A3A3F0EE850882850983A3A32F
:10E4D000A3F002ACE2F08882898322A3A3E0850A3C
:10E4E00082850B83A3A322F582E43FF583E0F50840
:10E4F000A3E0F5092274F3120CB574FD12125B89C6
:10E50000088A09ECFEEDFF750C0175F003E9A424FF
:10E5100002C0E074011214A9D0E012E5B3607112D8
:10E52000D73A12CDB07408F0741F55084509A3F00E
:10E53000E82402F85001097C0080378E828F831214
:10E54000ACC012E5AE12DBEA12BA31C454F054701A
:10E55000FD8E828F83A3A3A3E054074D8882898315
:10E56000A3A3F0E82403F8500109EE2404FE5001AF
:10E570000F0CECC3950840C38A828B83A3A374FC61
:10E58000F0A374FFF012E5A47401F012E59FF50CFE
:10E59000A90C74031211C37F05020F13FAEFFB12CB
:10E5A0002542E922EA2413F582E43BF5832212BADC
:10E5B0003CA32212DDAFEA4B2274F1120CB58A0A99
:10E5C0008B0B7508007AFE7BFF7CFE7DFFE50A124F
:10E5D000D86B350B12D8B8FE741F5EF509E824021B
:10E5E000F50CE439F50DEEA2E74074E50A241712A4
:10E5F000E3DBF875F003E509A42402687061E5091E
:10E60000600B850C82850D83E0FA12E7B97F0080EC
:10E6100029850C82850D83A3A3E05407F50EE50C34
:10E620002403F50C5002050DE8FC901A78E06870A0
:10E6300003A3E0697003850E080FEFC39509502905
:10E64000850C82850D8312F45EFCE4CCFDE82CE49D
:10E650003DF9850C82850D83A3A3E0548860B27ACE
:10E66000D37B001220DA02E79AE508700BEEF9126C
:10E670002D3AE9700302E79AE50A12ABD7350B127F
:10E68000ABDB8A0C8B0DAE0CAF0DEA4F605A8A8261
:10E690008B83A3A3A3A3A3A3A3E4F0903A8593F849
:10E6A0008A828B83A3A3A3A3A3A3A3A3E0C39840BD
:10E6B0002412E7AE5001097A027B00120B65E88E46
:10E6C000828F83A3A3A3A3A3A3A3A3F0E508C3946A
:10E6D00007500205088E828F83A3A3A3A3A3A3A33D
:10E6E000A3A3E508F002E79A7CFF7DFF12E79D12E5
:10E6F000D89C122D468A0C8B0DAE0CAF0DEA4F70D4
:10E700004512EE80700302E79A7C177D00790012B3
:10E710001A8612E79D12CF84128CAD8E828F83A34E
:10E72000A3A3A3A3A3A3A312BA4212B9F874AA1273
:10E73000EEA35001097A027B00120B6512DB51E84F
:10E7400012E7D37401F0903A85E493F8128C84C3F5
:10E7500098401912E7AE5001097A027B00120B654E
:10E7600012EE9CE508C394075002050812EE8EE5F0
:10E770000812E7D8E4F012A348122452E9701B856E
:10E780000A82850B83A3A3A3A3A3A3A3A3E0600A88
:10E79000E50A12DD0C350B12E7C902D85DE50A1255
:10E7A000E7A8350BF58322EA240BF582E422903AA0
:10E7B00085E49379002401F82212E7BD22A3E0F852
:10E7C000E4C8F9EA28E439FB22129E5312A3491245
:10E7D0001C2A22F012EE9222F012E7DD22EE12E75E
:10E7E000E53FF58322240CF582E42274F7120CB580
:10E7F000E9FE74FE6A700374FF6B603574605E64DA
:10E8000060602EE9A2E5401CA2E6901A78500DC384
:10E81000E09AA3E09B501A790002B476C3E09AA371
:10E82000E09B40F3901A7812CF80C3EC98ED9940AA
:10E83000E6790180E474F7120CB57E008005EE12D3
:10E84000E8770E12E8CB40F67E00EE12E86274FE26
:10E85000F0A30412E4D5E4F00EEEC3940340EB02FF
:10E86000B47675F003A4F8A9F074F128F8741A3995
:10E87000F98882F583A32275F017A4F8A9F012E8AD
:10E88000C2122D642274F7120CB57E0080010E12A4
:10E89000E8CB5027EE12EDD6E06A7003A3E06B7070
:10E8A000ED12E8D56C7003A3E06D600A74FF6C7024
:10E8B0000374FF6D70D812E8C280047A007B0002F6
:10E8C000B476749628FA740739FB22903A80E49360
:10E8D000F8EEC3982212E8D92212E8DEE02274A0F2
:10E8E00028F582740739F5832274F6120CB57CFF83
:10E8F0007DFF7AFE7BFF122D46EA4B7040750800C3
:10E900008036E50875F017A4F8A9F074A528F582FB
:10E910007407128C91600C74A428F5827407128C11
:10E92000917013749628FE740739FF8E82F5831256
:10E93000EBE1EEFAEFFB050812E94040C502C67BA9
:10E94000903A80E493F8E508C39822C082C0837AA5
:10E95000007B007C00801012EF0A7003A3E0F460DB
:10E96000050AEA70010B0C12E96F40EB02C47590C6
:10E970003A80E493F8ECC3982274F4120CB58A0838
:10E980008B09ECFEEDFF800B122D64EEFCEFFDAA6F
:10E9900008AB09122D46EA4B70EE02ABE974F71290
:10E9A0000CB57D007C0080020D0C12E96F501C122A
:10E9B000EF0A7003A3E0F460F0EDF8EA684B70E84A
:10E9C000EC75F017A4F812E8C280047A007B00020C
:10E9D000B47674F7120CB5EAFEEBFFEA4F600E1244
:10E9E000E9F074FEF0A30412E9FEF0A3F002B4769D
:10E9F0007C177D007900121A868E828F832212A8DE
:10EA000086A32274F7120CB5EAFEEBFF75080080AE
:10EA100018E50875F017A4F8A9F012EA317003A3FD
:10EA2000E06F600312E87E050812E94040E302B49B
:10EA30007612E8D96E2274F4120CB58A088B09ECB0
:10EA4000FEEDFF901A85E06E7003A3E06F700A126E
:10EA5000EA7C6005EA24088016EEFCEFFDAA08AB0C
:10EA600009122D468B09A909EA496009EA240DFA21
:10EA7000E439FB80047A007B0002ABE91224D68BD8
:10EA80000BA90BEA492274F4120CB5EAFEEBFF8CD9
:10EA90000A8D0B750800750900802BE50975F017C4
:10EAA000A4F8A9F012EEF1601BE50912EEFE700366
:10EAB000A3E06F700375080AAC0AAD0B12EDEC60B1
:10EAC000034308A00509903A80E493F8E509C39848
:10EAD0005004E50860C502C40974F4120CB574F85A
:10EAE00012125B750800806BAA087B001224F48A5E
:10EAF0000A8B0BAE0AAF0BEA4F60568A828B83A358
:10EB0000A3A3A3E0640160498A828B83A3A3A3A388
:10EB1000E06402603CEA2407F582E43F12EBE8502F
:10EB2000308A828B83A3A3A3A3A3A3A3A3A3A3E459
:10EB300012B55F12CDBB12EBE1AC18AD198E828F0E
:10EB40008312D89C12245EAA18AB191224E8122052
:10EB5000A40508903A9B12E943408D7E00804DEE5B
:10EB600075F017A4F8AAF0EAF912EF127003A3E007
:10EB7000F46038749628F8740739F9E812E7E53933
:10EB800012EBE85026EE75F017A4F8EAF97496280F
:10EB9000F8740739F9E812EBCEE4F0E8240EF582B8
:10EBA000E439F583E412EBF71227520E12E8CB405A
:10EBB000AE7A00EA75F003A4F8A9F012EBD5600272
:10EBC00014F00AEAC3940340EA740802ABE612E3C5
:10EBD000D539F5832274F128F582741A39F583E06A
:10EBE0002212B35A12275222F583E0F8740128F05A
:10EBF000901AC7E0C3982212E4D512B35A2274F0D7
:10EC0000120CB58A0E8B0F8C0A8D0B750C007800D8
:10EC100079017EFE7FFF74101214A912E4ED8011B9
:10EC2000121A9EE50CF5F0EA84E5F0F8750C00790F
:10EC3000007C00800B74962AF582740712E14A0C5E
:10EC4000903A80E493FAECC39A506AEC75F017A4FA
:10EC5000FAADF0EDFB12D19B64FE7003A3E0F4600B
:10EC6000DE12D19B650E7004A3E0650F60D112D156
:10EC70009B650A7004A3E0650B60C412D19B650814
:10EC80007004A3E0650960B774A42AF582740712C2
:10EC9000D1A260ABC3940850A6E064076097E90571
:10ECA0000C709CE50CC3984096EDF974962AF58299
:10ECB000740702ED627C00800712ED9612E14A0CA7
:10ECC000903A9BE493FAECC39A400302ED6AEC7528
:10ECD000F01CA4FAADF0EDFB12ED9612D1A264FE89
:10ECE0007003A3E0F460D812ED9612D1A2650E7005
:10ECF00004A3E0650F60C812ED9612D1A2650A70F8
:10ED000004A3E0650B60B812ED9612D1A2650870FD
:10ED100004A3E0650960A874532AF582740512D132
:10ED2000A2609CC394085097744E2AF58274051211
:10ED3000D1A264016089E06402608474532AF58280
:10ED4000740512D1A26407700302ECB9E9050C60E6
:10ED50000302ECBFE50CC398500302ECBFEDF912BF
:10ED6000ED9639F58312F3148022E50C6011E870FA
:10ED70000E7401650C600302EC20780102EC2C7427
:10ED8000FE6E700374FF6F6006EEFAEFFB80047A8C
:10ED9000FE7BFF02D9EF744A2AF58274052274F5CE
:10EDA000120CB5EAFEEBFF8C088D09750A00800293
:10EDB000050A12E13F501CAC08AD09E50A75F017D1
:10EDC000A4F8A9F012EDEC60E7E50A12EDD6EEF03A
:10EDD000A3EFF002B70575F017A4F8A9F012EDE162
:10EDE00022749628F582740739F58322749828FADC
:10EDF000740739FB121C24E922E9F87907C3940D42
:10EE0000400479018019E8C3940740047903800F16
:10EE1000E8C39403400479058005E8700279000294
:10EE2000115774F0120CB58A0E8B0F8C0A8D0B895A
:10EE30000812EE80604712E9F0E50EF0A3E50F122C
:10EE4000E9FEE50AF0A3E50BF0E508600712B9F763
:10EE5000E508800512B9F77401F0901ACCE064015E
:10EE6000700612EE8EE4800512EE8E740712EEA389
:10EE70005001097A027B00120B6512EE9C02D9EF59
:10EE8000122D4C8A0C8B0DAE0CAF0DEA4F2212EEF8
:10EE90009222EE240EF582E43FF58322EE12DB5639
:10EEA000E8F022F0903A85E49379002401F8227486
:10EEB000F7120CB5EAFEEBFF750800802CE508128E
:10EEC000EEFE7003A3E06F601474FF6E700374FFB6
:10EED0006F701412EF127003A3E0F4600A12EEF1E7
:10EEE0007005E50812E877050812E94040CF02B442
:10EEF00076749828FA740739FB122452E92275F0C7
:10EF000017A4F8A9F012EF186E22EC75F017A4F808
:10EF1000A9F012EF1864FE2212EDE1E022C082C0D7
:10EF2000837AFF7BFF122D9A02C475C082C0839042
:10EF30001B0574ACF0A3742DF0901B0774B2F0A302
:10EF4000742DF0901B0974B8F0A3742D02ADA77452
:10EF5000F7120CB5EAF8EBF99019E812EF8E702B66
:10EF600088828B83A3A3A3A3A3A3A3A3A3120FE0CD
:10EF70009019E812EF9C12149288828983A3E0F919
:10EF800012260E74021211C312255A02B47612F31D
:10EF900018CA2406F582E43AF583E02212F318F544
:10EFA000838A8222C082C083901ACF12F05AF090D6
:10EFB0001ACF12CF9770057901122CF202C4757422
:10EFC000F6120CB574FC12125BE9FE903A93E493CE
:10EFD000700574E16E707EEA2408F8E43BF98882DB
:10EFE000F58312F05A12F06A700E901ACFE4F0A373
:10EFF000F07901122CF2805D901DC4E06057FA9008
:10F000001ACF12F063E499504C7900122CF28A085E
:10F010008B09EA75F064A4F8AAF075F064EBA42AF1
:10F02000F9901ACF12D89C120B6DE8941AE994004B
:10F0300040239018E012CF97601B901ACF12CDBFDB
:10F0400074021214A912F349AA18AB199018E0120D
:10F05000C30B120E2D740402C678E02401F0A3E065
:10F0600034002212BB52C3EA982212F455F9E8493F
:10F0700022C082C08374F812125B9085D7AC18ADA1
:10F080001974081210D3AC18AD1912F0A4640170F1
:10F0900004790080027901740802BB30AC18AD1904
:10F0A0007A997B1A121C24E92274F6120CB5EAFE36
:10F0B000EBFF740C1214A912D89C743A6A7001EB1D
:10F0C0006006743B6A4B701F740A1214A9120FE099
:10F0D0008C088D097808121195EEFCEFFD121BBE0D
:10F0E00074041211C38002790A02C67BC082C083F5
:10F0F000901B0B7400F0A37425F0901B0D7406F0A8
:10F10000A37425F0901DAAE0A2E05032901B0F746A
:10F11000D6F0A3742DF0901B1174DCF0A3742DF0C5
:10F12000901B1374E2F0A3742DF0901B1574E8F09B
:10F13000A3742DF0901B1774D0F0A3742DF0901BC6
:10F140000F12CF97600612C84D120E2D02C47574AF
:10F15000F4120CB574E612125B8A088B097404125F
:10F1600014A97402F004121233122C628A0A8B0B57
:10F17000AE0AAF0BEA4F700302F2DA12ABD63F12BF
:10F18000F3047404F0A37460F0EA12B01512D20311
:10F190008E828F8312F347EE241412B9FF701290FF
:10F1A0001A64E0C0E012B9EDD0E0F0901A64E00417
:10F1B000F012F2FB7016901D9DE0600D901A6FE04A
:10F1C000700A8E828F83E0700312CDA0AC18AD1947
:10F1D000EEFAEFFB122BBA8A088B09EA4B70030296
:10F1E000F2D37A217B00121B3474061214A912D9AF
:10F1F000E474061214A912CF97700302F2CC7C219A
:10F200007D00790074061214A9E0FA121A867401BE
:10F2100012123379501223AA74011214A912CF804A
:10F2200074061214A912F31412F2E612CDCA901A3F
:10F230007812CF8074171214A912CDCA7406121452
:10F24000A912F31D7402F074061214A912B12274EB
:10F250000212F33D74061214A912EF9C12CDCA7467
:10F26000061214A912F32712D534C0E07406121442
:10F27000A912DD1C12BB3E38F583D0E0F0EE240E5F
:10F2800012F2F0F583E0C0E074061214A912DD1C3E
:10F2900012F2DFD0E0F074061214A912DE3EF583FC
:10F2A00012F349EE240F12CF7A740C1214A912F340
:10F2B0002FE0C0E0740E1214A9D0E0F07406121210
:10F2C00033122B2A74061214A912B054AA08AB09DF
:10F2D000121B3AEEFAEFFB121B3A741A02ABE6125B
:10F2E000E7E538F58322CA2409F582E43AF583225A
:10F2F000F8E43FF9E8FAE9FB888222EE2411129E35
:10F3000075640122F58312F45E8882F583228518E4
:10F310008285198312F31822E0FAA3E02212DD207D
:10F3200012E7A838F5832212B3167401F0A322E87D
:10F33000F0A3E912F33722F08A828B832212BA35C6
:10F34000F8A3E0F922A3A3A3A3E508F0A3E509F03D
:10F350002274F6120CB57E0080167C047D0079FFC5
:10F36000EEF5088D097402780812138712F6030E61
:10F37000903A8412E8CE40E202C67B74F4120CB5D7
:10F3800074F712125B7508008048E508F50A750BE2
:10F39000007402780A12138712F43C129DE3E024F1
:10F3A000FFF0A3E034FF12F451F97A0A7B00120B4C
:10F3B0006DEA4B701B74081214A912F463121387C0
:10F3C0007433250AF582740B350B12F44712F57568
:10F3D0000508903A8412E943505FE508F50A750B79
:10F3E000007402780A1213877433250AF582740BAD
:10F3F00012E3DEF47003A3E0F460D5E508F50A75C6
:10F400000B007402780A12138712F55112CF95601F
:10F410000302F38A74081214A912F46312138712F8
:10F42000F43C8E8212F44712F6197C047D0079FFB9
:10F43000EEFAEFFB121A86809702ABE47433250ACA
:10F44000FE740B350BFF22F583129E14E8F0A3E93E
:10F450002212F45522F08882898312F45E22E0F8A9
:10F46000A3E0227402F0E508F50A750B0074027837
:10F470000A2274F0120CB574F712125B8A0E8B0F0D
:10F480007EFF74081214A9740212DD25EAF0A3EBC2
:10F4900012F575E9641A700302F54D7900741912BA
:10F4A00014A97808121452800874FF6E7002E9FEE5
:10F4B00009903A84E493F8E9C3985058E9F50C753B
:10F4C0000D007402780C1213877433250CF58274C6
:10F4D0000B12F563E0F47003A3E0F460CCE9F50CE3
:10F4E000750D007402780C1213877433250CF582A5
:10F4F000740B12F563E0650E7004A3E0650F70B045
:10F50000E9F50A750B007402780A12138712F55197
:10F51000F583802CE49369702A74FF6E602CEEF5FD
:10F520000C750D007402780C1213877433250CF8D7
:10F53000740B350DF9888212DBF188828983A3A3CD
:10F5400012F3497901740902D9EC12F56779008048
:10F55000F47435250AF582740B350B22E50C241260
:10F56000F582E412C2FA22901A8512BA18AA18ABD0
:10F57000191223E02212F6201223DA2274F6120C5A
:10F58000B574F712125BEAFEEBFF7A0080010A9075
:10F590003A84E493F8EAC3985064EAF508750900E0
:10F5A0007402780812138774332508F582740B12DD
:10F5B000CCC1E0F47003A3E0F460D3EAF508750968
:10F5C000007402780812138774332508F582740BCF
:10F5D00012CCC1E06E7003A3E06F70B27C047D00BA
:10F5E00079FFEAF5088D097402780812138712F67C
:10F5F0000374081214A9740212F61112F619740990
:10F6000002C67874332508FA740B3509FB121A8682
:10F610002212DD29EEF0A3EF2212F6201223E022BF
:10F62000F0901A8512BA1CAA18AB192274F0120CA9
:10F63000B574FE12125B12D9DE8C0A8D0B750800B0
:10F64000851882851983E06C7003A3E06D601785CF
:10F650001882851983E0FA121BB28A0C8B0DAE0C4E
:10F66000AF0DEA4F700675080102F6FBAA0AAB0B54
:10F67000121BB28A0C8B0DAC0CAD0DEA4D6007AAC3
:10F680000AAB0B121BC4E4F50CF50D780C121195A6
:10F69000EEFCEFFDAA0AAB0B121BAC74021211C3F5
:10F6A000E96058EEFAEFFB12F700604C780E121189
:10F6B000958E0C8F0D780C1211957C007D007404D2
:10F6C0001214A912D89C121BBE74041211C3E97043
:10F6D0001B780E121195780C1211957C007D00AAF2
:10F6E0000AAB0B12C9801211C3E96003750801AAA5
:10F6F0000EAB0F121B3A8003750810A90802DB4CF1
:10F70000121B348A0E8B0FEA4B2274F7120CB5E9E8
:10F710009018C3F07A157B8012224E7A387B0090C5
:10F7200018C3E0F912224E9018E47410F0A374216B
:10F73000F09018E27416F0A37421F09018E0740AA7
:10F74000F0A37421F09018CD7402F09018C574FEE7
:10F75000F0A304F07F01020F1374F2120CB5EAFE5D
:10F76000EBFF5480700302F87380497900122CF289
:10F770008A0A8B0B750C00780C12119978081211FB
:10F7800095780A121195901ACF12FBF19018C4E0E7
:10F79000F91220FE74051211C39018DBE0600E9080
:10F7A000876A120FDC7A0812FAA71211C3AA08ABF3
:10F7B00009121AAA9018C3E0F9121ABC8A088B0918
:10F7C000E5084509700302F86C850882850983E025
:10F7D00024CF603E14607E245F70D2E508240CF5CF
:10F7E00082E43509F583E0F50AA3E0F50B780A1207
:10F7F0000E8100000200380009F8158000F8ADF70E
:10F80000AA08AB091220F280A4AA08AB091220ECC6
:10F81000809B9018D0E0C394045092901A8EE0F927
:10F820009087661214921225BAE970818508828544
:10F83000098312FC0D9018D212FC078508828509F5
:10F8400083A3A312FC0D9018D412FC079018DB744C
:10F85000FFF002F7AD9018DBE0F4600302F76BAA4B
:10F8600008AB091220F89018DBE480E5EEFAEF64AB
:10F8700080807AEAA2E0501C9018DFE0901A7AF0BB
:10F880007ADF7B1879E11223B012208012FE33EE6A
:10F89000640180575402602E9018CE12FC0FE84984
:10F8A000601A9018CEE024FFF0A3E034FFF09086B9
:10F8B000FA120FDC12FAA51211C380059018D0E4D9
:10F8C000F0EE64028025EA540860259018DBE060C1
:10F8D000179018DAE0F99018D61214921225BAE9A6
:10F8E00070069018DBE014F0EE6408FAEFFB800479
:10F8F0007A007B007F06020F1374F4120CB574F7C4
:10F9000012125BEAFEEBFFAC18AD191221D674049B
:10F910001214A9E0F9EE2402F50AE43FF50BEE24F7
:10F920000FF508E43FF509E9C39406505512FA9122
:10F93000600302FA8774051214A9E0700302FA87C3
:10F94000C39406400302FA8785188285198312142E
:10F95000921225BAE9600302FA8785088285098335
:10F96000E09018C4F012FBFB74051214A9E014F027
:10F970008518828519837CD67D1874091210D302EC
:10F98000FA8774FE69706674061214A912FA9C4014
:10F990000302FA87122C3279008518828519837840
:10F9A00008121452E97808121212E508A2E0400782
:10F9B00009E9C3941B40E2901A7AE069700302FAE5
:10F9C00087E99018DFF0901A6BE075F064A4F508F1
:10F9D000A8F0E428F5093395E0F50AF50B7808124C
:10F9E000118D7A0112FAA71211C302FA8774FF6906
:10F9F000705074061214A912FA9C400302FA87127E
:10FA00002C3285188285198312147AE8494A4B6092
:10FA1000278518828519837808121452901A8878DD
:10FA20000812129C601285188285198312147A902C
:10FA30001A8812146E12208074071214A912FAED9B
:10FA4000804512FA91704012FBFB750A00780A1289
:10FA50001199780A121199E4F50B780A1211957828
:10FA60000A121195780A12119590874A120FDC7DBF
:10FA7000007C807AC57B18850882850983E0F912AD
:10FA80002248740C1211C374091211C37F04020FAF
:10FA900013EE240BF582E43FF583E022E0F9901A9F
:10FAA000D1E0C399227A027B009018C3E0F9121BBF
:10FAB000F474042274F7120CB574FD12125BEAFEA2
:10FAC000EBFFAC18AD191221BE851882851983E0B1
:10FAD000701374011214A9E0544060098E828F8360
:10FAE000A3A312FAED74031211C302F754E0FAA3B0
:10FAF000E0FB1221042274F2120CB58A0C8B0D7EED
:10FB000000901A7AE0FCEA2403E4350D0A0A0AFBA5
:10FB10008A82F5837808121452EC7808121212E5E2
:10FB200008A2E0500412FBDEFE79008A828B837803
:10FB300008121452E97808121212E508A2E0505B8C
:10FB4000E9FC12FBDEC39E5052901ACD12FC0175E7
:10FB500008107808121199780C1211959018D41287
:10FB60000FE09018D212FBF179001220FE740512FA
:10FB700011C39018D17401F09018D0E0701590184E
:10FB8000CE743CF0A3E4F09086FA120FDC12FAA5D2
:10FB90001211C39018D0E004F0804009E9C3941B0F
:10FBA000408979017A227B821216B475080278089E
:10FBB00012119975080A7808121199EEF50875095D
:10FBC000007808121195790A901A7AE0FC7D007A83
:10FBD0008C7B871216CC74041211C302F8F4E50C66
:10FBE0002CF582E4350DF583A3A3A3A3A3A3A3E07F
:10FBF00022E0FCA3E0FD7AC57B1822850A82850BF2
:10FC00008312FC0F9018C5E8F0A3E9F022A3A3E04B
:10FC1000F8A3E0F92274EA120CB589118A148B1545
:10FC2000ECFEEDFF75100075080075090079007491
:10FC3000181214A9E0F512A3E0F513E5122403F558
:10FC40000AE43513F50B850A82850B83780C1214B0
:10FC500052E9780C121212E50CA2E05002051009CC
:10FC6000E9C3941B40E0E5106055FA7B00121B3499
:10FC70008A088B09EA4B60477A007900850A8285F9
:10FC80000B83780C121452E9780C121212E50CA2B4
:10FC9000E05025E9FCE5122CF582E43513F583A349
:10FCA000A3A3A3A3A3A3E0C0E0EAFCE5082CF5828C
:10FCB000E43BF583D0E0F00A09E9C3941B40BD752D
:10FCC0000C00780C121199741B1214A9E0F50C7831
:10FCD0000C1211997808121195741A1214A9120FA6
:10FCE000E08E0C8F0D780C121195850A82850B839E
:10FCF000120FDCAD10851282851383A3A3E0FCAA4A
:10FD000014AB15A911122248740C1211C3E5084551
:10FD1000096007AA08AB09121B3A7F0E020F13C035
:10FD200082C083901ACDE06A7003A3E06B600B90F1
:10FD30001ACDEAF0A3EBF0122080D083D08202111A
:10FD40005774F6120CB5EAFEEBFF7A067B00121A26
:10FD5000A4EA4B60278A828B837431F08E828F8372
:10FD600012FD8112FC078E828F83A3A312FD81A353
:10FD7000A312FC079018C3E0F9121AB07F02020F19
:10FD80001312FC0F8A828B83A3A32274F4120CB586
:10FD90008A088B097A227B00121AA48A0A8B0BAE7E
:10FDA0000AAF0BEA4F60628A828B837432F0850857
:10FDB00082850983E08A828B83A3A3F085088285EC
:10FDC0000983A312147A8E828F83A3A3A312146EC5
:10FDD000850882850983A3A3A3A3A3E0F508A3E074
:10FDE000F509750A0078081211917C1B7D00EE243C
:10FDF00007FAE43FFB121A7474031211C3EEFAEF10
:10FE0000FB9018C3E0F9121AB002FA8CC082C083CA
:10FE10009018D1E0601A8A828B83A3A3A3E07010AC
:10FE20008A828B83A3E0700812FE339018D1E4F02D
:10FE300002FD3A901ACFE4F0A3F07901122CF222DD
:10FE400074F7120CB5E97020900000E4F079FF120D
:10FE50001AF8E59D5418F860187408686013741057
:10FE600068600E12165A80097A4A7B1A79001216B7
:10FE7000967F01020F13C082C083901CA3E0F47030
:10FE800006E9F079018002790002FF2A74F6120C6B
:10FE9000B5E9FEEAFF901CA3E0F4602B7A047B0036
:10FEA000121AA4EA4B601C8A828B8374C0F0EFA301
:10FEB000A3F0EE8A828B83A3A3A3F0901CA3E0F9A6
:10FEC000121AB07900800279017F02020F1374F7D1
:10FED000120CB5E9A2E5E433FA121A448093C08209
:10FEE000C083900B87EAF0A3EBF002FF2A74F712AD
:10FEF0000CB5121654E9F8C394535025E9C3944F36
:10FF000040047E0180027E00900B87E0F8A3E0F9B8
:10FF1000E849600AEEF9E0F5838882120E2DEE6062
:10FF20000479018002790002FE71D083D08202112F
:10FF30005774F0120CB574FB12125BEAFEEBFF89EA
:10FF40000BA818A91988088909750A00E50BF50C92
:10FF5000750D00EEF8EFF9AA0CAB0D120B6DEAF877
:10FF6000940A5004793080027937EA29850882851D
:10FF70000983F0EEF8EFF9AA0CAB0D120B6D880EA9
:10FF8000890FAE0EAF0FE84F600F050AA3858208F8
:10FF9000858309E50A940540BA78008508828509B9
:10FFA00083E08C828D83F0E50824FFF508E50934B1
:10FFB000FFF509A3AC82AD8308E50AC39850DCE4E1
:10FFC000F074051211C37F08020F13C082C08312A0
:10FFD000183A02FF2A021157C082C0839017C5E465
:10FFE000F09017BFF0A3F0D083D082021157C082E7
:10FFF000C083E99017C580EE021157021157FFFF29
:020000040002F8
:10800000C082C0831214F8901A097488F0A37427F0
:10801000F0901A0B748EF0A37427F0901A0D7494DC
:10802000F0A37427F0901A0F749AF0A37427F0024B
:10803000BB0874F7120CB59019FBE4F0E99019FA3B
:10804000F0901DB312ABCD12C9AD7CCD7D197AFE77
:108050007B19121C2A901DB5E0901A06F0901A07A1
:1080600074B8F0A374190290C874F0120CB5EAFE4B
:10807000EBFF548070030281D69019FA129CCB70EA
:10808000030281CFEA241B12B661707CEA241F121E
:10809000B66164137002A3E0706E8A828B831282D1
:1080A0003B901A1912ABE0750A00750B00800D1297
:1080B0008F2812C9AD121B3AAA0EAB0FEA4B6048CB
:1080C0008A828B83E0650C7004A3E0650D702C8AB6
:1080D000828B83A3A3A3A3E0F50EA3E0F50FE50A2B
:1080E000450B8A828B83A3A3A3A360C3129D6785DC
:1080F0000A82850B83A3A3A3A380B78A0A8B0B8A6A
:10810000828B8312ABDC80B4E508242A12B661FCB2
:10811000E5082402F8E43509F9E8FAE9FB901A19B0
:10812000128325A3A3E0640270388A828B8312AB8A
:10813000E0800788828983129D63E849601F8882F6
:108140008983E06A7003A3E06B70E888828983A367
:10815000A3E06C70DE901DBB12B9C5806BECF91208
:1081600027C4850882850983E06401704FE50824EF
:108170001812822412119912B180120FDCE5082422
:1081800012128224121199E508129CBF121195E572
:1081900008240B12B184120FE0E50824171297157A
:1081A000E5082402FCE43509FDE5082419FAE43564
:1081B00009FB123298740A1211C3800CE064027039
:1081C00007AA08AB0912290EAA08AB09121AAAEECF
:1081D000FAEF64808044EAA2E05013901A1112B1C1
:1081E000FD600612D0F5120E2DEE6401802A5402B5
:1081F000600C901DCB7401F0EA6402FA8023EA540B
:1082000008601A1227BEEA4B700B901A1B12C61E8A
:108210007A08128231EE6408FAEFFB80047A007B60
:108220000002D2D1F582E43509F583E0F50A780A37
:1082300022FB9019FAE0F9121C0022A3A3E0F50C2E
:10824000A3E0F50D227B009019FAE0F9121BF474FB
:10825000042274F4120CB58A088B098A828B83A3DA
:10826000A3A312A9B412993F38F583E02409FA12A6
:10827000D24770030283158A828B83740212AA2E5E
:10828000850882850983128325E8F0A3E912CEA12F
:108290008A828B83A3A3A3A3A3A3A3A3F0E50824AB
:1082A00003F8E4350912831A12993F3AF583E08EF8
:1082B000828B83A3A3A3A3F0EE2409FAE43FFB8EF1
:1082C000828F83A3A312BE97F5838882E0A2E58EF6
:1082D000828F83A3A3A3A3A3500474018001E4F0BD
:1082E000E5082403F582898312ABE0EA12B15E3B14
:1082F000F58312BCF012119112993E3B12BC3E8ED6
:10830000828F83A3A3128B951211C3EEFAEFFB9019
:1083100019FA12D2AF8019F8E43FF98882F583E0A8
:10832000FAA3E0CA2212AD77A3A32274021211C3EA
:108330007F04020F1374F2120CB58A088B09ECFA51
:10834000EDFB740E1214A9E0FC1215288A0C8B0D9B
:10835000AE0CAF0DEA4F6030AC08AD09121516E94E
:108360006026AC08AD09EEFAEFFB12151CE970149B
:108370008E828F83129E4EFAEFFB121510AA08AB65
:10838000091215407900800279B402ACC674F0126B
:108390000CB574F612125BEAFEEBFF8C088D0975C2
:1083A0000FB3851882851983E4F0750E00800205ED
:1083B0000E903A9DE493F8E50EC39840030284B40E
:1083C000AA0E7B001215648A0A8B0BEA4B60E08AC6
:1083D000828B83A3A31284BB28F0F8C3EE98EF949A
:1083E0000050CC7C157D007900AA08AB09121A86D2
:1083F000850A82850B83A3A3A3A312D6EDE0F8EE32
:10840000C3982925E0F8E433F9E50A28F582E50B5D
:1084100039F583A3A3A3A3A3A3129949A312B7EC8D
:108420008A0C8B0DAC0CAD0DAA08AB09121C2A8569
:108430000A82850B83A3E06401700A12B180740183
:1084400012995D8044740112123B850A82850B8368
:1084500012ABDE12154CE9603D74091214A9E0C09C
:10846000E012B180D0E0F074091214A9E064037046
:1084700013740112123BE508240BFAE43509FB12D0
:108480001C2A801274011214A9129D67E50812B704
:10849000A6350912C9AB850A82850B8312CB9312CC
:1084A000995DA3A3E0C0E0E508241412B184D0E0F4
:1084B000F0750F00A90F740A02D2CEA3A3A3E0F8AF
:1084C000851882851983E02274F7120CB5E9FE8ABB
:1084D000828B83A3A3A3A3A3A3E0540860338A825F
:1084E0008B83A3A3A3A3A3A3E0540260218A828B5E
:1084F00083A3A3A3A3A3A3A3A3A3E06406600F7411
:10850000E96E600A74CD6E600574F06E7003122718
:10851000A602A5AF74F0120CB574EF12125B740FC3
:108520001214A912C33D74081214A9E9F0ECFEED6F
:10853000FF74051214A912A37912A59BA3E0F912E6
:10854000153474061214A912C33D74061214A9122C
:10855000B1FD70030287CE129BE3E0FA7406121499
:10856000A9E0F912262C12882EF8A3E0F9E8497048
:10857000030287CEEE2403F50AE43FF50BEE240652
:10858000F508E43FF5097C00850882F58312ABE02D
:10859000850A82850B83E0F912153A74031214A937
:1085A00012C33D850A82850B83E0C0E08518828571
:1085B0001983128827D0E012B316F985188285191D
:1085C00083128F2F12AE531284BEFAA3E0CA24077F
:1085D000F582E43AF583E8F0A3E412C34E2406F5ED
:1085E00082E438F583E412D6BA12A9A5121191EEED
:1085F00012993F3F12BC3E74031214A912A9B4246D
:1086000009128B8F1211C374291214A912D6E31206
:10861000831F12B3293A12C9AB742B1214A9E0C0FC
:10862000E085188285198312B1C6D0E0F074021279
:1086300014A9E4F074251214A978081214520287C0
:108640002574031214A912BF4F8882F5831288166D
:10865000A3A3A312B7F7FB121552850E82850F83D1
:10866000A3EAF0A3EBF074031214A9128827A31253
:10867000881612BA06A2E6500F850E82850F83A3D4
:10868000A3A3A3A3E0D2E1F074051214A9E0706AD9
:10869000850E82850F83129D66901A78E0687003BC
:1086A000A3E0697055850E82850F83A3A3A312955D
:1086B00034750C00780C121199780812118D7429F8
:1086C0001214A9E0F50C780C12119974271214A950
:1086D000120FE0901A85120FE0790074191214A994
:1086E00012AB99122974740A1211C3850E82850F78
:1086F00083A3A3A3A3A3E04405F074021214A9E08A
:1087000004FC8E828F8312ABDA8E828F83A3A3A3A5
:10871000E0F912153A74031214A912C33D7402123F
:1087200014A9E004F074031214A912B1FD60677477
:10873000021214A9E0FA74061214A9129D67C3EA82
:1087400098E499505174021214A9128B668518820C
:10875000851983E028F8A3E039F9E8240FF50EE441
:1087600039F50F850E82F583E4F074031214A91213
:1087700088216401600302864174051214A9740102
:1087800012D2BCF074031214A912BAF8128B7EE84C
:10879000F0A3E902866585188285198312ABE01281
:1087A0002632851882851983120FE074261214A9C7
:1087B000E0FD74251214A9E0FC740A1214A9E0F972
:1087C000EEFAEFFB1227A074021211C380438E82CF
:1087D0008F83A3A3A3E0C0E0740C1214A9D0E0F02F
:1087E00012D0DEE0C0E0740D1214A9D0E0F07406DF
:1087F0001214A912B1FD7009740E1214A974B98073
:1088000007740E1214A97410F0740912123312298D
:108810006E741102D2CEE0850E82850F83A3A3A3CE
:1088200022E012B2EAE022E012B2EAA3A322851803
:1088300082851983EAF0A3EB12B2062274F0120CBF
:10884000B574E012125B74051214A9E9F0740412F5
:1088500014A9ECF074031214A9EDF08A0E8B0F74B6
:10886000301214A912823DAA0CFB122620740112A8
:1088700014A9E9F0AA0CAB0D12262674021214A951
:10888000E9F074011214A9E07003028B618518826B
:10889000851983E480158E828F83A3A3A3A3A3E00D
:1088A000D2E3F0851882851983E00412D1D8F885C7
:1088B0001882851983E0C3984003028B5874011213
:1088C00014A9E07003028B58851882851983128BD6
:1088D00066E50C28F8E50D39F9E8240FFEE439FFC8
:1088E0008E82F583A3A3A3A3A3E0A2E040B5C200B8
:1088F0008E828F83E0704212ABDF1224D68B09A9DF
:1089000009EA4960348A828B83A3A3A3A3E06401AC
:10891000600D8A828B83A3A3A3A3E06403701A8EE5
:10892000828F83A3A3A3A3A3E0D2E7F0D2007402B3
:108930001214A9E070030288A3750800750A08756F
:108940000B0074031214A9E060037508207C087DF5
:108950000079007406121233121A868E828F83E019
:108960006040901AC8E06401701CE508D2E3F50885
:10897000750B108E828F83129D6674061214A912D5
:10898000BE7F74FF807C43080C750A0C8E828F8337
:10899000A3128B7612C9AD74061214A974FFF0A34A
:1089A000806074051214A9E06009E508D2E6F508B4
:1089B000750A0A8E828F83A3E064FE7003A3E0F43D
:1089C000703074131214A9740412CBB1F8741E120F
:1089D00014A9E812AA2E74131212331224827D00F5
:1089E0007C00790074161214A9AA82AB831221EEBE
:1089F00080118E828F83129D6674061214A9E8F08E
:108A0000A3E9F074081214A9E508F0129BD1C0E0A4
:108A1000740A1214A9D0E0F0740B1214A97401F0B6
:108A2000740612123312291474121214A9E060038E
:108A3000028B2A740E1214A912B3118E828F83A393
:108A4000A3A3A3F0740E1214A912A9F7E50AF0A3C8
:108A5000E50BF074041214A9E0C0E012A987D0E07D
:108A600012BA066011901AC8E0C0E0740E1214A980
:108A700012A9D2D0E0F0740E1214A9129D67850CD1
:108A800082850D83A3A3A3A3A3128B6F241C12C3FF
:108A90003712D6CA128B7112B9B83912D101C0E09F
:108AA00012A96ED0E012D1CDC0E0740E1214A9123A
:108AB000A4B5D0E012CEC0C0E0740E1214A912A466
:108AC000ABD0E0F0740E1214A9128B76128B6F24C7
:108AD0002A12C337850E82850F83A3A3A3A3A3A362
:108AE000A3A3E012C330129BC0C0E012A4A1D0E047
:108AF000F0740E1214A912ABE0850E82850F83125A
:108B0000D1E32428F582E43B12C9AB129BC912BC05
:108B1000F012119112BC37EA12C2B83B128B9312B9
:108B200011C3740612123312291A8E828F83A3A3E3
:108B3000A3A3A3E0D2E0F074121214A9E060030230
:108B40008896A200500874021214A9E014F074016F
:108B50001214A9E0140288A27900AA0CAB0D122706
:108B6000AC742002D2CEE075F007A4F8A9F022A3DD
:108B7000A312ABE4E822E0128B7EA3A3A322F8A306
:108B8000E0F9850E82850F83A32212A9C8242FF550
:108B900082E438F58312ABE4121A7474032274F081
:108BA000120CB574E812125BE9851882851983F0FE
:108BB0008A0E8B0F8A828B83A3A3A3A3A3A3A3A351
:108BC000E0F912264A8A088B09EA4B7003028C717D
:108BD000E50E12B176129BF81295FF851882851961
:108BE00083E06003028C747C04850E82850F83A36E
:108BF000A3A3A3A3A3A3A3E0F9122650EE4F607191
:108C00008E828F83129D6374071214A912C9CA122F
:108C10009D6774091214A912BCF9C0E074111214F2
:108C2000A9D0E012CEA6A3129D61740F1214A9124E
:108C3000C9AD74121214A9E412D2C4C8241FF5825B
:108C4000E438F583128CE4C413135403FC70027CE3
:108C5000048E828F83E0F97808121195742059FDF3
:108C6000744059F974031212331227A074021211BE
:108C7000C302D2CC7C08850E82850F83A3A3A3A355
:108C8000A3A3A3A3E0F91226508B0BEA4B700302B7
:108C90008BFCEE4F60DB851882851983E0F50C783C
:108CA0000C121199850882850983A3A3A3A3A3A30A
:108CB000A3E0F50C780C1211998A828B83A3A3A3ED
:108CC000E0FB8A82850B8312DF138A82850B83E0A7
:108CD000FA8E828F83A3A3E0F912329E74021211DE
:108CE000C3028C00E0F812C317E02274F7120CB52F
:108CF00074FA12125BE9FE780179017F0080037932
:108D0000000F12AD56E0FCEFC39C5026EF75F00744
:108D1000A4FC85F008AD08EA2CFCEB3DFD12A33164
:108D2000E0A2E050DA540C60D6E0A2E250D3780022
:108D300080CF8A828B83A3A3A3A3A3A3E0703DE982
:108D4000A2E0400574016E70338A828B83A3A3A3D3
:108D5000A3A3A3740112903EE0C0E074031214A90F
:108D6000D0E012A390E0C0E074041214A9D0E0F0A7
:108D700074051214A9E812BEEC12296E740602A53D
:108D8000ACC082C08379011227AC02BB0874F41214
:108D90000CB5EA4B901DCB6019E4F08A088B09F5FD
:108DA0000AF50B780812118D7A021282451211C34E
:108DB000800A7401F07A027B0012823202833074DE
:108DC000F0120CB574F312125B74031214A9E4F0E0
:108DD000A3F0901A191295FF74011214A9E4F0A3DC
:108DE00012AA3304F0901A72E0A2E35003028EB28A
:108DF00012903274091214A912146E74091214A973
:108E00007808121452901A1B780812124374051233
:108E100014A97808121434128F3574051214A97825
:108E20000812140450077A017B00028F2374051284
:108E300014A9780C121452901DBAE0F509780C7937
:108E400008120C46A80CA90D901DBBE0C398E4992C
:108E50005003E08001E8851882851983F0740912B7
:108E600014A97808121452C008C009C00AC00B74B3
:108E7000051214A9780C121452128F35780C790847
:108E8000120C46E4F50AF50BD00FD00ED00DD00C25
:108E9000780C79081212EE901A1B780C1214348098
:108EA00011128F2812C9ADEEFAEFFB121B3AAE0871
:108EB000AF09EE4F60658E828F831284BBC39850DA
:108EC0002DEE2403F8E43FF9E0FA88828983E0C3B9
:108ED0009AF0602374031214A912A074740112147E
:108EE000A9EEF0A3EF12C356FEA3E0FF80C48E826A
:108EF0008F83A3A3A3E4F08E828F8312E3AD74016A
:108F00001214A912B1FD8E828F83A3A3A3A3609133
:108F100012C9921214A9128F2F808974031214A9F6
:108F200012ABE0740D02D2CE129D6B901A19221270
:108F3000B7B6A3A322901DB912E3B5E4F50AF50B69
:108F40002274F0120CB58A088B09890A780079001E
:108F5000901A191295FFFBEE4B601E088E828F83CC
:108F6000A3A3A3A312AB93601008E87001098E823B
:108F70008F831295FBEA4F70E3901DBC12ABE0C3E8
:108F8000E89AE99B40030290257A06129028A80CE3
:108F9000A90DEA4970030290258A828B83E508F0C7
:108FA000A3E509129047E50AF0901DBB12AD5E12D1
:108FB000903EA3E4F0A3F0901A1912AB93600D8ECB
:108FC000828F83A3A3A3A312C9AD8017901A19128D
:108FD000C9AD901A72E0A2E34009129032901A1BB8
:108FE00012146E901A72E0A2E3503A7A087B009055
:108FF00019FAE0F9121C06EA4B4C4D7028901DB985
:10900000E0F508A3E085080CF50DE4F50EF50F7802
:109010000C12118D7A087B009019FAE0F9121BFAF4
:1090200074041211C302D2D17B00121B348A0C8B40
:109030000D22121C12EAF8EBF9ECFAEDFB22129069
:109040004222129047A322F08A828B83A3A322C0DC
:1090500082C083E9901DCCF0901A1374E2F0A374DF
:1090600027F0901A1574F4F0A37427F0901A17746F
:1090700006F0A37428F002BB0874F7120CB5EAFEE0
:10908000EBFF8908EA4F700312165A901A1F12B1AB
:10909000FD7008901A1F801E129D6788828983A325
:1090A000A3A3A3A3A3A3A3A3129D75A3A3A3A3A355
:1090B000A3A3A3A370E2EEF0A3EF1290CCA3A3A30B
:1090C000E4F0A31290CCE508F002A5AF12C9D222B9
:1090D00074F7120CB5E9FD901A1F800D8882898300
:1090E000A3A3A3A3A3A3A3A3A312B1FD6034888267
:1090F0008983A3A3A3A3A3A3A3E06D70DF888289C0
:1091000083A3A3A3A3E06A7003A3E06B70CE88825D
:109110008983A3A3A3A3A3A3E06C70C0E8FAE9FB2F
:1091200080047A007B0002A5AF74F7120CB5901A88
:109130001F1295FF901A1F12D1E7687002EB697039
:109140001DEE2409F582E43FF583129D67901A1FF6
:1091500012C9AD901A1F1295FF80301295F2EE4F92
:1091600060298E828F83A3A3A3A3A312D1E3687087
:1091700002EB6970E68A828B83A3A3A3A3A3A3A3B4
:10918000A3A312A4C1A3A3A312C9AD121B3AEEFA62
:10919000EFFB02A5AF74F0120CB574F912125B8AE2
:1091A0000C8B0D8A828B83A3A3A3A3A3A3A3A3E009
:1091B000602F6401602B8A828B8312C9867022859E
:1091C0000C82850D83A3A3A3A3A3A3A3A3E064039D
:1091D0007014740212123BAA0CAB0D122896E9709F
:1091E000167902029397850C82850D83129D677410
:1091F000021214A912C9ADE50C241112D6C22434EE
:1092000012B7C3121B348A088B09AE08AF09EA4FA4
:1092100070030293957C347D007900121A86AA1897
:10922000AB19850C82850D83A3A3A3A3A3A3A3A33A
:10923000A3E0F912325C851882851983E0C0E01240
:10924000939CD0E0F0EE242EF50EE43FF50F740170
:109250001214A9E0850E82850F83F07901EEFAEFF2
:10926000FB1227D0850C08850D09750A00780812B5
:1092700011917C1E7D00EE240B12D19F1211C3EEC2
:109280002432FAE43FFBEE2434F8E43FF98A828B7F
:109290008312C9ADE50C2411FCE4350DFD8C82F57B
:1092A0008312A9F2243012C9A7E50C12A34312D7E6
:1092B0000312E3EA1211918C828D8312DF148A82E9
:1092C0008B83128B951211C374021214A9129F2062
:1092D000A3A3A3A3E8F0A3E912BA008E828F83A30D
:1092E000A3A3A3A3A3A312BA0004129734242CF8B7
:1092F000E43FF9E8FA7508FF750900850E82850FCD
:1093000083E078081213878A828983E508F0EE24C7
:109310002B12970B74041214A9E4F0E50C24151217
:10932000D6C2A2E0740550071214A9740180041279
:1093300014A9E4F0EE2429F508E43FF509740412B9
:109340001233123274E924FE850882850983F0EE17
:10935000243012B1681293A4120B6DE88E828F83B1
:10936000A3A3A3A3A3A3A3A3F08C828D831293A48E
:10937000120B6DEA4B600F8E828F83A3A3A3A3A36E
:10938000A3A3A3E004F0EE242012B6484408129CE4
:1093900035790080027910740702D2CEEE12C2B87D
:1093A0003FF5832212B7CEE0FA7B002274F4120C50
:1093B000B5EAFEEBFF129BB812C33D901DAFE0F87B
:1093C000EE242D12B648C398400302951512951D40
:1093D0007012EE242D12B6480412AD9AC0E0129716
:1093E00001D0E0F0129525FA7900800109EE242ED3
:1093F00012B648F8E9C3985026750801750900E9C6
:10940000780812138712951D550860E0E92AFA754D
:109410000801750900E97808121387E04508F0EEA5
:10942000242912B648FBEE2430F582E43FF583EAA6
:109430008BF0A4F8ACF0E42CF9E098F8A3E099F9EB
:10944000EBFCC3E89CE99400EE4031242912B648B5
:10945000F812951D602C12939C129534A3E4F0EA47
:109460007047EE242012B648442012BCFDC0E01222
:10947000AD88D0E012AD92FCA3E080551297027443
:10948000FFF0901A68E0FC901DB212952BADF075BC
:10949000F064A4FCABF075F064EDA42BFD8E828F1C
:1094A00083A3A3ECF0A3ED80B5EE242012B64854BC
:1094B000DF12AD83EAF0FCEE2429F582E43FF58368
:1094C00012952BFCADF0EE243212B6482CFCA3E032
:1094D0003DFD12D190ECF0A3ED12CBBAC0E0EE242A
:1094E00025F582E43FF583D0E0F0EE241CF582E41C
:1094F0003FF583E812AA2E901A2112B1FD600AEA04
:1095000012D0F4120E2DE97011EE240BFAE43FFB99
:1095100012286C80057BE912971F028330EE242B02
:1095200012B6D3F422EE12AD44E022E0F508EC8549
:1095300008F0A42212B66FA3A3F02274F4120CB5A3
:10954000901A1F1295FF121C128A0A8B0B78FF7952
:10955000FF8020E0C39AFCA3E09BFDC3EC98ED994B
:10956000500E8E828F83A3A3E0C39AF8A3E09BF9E9
:109570001295F2EE4F60538E828F8312ABE0E50AB4
:10958000C39AFAE50B9BFB12DF0EC3EA9CEB9D8EA0
:10959000828F83A3A340BCA3A3A3A3E0640270179C
:1095A000129BDA6009129BE312ABE0121AAAEEFAE0
:1095B000EFFB1227DC8007EEFAEFFB1227E87A01B7
:1095C0007B00901DCC12B1A9802574FF68700374D4
:1095D000FF69601B88088909E4F50AF50B78081211
:1095E000118D7A017B00901DCC12824A1211C302A8
:1095F00083308E828F83A3A3A3A3A3A3A3A3A3E0FB
:10960000FEA3E0FF2274F3120CB58A088B09ECFA72
:10961000EDFB890C7C01E50824111297151227D661
:109620008A0A8B0BAE0AAF0BEA4F70030296FCE579
:109630000C60030296FCE508241312B661F8EA12E6
:1096400095266860030296FCEA12AD4D12B6828E32
:10965000828B83A3A3A3A3A3A3A3A3E0FAE89AE91D
:109660009400C365D033400E12B65DF470087B00E1
:1096700012971F0296FC12B65DF47049EE242BF887
:10968000E43FF9E8FAE9FBEE242EF8E43FF9E8FCC0
:10969000E97508FF7509008882F583E078081213E0
:1096A000878A828B83E508F0EE242C12970B8C823C
:1096B0008983E0F812952528F0EE242DF582E43F09
:1096C000F583E48021E5082414F8E43509F9E0C0C5
:1096D000E0EE242CF582E43FF583D0E012BE70C0AA
:1096E000E0129701D0E012973412939D12B66AA34C
:1096F00012AA2E7A01FB901DCC12B1A97F05020F90
:1097000013EE242BF582E43FF58322F582E43FF546
:1097100083E508F022F582E43509F583E0F922EECD
:10972000242212B6D3FA12993412CF56EEFAEFFB76
:109730001227DC22F0121C128E828F83EAF0A3EB38
:10974000F0EE2274F0120CB574FB12125B7403126B
:1097500014A912AA23E9851882851983F08A0A8B35
:109760000B8A828B83A3A3E0F91232808A0E8B0FBF
:10977000EA4B70077A007B0002992F7A1212D8FC0C
:10978000700302992B7C127D007900121A867401F5
:10979000121233850A82850B83A3A3E0F912325C8F
:1097A000E508240FFEE43509FF74021214A912B66D
:1097B0006FF07902AA08AB091227D074031214A91A
:1097C00012C31112994912995712D52DA3A3A3A31D
:1097D000A3A3A3F0750CFF750D008E828F83E07834
:1097E0000C121387E508240C12B184E50C12D2B5D3
:1097F000128CE5C0E0E508240B12B184D0E0F0E55E
:109800000A12993F12D527FAE508240D12B184EA0D
:10981000F0E50A12A34312D5278AF0A4A9F0242761
:10982000FAE439FB121AA48A0C8B0DAE0CAF0DE5CD
:109830000812993F350912C33BEA4F700302991E83
:109840008A828B83741A12AA2E8A828B83A3A3F036
:10985000A312996B12AD7312C9C41214A912DF14AA
:10986000EA12D462123262850A82850B83A3A3A313
:10987000E0C0E012B655D0E0F0901A8512A9F224AB
:109880001012995112A308350BF58312A9F212C0D8
:109890004EE8F0A3E912996B12A9EE12D0DFE8F0BE
:1098A000A3E912995DE0C0E0129934D0E0F0E50A36
:1098B000240C12D524C0E0EE12A3083FF583D0E0BB
:1098C000F074151214A912D0EAC0E012D459D0E0F5
:1098D00012CBACC0E012D0D2D0E012A398C0E012FC
:1098E000A98FD0E012B202C0E012A978D0E0F074E3
:1098F000171214A912147AEE241AF582E43FF583A4
:1099000012146EEE2427F8E43FF9EE242212995146
:1099100012D545E0C0E012D1B9D0E0F0800DAA0820
:10992000AB091227DC750800750900AA08AB097499
:109930000502D2CEEE2414F582E43FF58322EA122A
:109940009943222410F582E42212B7CEA3A3A3A345
:1099500022F582E43FF58312AA52E50A22129961A8
:1099600022F0850A82850B83A3A322129961A3A307
:10997000A3A32274F0120CB574FE12125B85188238
:1099800085198312AA238A0E8B0F890DC200EA1251
:109990009BEFE0F50C901A2112B1FD600EA90C129C
:1099A000D0F5120E2DE96003029BB37C02129C14C9
:1099B000129BC0F91227D68A088B09AE08AF09EAB4
:1099C0004F7055850E82850F83A3E0A2E04003020D
:1099D0009BB374141214A9120FDC74161214A9127A
:1099E0000FE0A90D74061214A912DF14AA0EAB0F12
:1099F0001227FA74061211C38A088B09AE08AF0940
:109A0000EA4F7003029BB38A828B83A3A3A3A3A311
:109A1000A3A3A3E50C129C35AA0C8E828F83A3A36B
:109A2000A3A3A3A3A3A3E024FFF8E434FFF9E86A07
:109A3000497002D200129BDA7003029B6F850E827E
:109A4000850F83A3E0A2E05003750C00129C22E571
:109A50000C98E499C365D033401CE0F8EE240E1254
:109A6000B6482CF07508FF750900EC7808121387CA
:109A7000EE240C12970B129BC912BCF0121191121A
:109A8000BC37EE240D12B648F508E50C8508F0A4A5
:109A9000FAABF012A9B12422F582E438F583E02A6A
:109AA000FAA3E03BFB12D6D71211C3750801129B33
:109AB000FD780812138712B6454508F0A200506BD6
:109AC000EE240CFAE43FFB7508FF129BFD047808B6
:109AD0001213878A828B83E0450812AA09F8E50CE5
:109AE000F508E88508F0A4F8A9F0129BD1FCE82C51
:109AF000FCE439FD12A9B12420F582E438F583ECA9
:109B0000F0A3ED12BAFEF47022EE240BF508E43F48
:109B1000F509129BE312ABE085088285098312D216
:109B2000AF85088285098374FF8043129BB812C3F6
:109B30003D901A68E0FA901DB2129C0BFAABF090BF
:109B40001DAF129C0BF8ACF08508F0EBA42CF9EAE1
:109B500028F8EB39F9E875F064A4F8AAF075F06418
:109B6000E9A42AF98E828F83A3A3E8F0A3E9F0AADF
:109B70000C129C2212D3A3E86A7001E9600CEE2457
:109B80000C1295206004A2005029EE240E12B64853
:109B9000C0E0E50E129BEFD0E0F012B645C0E0E564
:109BA0000E2414129BF5D0E0F0AC0EAD0F129C14F5
:109BB00012285A740202D2CE121C128E828F832275
:109BC000E50E2411129BF5E022E50E240E129BF502
:109BD00022E50E2410129BF5E022EE12B7A612B673
:109BE000D6F422129BE722EE1299433FF5832224FA
:109BF00013129BF522F582E4350FF58322750900D7
:109C000012B6D0F5F0E50C84E5F022E0F508EA851F
:109C100008F0A42285188285198312C10FFAA3E0E7
:109C2000FB22EE240E12B6D3F812B6D0FCE82CF8C4
:109C3000E43400F922F07A017B00901DCCE0F912A7
:109C40001AE622C082C083901DCC12D2AF02BB089C
:109C500074F4120CB5EAFEEBFF5480704BEAA2E0FC
:109C600050561227EEEE6401FAEF80498A828B8308
:109C7000E06401702CEA12B182120FDCEA129CBF80
:109C8000121195EA2412129715EA2402FCE4350910
:109C9000FDEA2419FAE43509FB12280074061211B2
:109CA000C3AA08AB09121AAA901DCC129CCB70BC97
:109CB000EEFAEF6480FB80047A007B00028330249C
:109CC0000FF50AE43509F50B780A22E0F9121ABCFF
:109CD0008A088B09EA4B2274F2120CB5890B8A08A8
:109CE0008B098A828B8312ABE0122818EA4B60043E
:109CF00079B8806A122836E9F8903A91E493F9E845
:109D0000C399400479B280567A15129028AE0CAFF0
:109D10000DEA4F7004791080458A828B83E4F0A3AA
:109D2000129047E50BF0750A0078081211917C1229
:109D30007D00EA240312D19F1211C3901A2312B19D
:109D4000FD7008901A23800C129D67888289831207
:109D50009D7570F4EEF0A3EFF0122848790002AC84
:109D6000C6A3A3A3A3A3A3129D6B22129D6F22E0FF
:109D7000F8A3E0F92212ABE4EA4B8882898322C07F
:109D800082C083901A2380048C828D8312DF14ECAE
:109D90004D60288C828D83A3A3E069600574FF6900
:109DA00070E68C828D83A3A3A3E06A7003A3E06BAB
:109DB00070D6EC2403FAE43DFB80047A007B0002B9
:109DC000BB0874F7120CB5E9FD74FE6D70047C01DC
:109DD00080027C00901A2380096D70027C018882C9
:109DE000898312B1FD601F88828983A3A3A3E06ADF
:109DF0007003A3E06B70E7ECA2E088828983A3A3E1
:109E0000E050D6F9800279FE02A5AF74F6120CB5C7
:109E1000E9FF7E00901A23802C88828983A3A3E027
:109E20006F701E88828983A3129E4E25E0FCE43366
:109E3000FDEA2CF582EB3DF583E508F0A3E509F09A
:109E40000E8882898312B1FD70CFEEF9800CA3A336
:109E500012E3B5EE2274021211C37F02020F1374D3
:109E6000F7120CB5E9FE901A23129D677C007D0065
:109E7000800BE8FCE9FD88828983129D67E84960D0
:109E80003E88828983A3A3E06E70E788828983A3DA
:109E9000A3A3E06A7003A3E06B70D7EC4D888289BE
:109EA00083700812ABE0901A23800312A58F12C3AF
:109EB0003DE8FAE9FB121B3A122848790180027941
:109EC0000002A5AF74F5120CB5890A901A2312ABE3
:109ED000E07E007F008017129F20E8F0A3E912BA0D
:109EE000FEF508A3E0F509121B3AAA08AB09EA4BF4
:109EF00060288A828B83A3A3E0650A7010EE4F8AE4
:109F0000828B8370D2129D67901A2380CDEAFEEB7C
:109F1000FF8A828B8312ABE080D412284802D7D408
:109F2000129F2422129D6F8E828F8322C082C08353
:109F30007900901A23800109E0FAA3E08A82F58370
:109F4000E582458370F102BB0874F6120CB5E4F5A6
:109F500008F5097808121195903A91E49375F01379
:109F6000A4A9F012A06912D70E1211C3E9FE740958
:109F70006E7003122842029E4A74F6120CB574FEEB
:109F800012125B851882851983E4F0A3F0A818A942
:109F90001988088909780812119575080275090051
:109FA000780812119512D36E1211C3029E5574F5E2
:109FB000120CB574EB12125B851882851983E4F0DC
:109FC000A3F0901A2380748E828F83A3A3E0C0E055
:109FD00074021214A9D0E012B6B6A982AA83890825
:109FE0008A09750A0078081211917C127D007406A6
:109FF0001214A912D6D31211C3740212122B88089C
:10A0000089097808121195750813750900780812E6
:10A01000119574041214A912B1AF75F013A4F8AA23
:10A02000F075F013E912A06512D3761211C38518EA
:10A030008285198312A0748E828F831295FFEE4F52
:10A040007085A818A91988088909780812119575CA
:10A050000802750900780812119512D36E1211C307
:10A06000741502D7D1A42AF9E82402FCE439FD7A58
:10A07000427B0022E02401F0A3E03400F02274F4DB
:10A08000120CB574EB12125B7E007F00A818A919A0
:10A090008808890978081211957508028E097808D0
:10A0A0001211957C007D007A4212D71A1211C3E971
:10A0B000706C8E088056740212122B880A890B78F5
:10A0C0000A121195750A13750B00780A121195E59D
:10A0D0000875F013A4F8AAF075F013E50912A0654D
:10A0E00012D71C1211C3E9701B74031214A9AA829F
:10A0F000AB8374021214A9E0F9122812E970050E5C
:10A10000EE70010F0508E5087002050985188285C3
:10A110001983129D67C3E50898E509994098EEFAFE
:10A12000EFFB741502832D74F6120CB58C828D83AF
:10A13000A3A312A37EF0EA12C2BE3BF583E0C0E007
:10A1400012A33BD0E0F012A30E129D6712A31F12C0
:10A15000A379F0A3F0EA241FF582E43BF58312957E
:10A16000FFEC12A3083DF583EEF0A3EFF012A31865
:10A170003BF58312A349A3A3A3A3A3A3EEF0A3EFEC
:10A1800012BE70FE8C828D8312A38874035EFEC3A0
:10A190009403400302A2FBEE600874026E600302A7
:10A1A000A2288C828D83E0540CFE740C6E70030226
:10A1B000A265E0A2E4400D88828983E08C828D83D1
:10A1C000A312A39E74086E600302A26512A32974F1
:10A1D00001F08A828B83A3A3A3A3A312B67C70147D
:10A1E0008C828D83E0440C12A390A3A312A349EEAA
:10A1F000F0A3EFF08C828D83E0A2E4402B888212E2
:10A20000A35712A36C500109F58212A357A3A3A36D
:10A21000A3A3A3F0A3EF12A3988C828D83A3A3A37F
:10A22000F0E82403F850010988828983E0C0E0EC5B
:10A2300012D0CC3DF583D0E012A3888C828D83E0D0
:10A24000A2E7507588828983E0FE8C828D8312A3F9
:10A250009E74FC5E700C8C828D83A3E054036403B7
:10A26000701E02A2FB12A329E4F0740C6E600302BC
:10A27000A1D2888212A35D12A36C50010902A1F43D
:10A280008C828D83A3E05403603288828983E0C08E
:10A29000E0EC12A3433DF583D0E012A39F8C828DA6
:10A2A00083E054036402701488828983E0C0E01262
:10A2B000A331D0E012A39F8003A3E4F0EC12B15EBF
:10A2C0003D12C9ABEC2410FEE43DFF12A30EE0F5F5
:10A2D000088E828F83E0C3982508F508F0EA2417DA
:10A2E000F8E43BF98882F583E0C39508C0E012A347
:10A2F0001FD0E012BE70C39508500A12A31FE4F0ED
:10A3000012A33BE4F0029E5A2415F582E422EA24CB
:10A310001DF582E43BF58322EA240DF582E422EC6C
:10A32000240DF582E43DF58322EC12B3293DF5833B
:10A3300022EC2414F582E43DF58322EC1299433D8E
:10A34000F583222413F582E422E0FEA3E0FF8C8251
:10A350008D83A3A3A3A32212A35DA3A3228983E0D9
:10A36000F508A3E0FFE5088C828D8322A3A3A3A3B5
:10A37000F0A3EFF0E82402F82212A37EA322E4F077
:10A380008C828D83A3A3A32212A3A6A882A98322D1
:10A39000129042A3A3A3A32212A3A6A3E022A31276
:10A3A000A3A608A9832212BE79A32274F4120CB5C5
:10A3B00074F312125B8A0A8B0BECFEEDFF8C82F5B4
:10A3C00083E0540CF508E0A2E75006E508D2E7F573
:10A3D00008E508D2E1F50812B67C7006E508D2E47B
:10A3E000F508E0A2E55006E508D2E5F5087C087D11
:10A3F000007900AA18AB19121A8674021214A9E582
:10A400000812D6B5C0E074031214A9D0E012AA3322
:10A41000E50AF0A3E50BF074051214A912CEC512DB
:10A4200014A9E0707774081214A912A9B412BE5EC0
:10A430003812CEEAC0E074081214A912A4B5D0E014
:10A4400012CEC0C0E074081214A912A4ABD0E0F080
:10A4500074081214A912A4C1E012A9DC12BCFD12E6
:10A46000C330EE241112B648C0E012A4A1D0E0F02F
:10A47000EE241412B648C0E074081214A912A9B44C
:10A480002435F582E438F583D0E012AA01C0E074E7
:10A49000081214A912A9B8D0E012CBA3740D02833C
:10A4A0002DE82432F582E439F5832212A9C812D0AE
:10A4B000BE38F5832212A9C82426F582E438F58334
:10A4C00022129F24A3A3A3A3A3A32274F7120CB563
:10A4D0007E008A828B83A3A3A3A3A3A3A3A3A3E049
:10A4E0006404600302A58B12B321E0600302A58B14
:10A4F00012B1753B12B1FB700302A58B8882898370
:10A50000E05403600302A58BE812B32939F583E018
:10A51000FA8C828D83A3A3E0FBA3E0CB12D0CC3BCB
:10A52000F583E06A706588828983A3A3A3A3A3A3AC
:10A53000A3A3A312A58FE06A7003A3E06B704C88FD
:10A54000828983A3A312A59BE0FFA3E0CF24061278
:10A55000B6486A7003A3E06B703188828983A3A335
:10A56000E0F88C828D83A3A3E0F9A3E0F5838982D0
:10A57000A3A3E06860138C828D83A3A3A3E0F5837B
:10A580008982E0540C640470027E01EEF98020128E
:10A59000A5932212ABE88C828D8322A3A312A593EC
:10A5A000A3A322740C1214A9E0F9740D1211C37F35
:10A5B00001020F1374F6120CB574FC12125BEAFE62
:10A5C000EBFFECFAEDFB8C82F583A3E054036016FD
:10A5D000901A1512B1FD60597900EEFCEFFD12D012
:10A5E000F5120E2D804B851882851983EEF0A3EFAE
:10A5F000F074021214A912AA23AC18AD197A607B68
:10A6000028122B728A088B09A808A909EA49602137
:10A610008A828B83A3A3A3A3A3A3A3A3A37406F0FB
:10A620007A0088828B8312A9B412C2DFE0F9122A61
:10A63000A07404029E5774F2120CB574F312125BEC
:10A64000EAFEEBFF8A82F583A3A3A3A3A3A3A3A39C
:10A65000A3A3E0F50A901DCBE0700579BA02A96BBF
:10A66000750801750900750C00750D007C087D00EA
:10A670007900AA18AB19121A8674051214A974016C
:10A6800012AA3B5404601274021214A9E0D2E6121A
:10A69000AA3B54087003750803E054106006744028
:10A6A0004508F508E05408602274021214A9E04439
:10A6B000C012AA3B5420600A74031214A9E0D2E02D
:10A6C000800874031214A9E0D2E1F0EE241512B64A
:10A6D0004812A9997003740169700674084508F559
:10A6E000088E828F83A3A3A3A3A3A3A3A3E07016C2
:10A6F000122BE485188285198312C33D740212144B
:10A70000A9E0D2E2802C640F701074021214A91216
:10A71000AA4374044508F508807B8E828F83A3A327
:10A72000A3A3A3A3A3A3E064028E828F8370061267
:10A73000BCE0F08060A3A3A3A3A3A3A3A3E064034E
:10A74000700DAC18AD19EEFAEFFB12289680468E0C
:10A75000828F83A3A3A3A3A3A3A3A3E06401703563
:10A76000901AC8E0601074021214A912AA43750965
:10A7700010750AFF801874021214A9E0440C12AA82
:10A780003374FDF0A374FFF074044508F5088E825D
:10A790008F8312823DEE241512B648A2E0503F741A
:10A7A000021214A9E0540C701B8E828F8312ABE04E
:10A7B00012231AE9700579BB02A96B74021214A95D
:10A7C000E0D2E5F0EE241512B648A2E05010740273
:10A7D0001214A9E0540C64047004E0D2E5F0EE24F5
:10A7E0001112B648C0E074041214A9D0E012CEC70A
:10A7F0001214A9E0600302A96474081214A912A932
:10A80000F7E508F0A3E509F012A98FE0C0E012A96E
:10A8100087D0E0F012A978E0C0E074081214A91201
:10A82000A9B412A34338F583D0E012BCFD640170D3
:10A8300011901AC8E0C0E074081214A912A9D2D06D
:10A84000E0F074081214A912A9F212A982FAE824FD
:10A850001CF582E439F583EA12AA2EEE2415FAE4F7
:10A860003FFB8A82F58312DF14E812B9B839F58309
:10A8700012AA23EE241C12B648C0E012A96ED0E042
:10A8800012BAFE12A9997003740169701374081248
:10A8900014A912B311FAEE241D12B648F912265665
:10A8A0008E828F83A3A3A3A3A3A3A3A3A3E0C0E04B
:10A8B00074081214A912A4B5D0E0F074081214A9F7
:10A8C00012A4ABE50AF074081214A912B1AF24283F
:10A8D000F582E439F583E50CF0A3E50D12AA09121F
:10A8E000A9DC12B6CB12C330EE12A982C0E0E82474
:10A8F00033F582E439F583D0E0F0EE241B12B6483C
:10A90000C0E074081214A912A9B8D0E0F0EE241A1D
:10A9100012B648C0E074081214A912A9B42432F582
:10A9200082E438F583D0E012AA0112A9A512119190
:10A9300012D0C412DF14740B1214A9128B8A1211D4
:10A94000C3EE241512B64854406012901A3912B161
:10A95000FD600AAA18AB1912D0F5120E2DAA18AB79
:10A960001912291A740C1214A9E0F902ACC1E824D6
:10A9700020F582E439F58322EE2419F582E43FF5CF
:10A98000832212D0D7E022E812BE6239F58322EE8C
:10A990002418F582E43FF583225480F8A3E05401A3
:10A9A000F974806822F508A3E0F509750A007808B3
:10A9B00022129BE712A9C82212A9C82434F582E406
:10A9C00038F58322A3A3A3A312A9CC22E0F8A3E025
:10A9D000C82212A9C812A30838F58322FAA3E0FB03
:10A9E000E8242AF582E439F583EAF0A3EB22A3A355
:10A9F000A3A3129D6BEE2212B1B312B17A39F58383
:10AA000022F0EE241312B6D322F0EE240D12B6D3A8
:10AA100022E0FC8A828B83E02CFCA3E03400FD8AD8
:10AA2000828B83ECF0A3EDF02212B1DC7404F0A36E
:10AA3000E4F022F085188285198322F0EE241512A5
:10AA4000B6D322E0D2E3F012AA4B228E828F831279
:10AA5000D6EBE8F0A3E9F02274F7120CB58A828BEA
:10AA600083A3E0640170047E6380027E648A828B2B
:10AA700083E06008790512AA8C24F3FE901A70E036
:10AA80006007F912AA8C24F2FE02A58B1229E6E9CE
:10AA9000F8EEC3982274F6120CB574FE12125B85A0
:10AAA000188285198312C33DE9FEECFAEDFB900490
:10AAB0003012B1FD6032A818A919880889097808F0
:10AAC0001211957D01740E1214A9E0FCEEF99004A8
:10AAD0003012C311120E2D74021211C3EA4B60041E
:10AAE0007900800679B2800279B6029E5574F71219
:10AAF0000CB5E9FE901A0912B1FD601F7409121419
:10AB0000A9E0F5087808121199EEF9901A0912C314
:10AB100011120E2D74011211C3800279B602A5AF75
:10AB200074F7120CB58908ECFEEDFF79B5E5082441
:10AB30005F600C14603414601624F86048805190F3
:10AB400019FC129D678C828D83E8F0A3E980189030
:10AB5000043212AB936039E0F5838A82120E2D8E97
:10AB6000828F83EAF0A3EBF08024901A0B12DF149B
:10AB7000EC4D601CEEFCEFFD901A0B12C311120E8F
:10AB80002DE9F9800B901A0712AB99121C2A790053
:10AB900002A5AF12ABE4EA4B2212DF18EEFAEFFB8C
:10ABA0002274F7120CB5E979B5245F600624F660CB
:10ABB0000E80178C828D8312ABCD12C9AD800990A7
:10ABC0001A0712ABE0121C2A790002A5AF129D6B86
:10ABD0009019FC228E828F83A3A3A3A3A3A3A3A374
:10ABE00012ABE42212ABE822E0FAA3E0FB2274F1FC
:10ABF000120CB5EAFEEBFF8C0A8D0B750801901A5A
:10AC000078E06E7003A3E06F700C12ACB5AA0AABCB
:10AC10000B121C2A805E122BEAEE6A7002EF6B7038
:10AC200009AA0AAB0B122BF0804AAC0AAD0BEEFA64
:10AC3000EFFB12245EE9F508901DC1E07036123179
:10AC4000C6E97030E508702C901A2DE06E7003A3F1
:10AC5000E06F7020EE4F601C750C25750D1A750E97
:10AC600000780C1211917C087D00AA0AAB0B12D659
:10AC7000D71211C3A90802E01074F2120CB5EAFE53
:10AC8000EBFF8C088D09750A0112ACB5EEFAEFFBEB
:10AC9000121C24E96401700B901A7812B7CA12C909
:10ACA000AD800EAC08AD09EEFAEFFB122464E9F5B5
:10ACB0000AA90A8011122BDE8A0C8B0DAC0CAD0D8B
:10ACC00022740D1211C37F06020F1374F6120CB515
:10ACD000EAFEEBFF7A0D7B00121B34EA4B6062EE5A
:10ACE000242412D3ACF0EE242512D3ACA312AD83EE
:10ACF00012D3B2A3A312D0F912AD5EF0EE12AD449E
:10AD000012AD73E8F0A3E912AD9A12AD6B12C9ADA2
:10AD1000EE12AD4D12D1C3A3A3A3A3F0EE243312C0
:10AD2000B648C0E012AD56D0E012CEEE12AD6BA325
:10AD3000A3A3E8F0A3E912AD92C0E012B321D0E0E2
:10AD4000F0029E5A242AF582E43FF58322242EF550
:10AD500082E43FF58322EA12B7A63BF5832212ADC7
:10AD60006222E08A828B83A3A3A32212D211A3A31F
:10AD7000A3A32212AD7722129D6F8A828B83A3A395
:10AD8000A3A322F012AD8822EE2426F582E43FF53B
:10AD90008322F0EE243212B6D322F0EE242C12B627
:10ADA000D32274F4120CB574FE12125BECFEEDFFAC
:10ADB000EC241612B64864057010EC2406FCE43F3F
:10ADC000FD122890E9700302AE4EAC18AD1912D4F2
:10ADD0006112232085188285198312B1FD606B8E64
:10ADE000828F83E064017058E875F009A4F8AAF036
:10ADF00075F009E9A42AF9747628F8740739F9E896
:10AE0000FAE9FB8882F5837808121452EE12AEF04C
:10AE1000121404402785188285198312A9F212B6EC
:10AE20005612AE5378081214529086C67808121340
:10AE3000158A828B837808121434800A79A28010D4
:10AE4000EE240F12C9A77900800679A1800279C883
:10AE500002832B12AA52EE12D0E32274F2120CB526
:10AE60008A0C8B0DECFEEDFFEC12B656E4F0A3F06D
:10AE70009086927808121452EC12AEF012129C6076
:10AE800067EC240E12B64F703478B3901A6FE070EE
:10AE900028901AA1E064017020EC241112B648F940
:10AEA0001229CE8B09A909EE12B1763F12C33BEAF3
:10AEB0004960047800800278A18808802EE0600450
:10AEC0006402700A1228A2E9F5087007801DE06488
:10AED000037010EEFCEFFDAA0CAB0D12234AE9F54E
:10AEE0000880087508A180037508A3A90802ACC6EC
:10AEF00012D0E378082274F0120CB574F512125BCC
:10AF0000EAFEEBFFEA240AFCE43F8C82F58312E3BD
:10AF1000B112B18C740312123B8A828B8312C1234B
:10AF2000E9700302AFDF740112123B740312123393
:10AF300012232074011214A912B1FD700302AFDFB5
:10AF4000E875F009A4F8AAF075F009E9A42AF974E3
:10AF50007228FC740739FDE508240E12B184E4F070
:10AF6000041214A9129D67E50812B176350912C9B9
:10AF7000AB8C828D8312147AE508241212B18412EC
:10AF8000146E9086C678081214528C828D837808CD
:10AF900012133B8C828D83780C12145290869A780F
:10AFA00008121452780C7908120C46E50845094538
:10AFB0000A450B702A74011214A912B1AF75F00979
:10AFC000A4F8AAF075F009E9A42AF9747A28F582A0
:10AFD000740739F5837401F07A007B0812B1A68EEC
:10AFE000828F83A3A3A3A3A3A3A3A3A3A3E0240665
:10AFF000FCA3E03400FD8E828F8312C12312CED2D7
:10B00000603EEE240A12B16812A9F7746812AA2EE3
:10B01000E812B15E39F5837402F0901A3F12147A87
:10B020008C828D8312C32A12BE5E3CF58312146E8D
:10B030009086C67808121452901A3F780812133B73
:10B0400012B1E87060901A0712B19AA3A3A3A3A348
:10B05000A3A3A3A3A3E0240612B7C3121C24E97080
:10B060001012BE52901A0712BE68700512CED2603E
:10B07000348E828F83A3A3A3A3A3A3A3A3A3A3120A
:10B08000B19A12ABE0122350E960118E828F83A334
:10B09000A3A3A3A3A312B1D4E4F0A3F08E828F8361
:10B0A00012B1BCE4F012B1E8600302B1598E828F94
:10B0B00083A3A3A3A3A3A312E3AD901A6FE060033D
:10B0C00002B14E901AA1E06401600302B14E750A0C
:10B0D0003A750B00780A121195740212122B880A25
:10B0E000890B780A12119512D9AC1211C3E9705B61
:10B0F000E508240E12B184740112B202C0E0E50822
:10B10000241112B184D0E0F0E508240F12B1847448
:10B110003A12AA2E901A3B12147AE508241212B1A0
:10B120008412146E9086C67808121452901A3B78D6
:10B130000812133B9086C67808121452901A3B7876
:10B140000812129C700812B1A2800312B18C12B1C5
:10B15000E8700612BC2974A1F0740B02D2CE12B1B1
:10B160006222240EF582E422F8E43FF9E8FCE9FDCE
:10B170008882F58322EA12B17A22240FF582E42232
:10B18000E5082413F582E43509F58322E50812B1B8
:10B190007A3509F583E4F0A3F02212DF188E828F4E
:10B1A00083227A007B029018ABE0F9121AE6221291
:10B1B000B1B322129D6FE8228A828B83A3A3A3A33B
:10B1C000A3A3A3A3A3A312B1CA2212A9CC12B16252
:10B1D00038F58322A3A3A3A312B1DC2212A9CC24A5
:10B1E0000FF582E438F583228E828F83A3A3A3A375
:10B1F000A3A312A9C4240FF582E438F58312B1B3D6
:10B20000492212B20622F0851882851983E0227441
:10B21000F6120CB5EAFEEBFF7A237B00121B34EE2C
:10B22000240AF508E43FF50985088212C33B7C2314
:10B230007D007900121A8685088285098312B1FD86
:10B24000700302B2D0EEFAEFFB1228AE12B1E86042
:10B25000748E828F8312B30764018E828F83A3A3BF
:10B26000A3A3A3A3700712B2FD740E802112B1FD37
:10B27000701012CED2700B8E828F83A3A3E0A2E057
:10B28000500712B2F3740D800512B2F3740512CE9A
:10B29000EE54036401700712B2D77405800B901A44
:10B2A00070E0C0E012B2D7D0E012B316F583888206
:10B2B00012B67585088285098312A9B412C2BE38F8
:10B2C000F583E9800E85088285098312C3C4800353
:10B2D00012C2E6F0029E5A8E828F83A3A3A3A3A379
:10B2E000A3A3A3A3A312B2E922E0F8A3E0F5838805
:10B2F00082A3228E828F83A3A3A3A3A3A312A9C494
:10B3000012C2C438F58322A3A3A3A3A3A3A3A3A318
:10B31000A312B1CAE02212B31A2212D493F8A3E006
:10B3200022EA12B3293BF58322240CF582E422742D
:10B33000F1120CB574E412125B8A0C8B0D8C088D23
:10B34000097A237B00121B348A0A8B0BAE0AAF0BDF
:10B35000EA4F700302B63012C2CAE508241512B6CD
:10B3600061687003A3E0698E828F83700474028029
:10B37000027401F0E508240DF8E43509F98882F536
:10B3800083E0FAC3E49AFA95E0FBE508240E12B6CE
:10B39000612AFAA3E03BFB8E828F83A3A3A3A312AF
:10B3A000BE8A8E828F83A3A3F0EE2420F582E43F31
:10B3B000F583E4F0EE2421F582E43FF583E4F0EE3A
:10B3C000FAEFFB12299885088285098312B67C70F2
:10B3D000098E828F83A374058006901A7012B66A54
:10B3E000F0EE2417F50AE43FF50B8E828F8312B638
:10B3F00075E9850A82850B83F0EE2416F8E43FF99F
:10B40000E508240EFAE43509FB8882898312AA1123
:10B41000E5082410FAE43509FB850A82850B83E0F0
:10B42000FC88828983E0F88A828B83E0C398C39C7E
:10B43000F812B6B6F0EEFCEFFDAA0CAB0D1228A880
:10B44000E9F50B8E828F83E06402700612BE521201
:10B45000B63AE50B600302B627750C00750D009037
:10B460001DC1E064016005E06402703F12B64C60EB
:10B4700008EE242112B64F70328E828F83A3A3A3CD
:10B4800012C2EC12B682EE241612B64812B6ABFA0D
:10B49000E439FB12902AEA4B601112BCE8121191B8
:10B4A00012B690AA0C12D6D71211C3EEFAEFFB1205
:10B4B00029A4E9F50B901DC1E064016008E0640275
:10B4C000600302B61AE9700302B61AE50C450D7066
:10B4D0000302B6278003850E0B12B64C600BEE24D8
:10B4E0002112B64F600302B620850B0E850C08852D
:10B4F0000D09750A00780812119112B6908E828F8C
:10B5000083A3A3A3A3128B951211C3EE242012B61A
:10B5100048600D12B655746812AA2EEE24208015CC
:10B52000EE242112B648601512B6557403F0A374C8
:10B5300001F0EE2421F582E43FF583E4F0EEFAEF2A
:10B54000FB1229A4E9F50B70907C137D007900743F
:10B5500009121233121A86741A1214A9740112B63F
:10B56000CB64687002A3E0704F8E828F8312B1D4D7
:10B57000E06405600302B4D67C0879FF8E828F8375
:10B58000A3A3A3A3E0242A12B7C3121B1CE97003D0
:10B5900002B4D67C087D0079FF7401121233121AAE
:10B5A00086740112123B7A007B0079AB12288A74F0
:10B5B000191214A974FC801512B655E064037004C6
:10B5C000A3E06401700874191214A974FFF0E4F583
:10B5D00008F5097808121195740212123B741312BF
:10B5E00014A9AA82AB8312C4D81211C3851882850C
:10B5F0001983E0602B740912122B880889097808D6
:10B6000012119575081375090078081211957C00C0
:10B610007D0012D3761211C38006E50C450D60073C
:10B62000AA0CAB0D121B3AEEFAEFFB121B3A800389
:10B63000750B10A90B741C02E00DEE2406FAE43F12
:10B64000FB121C2A22EE240C12B6D322EE24201266
:10B65000B6D3640122EE12B17A3FF58322E50824C5
:10B6600014F582E43509F583E02212B66FA322E0D7
:10B670008E828F8322A3E0F91229E622E05403642C
:10B68000012212B68622E0FAE82AF8E43400F92210
:10B690008E828F83A3A3A312C2F012B686EE241665
:10B6A00012B6D312B6ABFCE439FD22FAE82AF8E46C
:10B6B00039F9E824042212B6BA2212B6BE2212B612
:10B6C000C222F08E828F83A3A3A322F012B6D022CF
:10B6D000EE240FF582E43FF583E022790102115751
:10B6E00074F4120CB5EAFEEBFF8A82F583A3A3A3E0
:10B6F000A3A3A3A3A312A9B42424F582E438F58359
:10B7000012B67C702E8A828B8312B307702512B713
:10B71000D8E06405701D12B7D8A3E0F87401686022
:10B7200005740668700712B1B87402800512B1B8CA
:10B730007403F0EA240A12C3B812C311E4F0EA2435
:10B74000081283172431F582E43AF583E0C0E01251
:10B75000B7ACD0E012B7F7CA242EF582E43AF583ED
:10B76000E0C0E012B7ACA3D0E012BF41C812B7A648
:10B7700038F58312B7CA12C2F912B7EC8A0A8B0BDA
:10B78000AC0AAD0B850882850983E0240612B7C395
:10B79000121C2A85088285098312ABE01229A412A3
:10B7A000C3B3F0028330240BF582E422850882853E
:10B7B000098312B7B62212C301A3A322EE12CB88CB
:10B7C000E02412FAA3E03400FB2212B7CE22129D2D
:10B7D0006F850882850983228A828B83A3A3A3A312
:10B7E000A3A3A3A312CEB9F583888222A3A3A3A304
:10B7F00012AA52122BDE2212BE74FAA3E02202B663
:10B80000DBC082C083901A2F74B4F0A37428F09028
:10B810001A3174C0F0A37428F0901A3374C6F0A3E0
:10B820007428F0901A3574BAF0A37428F002BB089B
:10B8300074F4120CB5EA2408FEE43BFF8E82F58313
:10B8400012B1AF12C2D6E0F50874035508F509121B
:10B85000BE9EF8A3E08882F583E508F0A3A882A93C
:10B8600083E509600974026509600302B91D740C5F
:10B870005508FC600A74086C600574046C702674CA
:10B880000265097006E508A2E4401A8A828B83A348
:10B89000A3A3A3A3A3A3A312BA2312D0BE3D12B99C
:10B8A000BEA308A983740C6C701C12BA1F24281242
:10B8B000BA0D2428F582E43DF583A312CCF5F0E817
:10B8C0002402F8500109740265097006E508A2E433
:10B8D000404B12BA1F242A12BA0D242AF582E43DE5
:10B8E000F583A312B9CD12BA2912CCF512BA29A345
:10B8F00012B9C5E82404F8500109EC600F74086C13
:10B90000600A740C6C600574046C701112C31E2400
:10B9100026F582E43C12B9BEA3A882A9838A828B51
:10B9200083A3A3A3A3A3A3A3A312B9ED54037014E9
:10B93000E508A2E1400E12C31E12B9B83CF583E03F
:10B940005480600812B9D312B9C080199019FBE075
:10B95000C0E012B9D3D0E012BA008882898312BA4B
:10B96000000412BE79A3A882A983E508A2E7504586
:10B970008E828F8312B9ED8882898312BA0612B93A
:10B98000F25403603012C31E2434F582E43C12CC1E
:10B99000F3F0E508A2E1501D8A828B83A3A3A3A341
:10B9A000A3A3A3A312831F2435F582E43A12CCF398
:10B9B000A3F0E82403028330241EF582E422F583F9
:10B9C00012B9CDF02212B9CDA3A3A3F022E0888250
:10B9D0008983228A828B83A3A3A3A3A3A3A3A3E027
:10B9E000FCA3E0CC2432F582E43CF58322E012B9DA
:10B9F000F222FCA3E0CC2425F582E43CF583E0228E
:10BA0000F09019FBE022F08E828F83E022F582E431
:10BA10003DF58312B9CD12BA1A22F012BA1F228E46
:10BA2000828F83E0FDA3E0CD22A312BA1A242CF565
:10BA300082E43DF58322C082C0838A828B8312BA5E
:10BA4000F8FC74035CF98A828B83A3A37401F0E988
:10BA500060057402697061740C5CF8600A740868AF
:10BA6000600574046870137402697005ECA2E44008
:10BA7000098A828B83A3A37402F0740C68700A8A0B
:10BA8000828B83A3A3E02402F07402697005ECA208
:10BA9000E440258A828B83A3A3E02404F0E8600FAE
:10BAA000740868600A740C68600574046870098A18
:10BAB000828B83A3A3E004F0ECA2E7502A8A828B56
:10BAC00083A3A3E00412BAFE128828E0540360178F
:10BAD0008A828B83A3A3E004F0ECA2E150098A825E
:10BAE0008B83A3A3E004F08A828B83A3A3E004F0FA
:10BAF000801685188285198312B2E9A3E022F08AA4
:10BB0000828B83E0221211C3D083D082021157C0EE
:10BB100082C0838A828B83A3A3A3A3A3A3A3A3A38B
:10BB2000A312B1FD60098A828B83A3A312BB31806B
:10BB3000D7A3A3A3A3A3A3A3A312BB3D2212ABE845
:10BB4000121B3A2274F2120CB574F312125BEAFE65
:10BB5000EBFF740C1214A97401F012C3A112B1FD11
:10BB6000600612C30A120E2D12B645600302BBF91D
:10BB70007C087D007900AA18AB19121A867402128B
:10BB800014A9740112BC4512D6E312BCF9F8A3E063
:10BB9000C812A31938F583E02409C0E07404121414
:10BBA000A9D0E0F074051214A912CEC51214A9E0B0
:10BBB000704774081214A912C998740E12BC451269
:10BBC000DF12850C82850D83A3AA82AB83121C2A07
:10BBD00012ABD412AD5612BCF012119112A3183B45
:10BBE00012BC3EE50C2409FAE4350DFB12D6D7123F
:10BBF00011C3AA18AB1912291A8E828F83A3A3A38B
:10BC0000A3A3A3A3A312B1FD60078E828F8312BBEF
:10BC100031EEFAEFFB1228DE740C1214A9E0C0E03A
:10BC200012BC29D0E0F002ACC112BC2D22EE240CD3
:10BC3000F582E43FF58322E50E129943350FF58333
:10BC4000E0FC7D002212CBB512C3162274F5120C53
:10BC5000B574F312125BEAFEEBFF7C087D007900FD
:10BC6000AA18AB1912C96FA3A3A3A312BCE012C3F5
:10BC700056C0E074041214A9D0E0F074021214A9A2
:10BC8000740112BCFDC0E074051214A9D0E012C307
:10BC9000436401700974021214A9E0D2E5F0AA18F5
:10BCA000AB19122914740C1214A9E070278E828F1C
:10BCB0008312BCEE1211918E828F83A3A3A3A312D1
:10BCC000BC40740B1214A9128B8A1211C3AA18ABB0
:10BCD0001912291A740C1214A9E0F9740D02D7D1A3
:10BCE00012D6E7E8F0A3E9228E828F83A3A3A3A351
:10BCF00012E3B5750A00780822E8F0A3E912C9E456
:10BD0000E02274F6120CB574F212125BEAFEEBFF3D
:10BD10008A82F58312D6DD12C9ADEA12CB8412C233
:10BD2000F9A3E0C0E074021214A9D0E012BF5912C6
:10BD3000BF4874041214A912C9AD74021214A9E008
:10BD40006404700F12B7BC74061214A912BE8A24C0
:10BD50001A8032E064016005E064067036EE240269
:10BD600012831712BE5E3AF583E0C0E0740312142A
:10BD7000A9D0E012BE70241312B7C374061214A91E
:10BD800012BE8A241B12BF4874081214A9E8F0A33B
:10BD9000E9802774061214A9E4F0A3F012B7BC746A
:10BDA000081214A912BE97C8241AF582E438F58344
:10BDB000E0C0E0740A1214A9D0E0F074061214A9CD
:10BDC00012B1FD601F74061214A912ABE0122452C6
:10BDD000E96401700F12BE5274061214A912BE68F3
:10BDE00064017009AA18AB1912297A8060AA18ABED
:10BDF00019122326E964017054740C12123B740664
:10BE00001214A912ABE0122896E96401703F740C79
:10BE10001214A912A4C112BE7FA3A3E4F09019D5F5
:10BE2000E0601512C11970108E828F83A3A3A3A3A3
:10BE3000A3A3A3A37401800D8E828F83A3A3A3A3C6
:10BE4000A3A3A3A3E4F0EEFAEFFB1228EA740E0218
:10BE50009E57122BDE8A088B09AC08AD092212BE50
:10BE600062222412F582E42212ABE4121C24E9229D
:10BE700012BE742212BE79E022F0888289832212D7
:10BE8000AA528E828F83A3A3A32212BE8E22EAF02F
:10BE9000A3EB12BE79E02212BE8EF8A3E02212CFED
:10BEA0004CE022C082C08374FC12125B12BEF224EA
:10BEB0000112BF4874021214A9E8F0A3E912BEEC03
:10BEC000122980740402BB05C082C08374FD121263
:10BED0005B12BEF2128822C0E074021214A9D0E0F4
:10BEE00012BEEC122986740302BB05E4F0AA18AB5B
:10BEF00019228A828B83A3A3A3A3A3A312AA4F8A86
:10BF0000828B83A3A3E022C082C08374FA12125BE7
:10BF10008A828B8312D6DD12BF6BC0E074021214CA
:10BF2000A9D0E012BF41F5838882A3A3E0C0E074EA
:10BF3000051214A9D0E012BEEC12298C740602BBC3
:10BF40000512BE74F8A3E022F8A3E03400F922E061
:10BF50002402F8A3E03400F92212BE74240222E87D
:10BF6000F0A3E9F0EA2402F8E43B2212BF5FF9886B
:10BF700082F58312C2FDA3E02274F4120CB574FBA7
:10BF800012125BEAFEEBFF8A82F58312C05760163D
:10BF900024FE601824FE601A24FB601C24FE70033B
:10BFA00002C04602C0491228F002C0491228F60217
:10BFB000C0491228FC02C0498A828B83A3A3A3E054
:10BFC0008882F583E5822409F508E43583F5097450
:10BFD0000312123BA3AA82AB83122896E964017074
:10BFE00068851882851983743612C35624F7C0E019
:10BFF00074011214A9D0E0F074021214A912BEEB5D
:10C000001225488A0A8B0BAE0AAF0BEA4F603A74CE
:10C01000031214A9E012D2A012D48FC0E0EA12C019
:10C020004ED0E0F0750A00780812119112A3183F63
:10C0300012BC3EEA12C975128B931211C3EEFAEFCD
:10C04000FB1225428003122902740502832D242449
:10C05000F582E43FF5832212C10D24FB2274F6120F
:10C060000CB574E412125BEAFEEBFF740112123B92
:10C070008A828B83A3A3A3A3A3A312C1237409124F
:10C08000122B880889097808121195740212123B44
:10C09000740312123312C4D81211C3851882851981
:10C0A00083E06034741A1214A9E0600464017028FB
:10C0B0009019D7E070228E828F83A3A3A3A3A3E05D
:10C0C00070168E828F8312C10760378E828F83A392
:10C0D000A3128CE66407602A8E828F83A3A3A3A396
:10C0E000A3A3A3A3E0700E12C11960097A347B01E7
:10C0F0001220DA800DEEFAEFFB901A3712C31112FC
:10C100000E2D741C029E5712C10D640622A3A3E0DB
:10C11000F8A3E0F5838882E0228E828F8312C10D1E
:10C1200064052212ABE41228902274F4120CB57448
:10C13000FA12125BEAFEEBFF12882E2408F582E465
:10C140003B12C349240AF582E43812C34912C2DF04
:10C1500012BEEB1228D812BAF2F50812C2CA85181C
:10C160008285198312C2F9E0687003A3E069602E2A
:10C17000E508A2E55028851882851983A3E0FB9085
:10C180001A2F12C311120E2D85188285198312A938
:10C19000B4240A12B1F7700612BAF2C2E5F012B670
:10C1A00045600302C2B374031214A97436F074021A
:10C1B0001214A912C2ECA3A3E028C0E07404121464
:10C1C000A9D0E012C343C0E074051214A9D0E01254
:10C1D000C9DDF8A3E0F9E849601BE812C2BE39F5F1
:10C1E00083E0FAE812C2C439F583E02AF874041235
:10C1F00014A9E028F074031212331225488A088B20
:10C2000009A808A909EA49700302C2A88E828F838F
:10C2100012ABE088828983A3A312C33DE812BE5EFD
:10C220003912CEEAC0E0E812C2D6D0E012CEC0C0C9
:10C23000E0E82425F582E439F583D0E012C356C046
:10C24000E0E8242EF582E439F583D0E0F0740212A0
:10C2500014A9E0FA12BE9E2AFCA3E03400FDE81205
:10C26000C2B839F58312AA23E82431F582E439F5FE
:10C2700083EA12C9DDFAA3E0FBEA4B6019E8242F38
:10C28000FAE439FB8E828F83A3A312C32212C2C4A5
:10C290003CF58312AA118E828F83A3A3A3A3A3A329
:10C2A000A3A3E8F0A3E9800AEEFAEFFB1228DE125E
:10C2B000C2E6F0740602832D242FF582E4222417AF
:10C2C000F582E4222416F582E422122BE48A0A8BFA
:10C2D0000BA80AA90B222424F582E439F583221243
:10C2E000B32938F5832212BC2D74102212C2F02219
:10C2F000E0F88E828F83A3A32212C2FD2212C30113
:10C3000022E0FAA3E0F5838A8222EEFAEFFB901A8C
:10C3100031E012C31622F8A3E0F5838882228A82D4
:10C320008B83A3A3A3A3A3A3A3A3E0FCA3E0CC229A
:10C33000FAA3E0FBE8242CF582E439F583EAF0A3C4
:10C34000EBF02212C35BA3E022F583E4F0A312B268
:10C3500006F8A3E0C82212C35BE02212B6BEA322F5
:10C3600074F6120CB5EAFEEBFFEA12B6467028121C
:10C37000C3A112B1FD600612C30A120E2D12B645FA
:10C38000700B12ABD412254212C3B38009EE2408FD
:10C3900012C3B812C3C4F0EEFAEFFB1228DE029EFD
:10C3A0005A1228D28E828F83A3A3A3A3A3A3A3A3ED
:10C3B000A3A32212BC2DE922F508E43FF509850864
:10C3C00082F5832212BB3D850882850983E4F0A3B0
:10C3D0002274F4120CB58A088B09ECFEEDFF12C230
:10C3E000CAEE241512B648687003A3E069600EAA6D
:10C3F00008AB0912231AE9700479018011EEFCEFF1
:10C40000FDAA08AB09901A3512C311120E2D028332
:10C410003074F7120CB5EA4B701F7E007F0012C615
:10C420000550247C107D00EE2404FAEF3401FB1249
:10C430001BC40EEE70E80F80E57C107D008A828BB5
:10C440008312C615121BC402A5AF74F6120CB57484
:10C45000E412125B85188285198312C9B112123356
:10C46000121A86740912122B880889097808121189
:10C4700095740212123B740312123312C4D81211B3
:10C48000C38A088B09AE08AF09851882851983E035
:10C4900070047901803F7C137D00790074091212C9
:10C4A00033121A8674191214A974FFF07409121247
:10C4B0002B880889097808121195750813750900E9
:10C4C00078081211957C007D00EEFAEFFB12D3760E
:10C4D0001211C3790002C10212293E74022274F0C3
:10C4E000120CB574EC12125B8A0A8B0B8C088D0946
:10C4F000851882851983E4F0901DC1E0700A901DB3
:10C500009FE070047901806FEA4B6004EC4D700489
:10C5100079028063740112122B880C890D780C1239
:10C520001195740212123BAA08AB0912C4D8121159
:10C53000C38A0C8B0D74FF6A700374FF6B70030267
:10C54000C600851882851983E0603174111214A920
:10C55000E07029780A12119575081075090078089D
:10C560001211957C007D0074171214A912C61512C1
:10C57000D3761211C37900741402D2CE7E007F00EC
:10C5800080050EEE70010F12C6055074780A121164
:10C59000957C107D00EE2404FAEF3401FB12D70ED7
:10C5A0001211C3E9640970DA750A00780812119152
:10C5B0007C087D00740C1214A912D6D31211C37416
:10C5C000051214A912C61E041214A912C61E741153
:10C5D0001214A9E4F074131214A9EEF074011212EB
:10C5E0002B880889097808121195750813750900B8
:10C5F00078081211957C007D00AA0CAB0D02C56F66
:10C6000079B202C577903A78E493F8740193F9C34C
:10C61000EE98EF9922E02404FAE43401FB22E4F0DE
:10C62000A3F0A3F0A3F02274F1120CB574DF121280
:10C630005BEAFEEBFF740D1214A912C9B11212339A
:10C6400012C96FE06404600302C6EB74051214A9FA
:10C650007422F0740D1214A9E0600302C94312C9D8
:10C660008E1214A912C9C41214A9740112C9DDC012
:10C67000E074061214A9D0E0F012C974F583129D7B
:10C680006774071214A912C9CAA3A3A3E0640170B6
:10C690000974031214A9E0D2E5F0740112123312E6
:10C6A0002914740D1214A9E0600302C9437409121D
:10C6B00014A912C998740512CEEE850C82850D83DB
:10C6C000A312C356F8A3E0F9E849700302C7A01209
:10C6D000BCE81211917C107D00E50C2402FAE435CF
:10C6E0000DFB12D6D71211C302C7B28E828F83A35D
:10C6F000A3E06401600B8E828F83A3A3E0640670C5
:10C7000074901DC1E070641231C6E970278E828F6B
:10C7100083A3A312BCEC1211917C087D007A257BC7
:10C720001A12D6D71211C38E828F83129D67901A68
:10C730002D12C9AD901D9FE06402702F740E12126D
:10C740002B880889097808121195740212123B127D
:10C75000CED71211C3741E1214A9E0700985188275
:10C76000851983E0700579B102C96A74051214A9AC
:10C77000742302C6528E828F83A3A3E06402600BEF
:10C780008E828F83A3A3E06403700A74051214A938
:10C79000741B02C652740D1214A974B3F002C9437B
:10C7A0007C107D007900E50C2402FAE4350DFB12C3
:10C7B0001A86E50C2412F50C5002050D8E828F832B
:10C7C000A3A3E06401600B8E828F83A3A3E06406C1
:10C7D000700E8E828F8312C97AA385820C85830D99
:10C7E0008E828F83A3A3A3A312DF12AA0CAB0D1218
:10C7F000244CE50C2408F50C5002050D8E828F8325
:10C80000A3A3E0640460168E828F83A3A3E0640177
:10C81000600B8E828F83A3A3E06406700FAC0CAD17
:10C820000D7A007B0079AB122884800C8E828F8376
:10C83000A3A3A3A3A312C97A8E828F8312C9866091
:10C840000874091214A912AA29740D1214A9E0601F
:10C850000302C9438E828F83A3A3E06404600302B2
:10C86000C929740E12122B880889097808121195AB
:10C87000740212123B12CED71211C38A088B09859B
:10C880001882851983E0700D74FF6A700374FF6B62
:10C89000700302C94312C97412B1FB600A74011219
:10C8A00012331228E48008740112123312291A8EEE
:10C8B000828F83A3A3A3A312823B750E00780C1270
:10C8C00011917C087D0074191214A912D6D312118B
:10C8D000C3741E1214A9E0700C74201214A9AA8249
:10C8E000AB83122926741E1214A97401F0741F124E
:10C8F00014A9E4F074121214A912C9B91214A912DD
:10C90000C9B912122B880A890B780A121195750A77
:10C9100013750B00780A1211957C007D00AA08ABF4
:10C920000912D3761211C3801A12C97412B1FB60B6
:10C930000A74011212331228E480087401121233AF
:10C9400012291A901DC1E0701A1231C6E970147CC8
:10C95000087D0079007A257B1A121A86901A2DE438
:10C96000F0A3F0740D1214A9E0F9742102E00D1285
:10C97000CCEAA322EE12B7A63F22A3A3A3E0850C24
:10C9800082850D83F02212ABE4122C7AE9228E828A
:10C990008F83129D6B74012212CE92F50CA3E0F5E9
:10C9A0000D850C82F58322F582E43FF58312AA52AD
:10C9B00022E4F07C08FDF90422E4F0A3F0A3F0A344
:10C9C000F0740E2212AA52740322E8F0A3E912C9ED
:10C9D000D22212C9D62212B6C2A3A3A32212C9E43C
:10C9E000A3A3E02212C9D6A3A32274F0120CB5743B
:10C9F000ED12125B8A0E8B0F8C0A8D0B7EFF7FFF70
:10CA00008C828D83E4F0EC4D6004EA4B70077AFF72
:10CA10007BFF02CAC9750800750900802474FF6E87
:10CA2000700374FF6F701274081214A9AA82AB838A
:10CA3000122DBEE9700312CACE0508E50870020582
:10CA400009903A7AE493F8740193F9C3E50898E5FC
:10CA500009995071A818A919880C890D780C121120
:10CA600095750C13750D00780C1211957C007D00E6
:10CA7000E5082411FAE5093401FB12D71C1211C391
:10CA8000AC0EAD0F74081214A9AA82AB83121C2439
:10CA9000E964017088850A82850B837401F0742330
:10CAA0001214A912AB93601AA818A919880C890D41
:10CAB000750E00780C1211917C137D0012D6D712DE
:10CAC00011C312CACEEEFAEFFB741302D2CEE50800
:10CAD0002411FEE5093401FF2274F6120CB574F33B
:10CAE00012125B12CC211214A9740CF074051214EA
:10CAF000A9740112CBBA600974021214A9742180BE
:10CB00000774021214A9740112CEC71214A9E0709E
:10CB10005674081214A912CE8EF508A3E0F5098503
:10CB20000882F583740612C356FCA3E0FD850882D3
:10CB3000850983A3AA82AB83121C2AEE12CB84122E
:10CB4000CB93A312CBAC850882850983A3A3A3A3AF
:10CB5000A3A3A3A3A3A312CBB1C0E0E508240B12A7
:10CB6000B184D0E012CBA38E828F83A3A3A3A3A30F
:10CB7000A3E0700479008007740C1214A9E0F97422
:10CB80000D029E5712CB88222402F8E43FF98882D6
:10CB9000F58322E0850882850983A3A3A3A3A3A329
:10CBA000A3A322F0AA18AB1912291A2212A3A6E0F5
:10CBB0002212CBB52212C9D6E02212C9D2A3E0229A
:10CBC00074F7120CB574F312125B12CC211214A973
:10CBD0007409F074051214A9740112C3566401702B
:10CBE0000974021214A97421800774021214A97422
:10CBF0000112CEC71214A9E0702474081214A912ED
:10CC0000CEB0740712CEEEFCA3E0FD88828983A328
:10CC1000AA82AB83121C2AAA18AB1912291A02A5E0
:10CC2000A3EAFEEBFF7C087D007900AA18AB19127D
:10CC30001A8612AA4B74042274F7120CB574F312FC
:10CC4000125BEAFEEBFF740C1214A9E4F07C08FD01
:10CC5000F9AA18AB1912CCEAE06401600A8E828F3F
:10CC600083A3E06404706674041214A97402F0745F
:10CC70000C1214A9E070538E828F83E08518828590
:10CC8000198312AA2E74021214A97421F0740512C9
:10CC900014A912CEC51214A9E0702F74081214A999
:10CCA00012CEB0740812D722AA82AB8312CCF5122E
:10CCB000BAFE6402700D12DF0EE82402FAE439FBBA
:10CCC000121C2AAA18AB1912291A02A5A38E828F48
:10CCD00083A3E06402700974041214A9740A808E9C
:10CCE000740C1214A974B3F080E0121A868E828F2D
:10CCF00083A322F58312B9CDA32274F4120CB57468
:10CD0000B612125B8A088B098A828B83A3A3E06424
:10CD100004600302CE87901DC1E0700302CE87122B
:10CD2000CED2600302CE87740F12123B7A007B00D2
:10CD300079AB12288485088285098312DF14740F69
:10CD4000121233122458E9700302CE87743712127C
:10CD50002B880A890B780A121195740212123B85EE
:10CD6000088285098312CEE11211C38518828519C4
:10CD700083E0700302CE8774471214A9E064016057
:10CD80000302CE87742712122B880A890B780A12A5
:10CD90001195750A10750B00780A1211957C007DAB
:10CDA000007A027B0112D71C1211C374011214A95C
:10CDB0007403F0741712122B880A890B780A121167
:10CDC00095742912122B880A890B780A1211957C06
:10CDD000087D00740512123312D6AF1211C3740EFF
:10CDE0001214A9E4F07C08FDF97402121233121A2D
:10CDF0008674021214A9E4F0A3F074041214A97446
:10CE000001F074071214A97401F074061214A974C5
:10CE10001AF07402121233122914740E1214A9E0BB
:10CE20007065740A1214A912CE8EFEA3E0FF8E82E2
:10CE3000F583740F12CEA18E828F8312D72D12111B
:10CE4000917C087D00741212123312D6D71211C3CE
:10CE5000740F12123BEE240212B63D741712122BFD
:10CE60008808890978081211917C107D00EE240A47
:10CE700012D19F1211C3740212123312291A740EA6
:10CE80001214A9E0F9800279C2744A02832D12CEED
:10CE9000922212CE962212A9CC12C2B838F583E0A3
:10CEA0002212CEA6E022F0850882850983A3A32260
:10CEB00012CEB9F98882F5832212CE96F8A3E02229
:10CEC00012B6BAE0227401F0AA18AB191229147430
:10CED0000C22122962E9228E828F83A3A3A3A3A32B
:10CEE000A312ABE412293E740222F583740112CE20
:10CEF000F22212D726A3E022C082C08312CF097487
:10CF000008F0A37429F002BB081228CC901A37222B
:10CF1000C082C0837C0879FF901A0712ABE0121B15
:10CF20001C02BB0874F7120CB5E9FE12B1753B1276
:10CF3000B1FB601588828983A3E05403700BEEFB7C
:10CF400012CF4C12CF8112CF5602A5AFE8240BF5B9
:10CF500082E439F58322E0F91232A422C082C08330
:10CF6000EAF8EBF98A82F583A3A3A3A3A3E0FB8AE3
:10CF7000828983A3A3A3A312CF81A312CF5602BB9E
:10CF800008E0FA88828983A3A32274F0120CB58A80
:10CF90000C8B0D8C0E8D0F890B12993E12D6C52469
:10CFA00030FA12D1A9700302D0BA8A828B8374013D
:10CFB000F0850C08850D09750A0078081211917C1E
:10CFC000177D00EA241912D19F1211C3850E08851E
:10CFD0000F0978081211917C097D00EE240212D10C
:10CFE0009F1211C374101214A912A9F2240B12C9B2
:10CFF000A774121214A912D0EAC0E012B655D0E0FC
:10D0000012A398C0E012D0C4D0E012CBACC0E012A2
:10D010009BE3D0E0F074141214A9E0C0E012D0DE5B
:10D02000D0E012D0F9E4F0A3F074151214A9121490
:10D030007AEE12A3433FF58312146E12D0D2E50BA1
:10D0400012D1C8A3A312A9EE240D12C9A7741912F4
:10D0500014A9E0C0E012A98FD0E012D6F7E0602951
:10D06000EE2430FAE43FFB12D0BD3F12D101F508A7
:10D07000A3E0F5097808121191E50C12993F350DDE
:10D0800012BC3E12D6D71211C3EE241A12B648545F
:10D0900003601D901A1712B1FD600CEEFAEFFB123F
:10D0A000D0F5120E2D8013EEFAEFFB121AAA800AA9
:10D0B000EEFAEFFB9019FA12D2AF02D2D1EE24278A
:10D0C000F582E422EE12D0CC3FF583222411F582C2
:10D0D000E422EE12D0D72212C2BE3FF58322EE1216
:10D0E000D0E32212BE623FF58322129D6B8882F547
:10D0F00083E022EEF912C31822F012D0BD3FF5836F
:10D1000022F583EAF0A3EBF0E50C240E12D700E041
:10D110002274F2120CB58A0C8B0D7A2012D1A96000
:10D120006C8A828B83740412D1FA12D1C312D1CDCE
:10D130008A828B83A3A3A3A3A312D1C812BCF0122B
:10D1400011917C107D00EA240612D19F1211C38533
:10D150000C82850D83A3A3A3A3A3A312DF12EE2445
:10D1600016FAE43FFB12244C850C82850D83A3A3A1
:10D17000A3A3A3A3A3A3A3A3E0C0E012D190D0E0F4
:10D1800012D1D8C0E012D1B9D0E012D1EC02ACC6B5
:10D19000EE12B9B83FF583227C087D00EA2404FA38
:10D1A000E43FFB121A747403227B00121AA48A084B
:10D1B0008B09AE08AF09EA4F22EE241FF582E43F47
:10D1C000F5832212AD62A32212D1D2A32212D1D2B0
:10D1D000E02212E396A3A322F0E50C12B7A612D721
:10D1E00003E022A3A3A3A3129D6BEA22F0EEFAEFC1
:10D1F000FB9018ABE0F9121AB022F0850C82850D75
:10D2000083E012D21112AA52850C82850D83A3A34A
:10D2100022F8A3E0F98A828B83A3A32274F4120C70
:10D22000B58A088B097A0C12D24760188A828B83E0
:10D23000740612D25712A9A512119112D198121187
:10D24000C312D2A80283307B00121AA48A0A8B0B65
:10D25000AE0AAF0BEA4F2212B31AF98A828B83A36C
:10D26000A312AA52850882850983A3A3E02274F63B
:10D27000120CB5EAFEEBFF7A057B00121AA4EA4B0A
:10D28000601B8A828B83740812BA0612D2A012CE57
:10D29000EE8A828B83A3A3A3A3F012D2AC029E5A80
:10D2A00012D211E8F0A3E922EEFAEFFB9018ABE0FE
:10D2B000F9121AB02212D2BCA3A3E022F0850E828A
:10D2C000850F832212D2BCE0F8A3E0227418121159
:10D2D000C37F08020F1374F6120CB574EC12125BC4
:10D2E000EAFEEBFF8A82F58312C986707C12CED2E9
:10D2F000600280758E828F83A3A3E070658E828F1B
:10D3000083A3A3A3A3A3E064047057740112122B98
:10D31000880889097808121195740212123B901A34
:10D320000712CEE11211C3851882851983E060329D
:10D3300074111214A9E06401702812D37C121195A3
:10D3400075080175090078081211957C107D007A26
:10D35000117B0112D3761211C3790012321A7A01AD
:10D3600080027A0079011231D87414029E577C0031
:10D370007D007A427B00121BB87404227402F0858F
:10D380008208858309780822C082C083901A457478
:10D39000D4F0A37429F0901A4774C8F0A37429F04C
:10D3A00002BB08E824FF18E934FFF922F582E43FC4
:10D3B000F583E08A828B832274F5120CB512D47047
:10D3C000850882F583E054078A828B83A312D48F69
:10D3D000131313541F5403C0E0EA12D469D0E012AF
:10D3E000D48FC4135407F50A7904A3AA82AB83121D
:10D3F0001A92EAF8EBF9ECFAEDFB12D0DE12146E99
:10D4000012D4597405F0E50AA2E05017E508240586
:10D41000FCE43509FD12B63AEE241612B64824088B
:10D42000F0800C7C087D00790012D461121A86EE1F
:10D43000240E12B64F701FEE2416F8E43FF98882CE
:10D44000F583E0FAE5082A12B661C0E012D0C4D034
:10D45000E012BE7004F002D7D4EE12C2C43FF583CE
:10D4600022EE2406FAE43FFB2212B1623FF583224A
:10D47000EAFEEBFF8A82F583A3A3E0F88A828B831E
:10D48000A3A3A3A3E028F508A3E03400F509221222
:10D49000D49322F0850882850983E02274F2120C6D
:10D4A000B58A0A8B0BEA241612D524640D70047E0B
:10D4B0000180027E008A828B8312D478EEC43354BA
:10D4C000E0F9EA12D53C33333354F8F88A828B837F
:10D4D000A3E04849850882850983F0A385820885F1
:10D4E0008309EA12D545120FDCAA08AB0912D9A6A6
:10D4F0001211C38A088B09EEA2E05016E50A240631
:10D50000FCE4350BFD121C2AE5082408F50850023E
:10D510000509E50A12D53C64017006E50A12D52D0D
:10D52000F002ACC6F582E4350BF583E02212D0CCD4
:10D53000350BF583E08508828509832212B16235B7
:10D540000BF583E02212BE62350BF5832274F412D0
:10D550000CB574C712125B12D4708A828B83E07090
:10D560000512299E800CA3E0F8850882850983E0D6
:10D5700048F012D0DE120FDC743012123B850882A4
:10D58000850983E0F912D4611229C274041211C30F
:10D590008E828F83A3A3E0C0E074011214A9D0E0AF
:10D5A000F0EE241612B648C0E074021214A9D0E0BE
:10D5B00012CEC0C0E074031214A9D0E012D6B5C0D8
:10D5C000E074041214A9D0E012B6CB64017004A375
:10D5D000E064017018740C12123BEE242212B6485B
:10D5E000F9EE2418FAE43FFB122308800E740C12A3
:10D5F000123B12B65512ABE012235C740C12122BC4
:10D60000740A1214A9E8F0A3E912AA3374FF12D61F
:10D61000BA64027009851882851983E4800DE0647C
:10D620000370418518828519837402F0741C1212EC
:10D630002B880A890B780A121195740E12122B8806
:10D640000A890B780A1211957C087D007404121265
:10D650003312D6AF1211C3741C12122B740A121497
:10D66000A912C9AD8E828F83A3A3A3A3120FE07466
:10D670002E12123B74031212338E828F83E0F91242
:10D6800029DA74021211C3E9FE8508828509831222
:10D69000DD3B741C121233121A867C107D00790057
:10D6A000740C121233121A86EEF9743902832D1299
:10D6B00029EC74042212D726E022F0EE240E12B6D2
:10D6C000D322F582E412D703E022E50C12B329122B
:10D6D000D70322AA82AB83121A74740322A3A3A3D2
:10D6E000A3A3A312D6E72212D6EB22E0F8A3E0F917
:10D6F00085188285198322F0E50C241012D70022A8
:10D70000F582E4350DF583221229F2740422121BEE
:10D71000AC7402227C007D007A3A7B00121BBE743E
:10D72000042212D72622F08E828F83A322A3F01226
:10D730002BDE8A088B09750A0078082274F4120C13
:10D74000B58A088B097808121195750A11750B00B6
:10D75000780A12119512D7141211C3E97010901A99
:10D760003B12147AE508241112B18412146E02835C
:10D770003074F5120CB574EF12125BE985188285CE
:10D780001983F08A088B09750A0078081211917CB8
:10D79000107D0074041214A912D6D31211C3A81854
:10D7A000A919880889097808121195750811750951
:10D7B0000078081211957C007D007A3B12D3741218
:10D7C00011C37C117D007900AA18AB19121A867456
:10D7D000111211C37F03020F1374F0120CB574EB16
:10D7E00012125BE9FE7A1112D8FC700302D8F778A6
:10D7F00008121195750A11750B00780A1211957CA3
:10D80000007D007A3B12D71A1211C3E9600302D8D7
:10D81000E3850882850983E06E600302D8E37A110C
:10D820007B00121B348A0A8B0BEA4B700302D8E38D
:10D83000780A121195750C11750D00780C1211955E
:10D8400012D7141211C3E9600302D8CF780812115D
:10D8500095780C1211957C007D007A3A12D37412DF
:10D8600011C3901AA17401F09086B6780C1214526C
:10D87000901A3B780C1214044006901A3B12C61EF4
:10D8800085080C85090D750E00780C1211917C111C
:10D890007D00740312123312D6D71211C3901A3BB3
:10D8A00012147A74111214A912146EA818A91988E6
:10D8B0000C890D780C121195750C15750D00780CEE
:10D8C0001211957C007D007A8212D3741211C37CF0
:10D8D000117D007900AA0AAB0B121A86AA0AAB0BBB
:10D8E000121B3A7C117D007900AA08AB09121A8636
:10D8F000AA08AB09121B3A741502D2CE7B00121B88
:10D90000348A088B09EA4B2274F3120CB574FF12A7
:10D91000125B8A098B08EBC43354E0F8EA333333E3
:10D9200054F849488C828D83F0A3AE82AF83740E85
:10D930001214A9120FDCEEFAEF12D9A51211C38A44
:10D940000A8B0BAE0AAF0BE5086019122BDE8A0AB0
:10D950008B0BAC0AAD0BEEFAEFFB121C2AEE24087F
:10D96000FE50010F740165097033750A3A750B009A
:10D97000780A121195740212122B880A890B780A00
:10D9800012119512D9AC1211C3E9700B851882855A
:10D99000198312B66F80058E828F83E4F0740112B2
:10D9A00011C30296FCFB121B107404227C017D0043
:10D9B0007A007B00122DC474042274F7120CB5890E
:10D9C00008ECFEEDFFEAFCEBFDEEFAEFFB121C2A81
:10D9D00074091214A9120FDCEE2408FAE43F12D9DC
:10D9E000A51211C38A828B830290C6E9F8740204DF
:10D9F00058F97402B900028004C333D9FC541CF9ED
:10DA000002115774F4120CB574FE12125B8908757A
:10DA10000A3A750B00780A121195740312122B88BA
:10DA20000A890B780A12119512D9AC1211C3E97048
:10DA30005674011214A9E065086044750A3B750B21
:10DA400000780A121195740212122B880A890B7839
:10DA50000A12119512D9AC1211C3E9702E851882E1
:10DA6000851983E06508701FE0F874011214A9E0BD
:10DA7000C398500F851882851983E0F91229B67E64
:10DA80003A80067E3B80027E007F00EEFAEFFB02CA
:10DA9000832B74F0120CB574D212125B740312143F
:10DAA000A9E9F074011214A912C33DEC851882850E
:10DAB0001983F074041214A9EDF074061214A974F9
:10DAC0000E12B202C0E074051214A9D0E0F0740482
:10DAD0001214A9E0C0E074071214A9D0E0F0901A63
:10DAE00070E0C0E074081214A9D0E0F074091214B8
:10DAF000A97401F074031214A9E0600302DBCF756E
:10DB0000083A7509007808121195741212122B88C0
:10DB100008890978081211957C1112D9AE1211C327
:10DB2000E9600302DBC374111214A9A882A98374EB
:10DB30000E1214A912C9AD901A3B7808121452851E
:10DB4000080C85090D850A0E850B0F9086C6780C8A
:10DB5000121315901A3B780C121434780812118D98
:10DB600074041214A9E0F874051214A9E028FCA3A7
:10DB7000E03400FD7B017A01740C1214A9E0F91263
:10DB800029BC74041211C312BE5274211212331232
:10DB90001C2A901A4312A074901A43128F38903A9C
:10DBA0006A78081212DA40159086C6780812145264
:10DBB000901A3B780812129C600302DC5212B1A248
:10DBC00002DC52740E1214A9E4F0A3F002DC5285B8
:10DBD0001882851983E0F874011214A9E02812BF95
:10DBE00048E812A31939F583E0F91229CE8A08A86A
:10DBF00008743A684B600302DCA475083A750900A2
:10DC00007808121195741212122B88088909780865
:10DC10001211957C1112D9AE1211C3E9700302DC06
:10DC2000D4740E1214A9E4F0A312B202F874011213
:10DC300014A912DD3274081214A9E0F88E828F83C1
:10DC4000E048F0EE2405FCE43FFD7421121233128B
:10DC50001C2A851882851983E0F874011214A91210
:10DC6000DD328E82F583A3A982AA8389088A097589
:10DC70000A0078081211917C047D00742C1214A9FA
:10DC800012D6D31211C38E828F83E0C0E0742D129E
:10DC900014A9D0E0F0740E1214A912B1FD704A79E3
:10DCA000A102DD2D743B684B600302DC2175083B4B
:10DCB0007509007808121195741212122B880889C0
:10DCC0000978081211957C1112D9AE1211C3E960BE
:10DCD0000302DC2174111214A9A882A983740E1204
:10DCE00014A9E8F0A3E902DC2974011214A9120FA7
:10DCF000E0742312123B740712123374051214A934
:10DD0000E0F91229DA74021211C3E9FE851882853E
:10DD10001983E0F874011214A912E3D812DD3B74E0
:10DD2000111214A9AA82AB83121A86EEF9742E027C
:10DD3000D2CEE028FEA3E03400FF22E054F8F07CCD
:10DD4000107D0079002274F0120CB574E812125B99
:10DD500074031214A9E9F074041214A912AA23EA94
:10DD6000FEEBFF7508007509008A82F583A3A3A363
:10DD7000A3A3A3A3A3A312C9921214A912C9AD7499
:10DD8000011214A912ABE0122E12901B197418F094
:10DD9000A3742E12D6B5F88E828F83E028F50BA3DC
:10DDA000A3A3E0C394048E828F83A3A3E05009252C
:10DDB0000BF50B750A008002F50A8E828F83A3A3F0
:10DDC00012B675E9851882851983F074281214A992
:10DDD000E0F50EA3E0F50FAA0AA80BE50E28F8E47B
:10DDE000350FF9E82AF8E439F974061214A912C9B2
:10DDF000C41214A912B66AA3A3600302DE93E0C39F
:10DE000094044003750901740812122B880C890DC3
:10DE1000780C12119574031214A9120FE0E50BF59A
:10DE20000C750D00780C121195780E121195EAF50B
:10DE30000C780C12119512DEFF1211957B027410F2
:10DE40001214A912DF14740C1214A9E0FAA9091211
:10DE50002E36740C1211C3E9F9600302DEFC78005F
:10DE6000851882851983E0FAE8C39A400302DEFC34
:10DE7000E8FA74081214A912E015E0C0E074061262
:10DE800014A9E02AFCA3E034008C82F583D0E0F0F2
:10DE90000880CDE0C3940440037508017408121291
:10DEA0002B880C890D780C12119574031214A91289
:10DEB0000FE0E50BF50C750D00780C121195780E3E
:10DEC00012119574081214A9E0FAE50A2AF50CE477
:10DED0003400F50D780C12119512DEFF1211957BAE
:10DEE0000274101214A912DF14740C1214A9E0FAAF
:10DEF000A908122E3C740C1211C3E9F902D2CCA865
:10DF00000BE50E28F50AE4350FF50B780A228E8210
:10DF10008F83A3A312DF1822E0FCA3E0FD2274F795
:10DF2000120CB5E9FE901A4512B1FD600812D0F34B
:10DF3000120E2D8002790102A5AF74F7120CB5E91B
:10DF4000FE901A4712B1FD600812D0F3120E2D8018
:10DF500002790002A5AF74F1120CB574E012125BE5
:10DF60007800742F1214A91295FFEE2812B6486497
:10DF700036C0E0851882851983E58228F582E4356C
:10DF800083F583D0E012E3F340E074311214A91258
:10DF9000E3EA1211958C0A8D0B780A121195EAFCAE
:10DFA000EBFD7901740412123312D7081211C385E4
:10DFB000080C85090D750E00780C1211917C107DEE
:10DFC00000741312123312D6D71211C37800E8FA74
:10DFD000EE2A12B648645CC0E08518828519831267
:10DFE000E015D0E012E3F340E578081211957508CA
:10DFF000807509007808121195741412123B79018A
:10E00000740412123312D7081211C374201211C3F0
:10E010007F07020F1312E01922E5822AF582E43508
:10E0200083F5832274F0120CB574DF12125BE9855C
:10E030001882851983F08A0C8B0D8C0E8D0F74312C
:10E040001214A912E3B174037808121443AA0874D5
:10E05000047808121443AE08AF09EA540FF50B7C9C
:10E06000107D00790074331214A912E3BD85188263
:10E07000851983E0606074331214A912BCF0121188
:10E08000917C107D00740412123312D6D71211C382
:10E09000850C08850D0978081211917C107D00749B
:10E0A000361214A9128B951211C374331214A912CB
:10E0B000E3E412123312E39FE8FAE50C2A12D6C207
:10E0C000FC74331214A912E3F040ED74311214A958
:10E0D000E0248012A077850E0C850F0DEEF8EFF985
:10E0E000E824FF1EE934FFFFE84960667433121428
:10E0F000A912BCF01211917C107D0074041212332D
:10E1000012D6D71211C3850C08850D097808121193
:10E11000917C107D0074361214A9128B951211C3D4
:10E1200074331214A912E3E412123312E39F850C24
:10E1300082850D83E0FCE8FA74331214A912E3FA25
:10E1400012E39685820C85830D08E8C39410508CE9
:10E1500080DCE50B600302E1EC74331214A912BCFD
:10E16000F01211917C107D00740412123312D6D774
:10E170001211C37C0E7D00790074331214A912E3CE
:10E18000BD74331214A912C3117480F074311214C7
:10E19000A9A3E0C0E074331214A912B1C6D0E0F014
:10E1A00074311214A9E0C0E074331214A912B1D86A
:10E1B000D0E0F078081211917C107D0074141212D6
:10E1C0003312D6D71211C374331214A912E3E41216
:10E1D000123312E39FE8FA74111214A912E3A51284
:10E1E00014A912E3F0400302E39180E9C3940E7492
:10E1F00033500302E2F41214A912BCF01211917C04
:10E20000107D00740412123312D6D71211C37C1081
:10E210007D00790074331214A912E3C8121191AC75
:10E220000B7D0074361214A9128B951211C3A80B22
:10E2300074331214A912E3D178081211917C107D65
:10E2400000741412123312D6D71211C3743312147D
:10E25000A912E3E412123312E39FE8FA74111214C4
:10E26000A912E3A51214A912E3F040EE74331214BC
:10E27000A912E3EA1211917C107D0074041212338A
:10E2800012D6D71211C37C0E7D007900743312149C
:10E29000A912E3BD74311214A9A3E0C0E0743312D3
:10E2A00014A912B1C6D0E0F074311214A9E0C0E094
:10E2B00074331214A912B1D8D0E0F0780812119179
:10E2C0007C107D00741412123312D6D71211C3744D
:10E2D000331214A912E3E412123312E39FE8FA7422
:10E2E000111214A912E3A51214A912E3F0400302BB
:10E2F000E39180E91214A912BCF01211917C107DF7
:10E3000000740412123312D6D71211C37C0E7D0092
:10E31000790074331214A912E3C8121191AC0B7D69
:10E320000074361214A9128B951211C3A80B743302
:10E330001214A912E3D174311214A9A3E0C0E0743D
:10E34000331214A912B1C6D0E0F074311214A9E04E
:10E35000C0E074331214A912B1D8D0E0F0780812DA
:10E3600011917C107D00741412123312D6D7121141
:10E37000C374331214A912E3E412123312E39FE8B8
:10E38000FA74111214A912E3A51214A912E3F040B1
:10E39000EE742102D2CEF0850C82850D83A3221269
:10E3A00029F878002212E019E0FC743322A3A3A319
:10E3B000A312E3B522E0F508A3E0F5092212E3C1B8
:10E3C0002212ABE8121A862212E3C1750E00780CF5
:10E3D0002212E3D87480F022E028FAA3E034008A05
:10E3E00082F5832212DF1874012212E3B578082225
:10E3F00012E3FAF008E8C3941022E02AF9A3E0340B
:10E40000008982F583E06C2274F6120CB512E416D2
:10E41000122E18029E5AEAFEEBFF8C088D09122E6E
:10E4200012AC08AD09EEFAEFFB22C082C0837A89F4
:10E430007B1C1232447A957B1C79F2121DE67C3DDE
:10E440007D377A0C79F2121C667C007D007A127B93
:10E450001679F2121C7279001215D08041C082C068
:10E4600083900447E4F0900448F0901C8774FFF018
:10E47000A3F07A047B00901A4FE0F9121C00122AD4
:10E480005812E4906008790012F4BA120E2D800E32
:10E49000900441E0F8A3E0F9E849221211C3D083C7
:10E4A000D08202115774F1120CB574BD12125BEADE
:10E4B000FEEBFF8C088D09908791AC18AD197402A2
:10E4C0001210D37402121233121E40EE242AF50ADF
:10E4D000E43FF50B850A82F583E064E3605212F8AD
:10E4E000635407F8701A12F85912147A8508828555
:10E4F0000983A3A312146E851882851983E4802FE3
:10E50000740268702B12F84A1211917C087D00E5A4
:10E5100008240612E8DF1211C3EE242512F866C0A3
:10E52000E012EE81D0E0F08518828519837402F044
:10E53000EE242012F866640185188285198370051F
:10E54000E0D2E38003E0C2E3F0740F1214A9E0F814
:10E55000C454F05430F9851882851983E054CF49AA
:10E56000F0543FFAA3E054FEFBE81313543FF50CBC
:10E57000750D007406780C121387A80CE50D540174
:10E58000F9EA48F8EB49F985188285198312F4D81D
:10E59000E508241AF8E43509F9E8FCE9FDEE240D54
:10E5A00012F8666403701E74011214A9E0D2E1F03F
:10E5B000EE242BF582E43FF58312147A8C828D834E
:10E5C00012146E800E74011214A9E0C2E112F4B4A8
:10E5D00012E6A774011214A9E0440C12EBFAFA74C3
:10E5E000011214A9E0F9EAF8850882850983E04858
:10E5F000F0A3E049F0EE12E8D03FF58312147AE57B
:10E6000008240F12EE8512146E850A82850B83E0B2
:10E61000C0E0E508241312EE85D0E0F0EE242F12BE
:10E62000F866601AC0E0E508241412EE85D0E0F028
:10E63000EE2430F8E43FF9E508241512F4D112E68F
:10E640009EE508241712F4D1EE240EF582E43F1261
:10E65000E8EA4004783B8019E8C39493A2D265D0DD
:10E660003350047800800A746E2875F00212108FFF
:10E67000F8EE240F12F8667004790080027902E93E
:10E68000C4333354C048C0E0E508241912EE85D0E5
:10E69000E0F0790074431211C37F07020F13901A40
:10E6A00078E0F8A3E0F92274FFF0A3F0A3F0A3F060
:10E6B0002274EA120CB574BF12125B8A0C8B0D8C9B
:10E6C0000E8D0F7E00AA18AB19121E407F01E50CBB
:10E6D0002411F508E4350DF5098E0AE50C2421F521
:10E6E00014E4350DF515AC18AD19EF12F26C700588
:10E6F000790A02E8CC740D68700302E7B2E50C24D5
:10E700001C12E8D6F8740758F9851882851983E039
:10E71000540769600302E7B2E8704374061214A953
:10E72000A982AA8389108A118E1278101211917C05
:10E73000047D00851482851583A982AA837B00123B
:10E74000F8FD1211C3E9606A8514828515831214DD
:10E750007A850E82850F83A3A312146E805E7402E5
:10E7600068704F74021214A9A982AA8389108A11B1
:10E770008E12781012119112F8F31211C3E960325F
:10E7800078081211917C087D00E50E2406FAE43524
:10E790000F12E8E31211C3E50C242512E8D6C0E0FD
:10E7A000E50E240EF582E4350FF583D0E0F07E020D
:10E7B000800A0FEFC39406500302E6E6740D1214AC
:10E7C000A9E0F8C4333354C0FA851882851983E070
:10E7D000A2E0E433C433F9E0131313541F54184E6A
:10E7E00049543F4AFEE81313543F5407F8E50C24FC
:10E7F0002012E8D66004E8D2E3F8746048F9EEF835
:10E80000850E82850F83E048F0A3E049F0E50C1205
:10E81000E8D0350DF58312147AE50E240FF582E465
:10E82000350FF58312146EE50C242A12E8D6C0E0E9
:10E83000E50E2413F582E4350FF583D0E0F0E50C06
:10E84000242F12E8D66025C0E0E50E2414F582E4FA
:10E85000350FF583D0E0F0E50C2430F8E4350DF900
:10E86000E50E2415F582E4350F12F4D612E69EE586
:10E870000E2417F582E4350F12F4D6E50C240EF5BC
:10E8800082E4350D12E8EA40047808800DE8C3946C
:10E8900093A2D265D03350027893746E2875F0023B
:10E8A00012108FF8E50C240F12E8D670047900805E
:10E8B000027902E9C4333354C048C0E0E50E24199C
:10E8C000F582E4350FF583D0E0F0790074418029BA
:10E8D0002426F582E422F582E4350DF583E022FA60
:10E8E000E43509FB121A74740322F583E0F8C3942B
:10E8F00009A2D265D03322744C1211C37F0E020FCD
:10E9000013C082C08374CB12125B9080E6AC18AD4A
:10E910001974351210D3AC18AD191215BEAA18AB64
:10E920001912161E900447E0A2E2500312159474C7
:10E930003502E49B74F1120CB5745D12125B8A0A05
:10E940008B0B851882851983E4F07F00F508F509A3
:10E950007462121233121E4090865D740112123BD3
:10E9600074061210D39084AC741212123B740F12FE
:10E9700010D374051214A9E4F0A3F0741212123B20
:10E98000AA0AAB0B1215C47E00746212123BEE127F
:10E99000F274700874021214A9E004F00EEEC3942D
:10E9A0000640E674121214A912EBBF640160030260
:10E9B000EA7174021214A9E0F9600C74201214A90F
:10E9C000E0F8E9C398502974011214A9E4F0742006
:10E9D0001214A9E0C0E074031214A9D0E0F074048A
:10E9E0001214A9E412EBF112123B12EBC802EB9FD6
:10E9F000E8FE80010EEEC39406502112EBDE1211E8
:10EA0000957C007D0012EBB11211C3E9700E8518E0
:10EA100082851983E0C3944B40DAEFF08518828534
:10EA20001983E0604C12EBA4604785188285198336
:10EA3000E4F074041214A9E4F074201214A9E0FEA6
:10EA400080010EEEC394065028A818A919880C89D5
:10EA50000D780C121195AC08AD0912EBB11211C36F
:10EA6000E9700E74041214A9E00412EBFAC39F407B
:10EA7000D174121214A912EBBF600302EB74E054BC
:10EA800007F8701974091214A9E4F074131214A988
:10EA900012147A740A1214A912146E80387402685F
:10EAA000600302EB7474091214A97402F074171253
:10EAB00014A9A982AA83890C8A0D750E00780C12FC
:10EAC00011917C087D00740D1214A9AA82AB8312E7
:10EAD000E8E41211C374031214A974FFF07407124E
:10EAE000122B880C890D780C121195742312123B8D
:10EAF000740B12123312F8441211C3E9702A12EB8C
:10EB0000DE1211957C007D0074091214A912EBD558
:10EB10001211C3E98518828519836003E48054E0EB
:10EB2000C3944B400BEF800774011214A9748BF04F
:10EB3000851882851983E0603B12EBA46036851846
:10EB400082851983E4F074041214A9E4F0A818A9CA
:10EB500019880C890D780C121195AC08AD0974094F
:10EB60001214A912EBD51211C3E97008740412141F
:10EB7000A97401F074201214A9E0C0E07403121407
:10EB8000A9D0E0F074051214A9E508F0A3E5091274
:10EB9000EBF112123B12EBC8AA08AB09121B3A7434
:10EBA000A302E696FA7B00121B348A088B09EA4B13
:10EBB00022EE2410FAE43403FB12160C740222E055
:10EBC000131313541F540322850A82850B8312EEFC
:10EBD0007B121E042212EE7B12160C740222851880
:10EBE00082851983E0FFA818A919880C890D780C73
:10EBF00022F09017D1E0F9740122F085188285196E
:10EC000083E02274EA120CB574B412125B8A0A8B88
:10EC10000B900448E0700302EE78EA2402F514E455
:10EC2000350BF515851482F583E05407C0E07402B6
:10EC30001214A9D0E0F0600302EE78EA2406FEE4A4
:10EC4000350BFF79048E82F58312EE7B121A92EA5D
:10EC5000F8EBF9ECFAEDFB74031214A912146E8EA2
:10EC6000828F83E02404F8A3E03400F912EE8DF5DE
:10EC70000DA3A882A98312EE8DF50CA308A9838E9B
:10EC8000828F8312F4D8E50C2415FAE43400FB12C9
:10EC90001AA48A088B09EA4B700302EE7874FF65A8
:10ECA0000C7003750C00EA2403F50EE43509F50F2A
:10ECB000850E82F5837401F0EA240D12EE85E4F0EE
:10ECC0008E828F83E0F510A3E0F5117512007810A5
:10ECD000121191AC0C7D00EA241412E8DF1211C36A
:10ECE000E508241312EE85E50CF012EE81E50DF037
:10ECF000740212122B8810891178101211917C095C
:10ED00007D00E508240412E8DF1211C37901122AFC
:10ED10005EE508240F12EE85E9F0850882850983F7
:10ED20007405F0A3E4F0851482851583E0A2E35016
:10ED30000A850E82850F83E0D2E5F012E69EE50893
:10ED40002402FEE43509FF850A82850B83A3A3A371
:10ED5000E0687003A3E069600302EE11850A828512
:10ED60000B83E0687003A3E069600302EE11A8184A
:10ED7000A919880C890D780C121195740D12123B8B
:10ED8000740412123312F8441211C3E97035740B73
:10ED90001214A9E0A2E1402BD2E1F0740B12122B65
:10EDA000880C890D780C121195750C02750D007880
:10EDB0000C1211957C007D0074041214A912FADC67
:10EDC0001211C38E828F837401F0E50A2405F8E4E2
:10EDD000350BF9E8FEE9FF8882F583E07900240B22
:10EDE000F8500109901A7AE0687001E9607E7A08AB
:10EDF0007B00901A4FE0F9121C06EA4B4C4D606CF8
:10EE0000901A7AE0900449F08E828F8312FE488037
:10EE10005BA818A919880A890B780A121195740D34
:10EE200012123B740412123312F8441211C3E97027
:10EE300035740B1214A9E0A2E1502BD2E1F0740B4F
:10EE400012122B880A890B780A121195750A02751D
:10EE50000B00780A1211957C007D0074041214A92D
:10EE600012FADC1211C38E828F83E4F0AA08AB0978
:10EE7000901A4FE0F9121AB002E8F7E0FAA3E0FBAB
:10EE800022E508240EF582E43509F583228E828F6F
:10EE900083E8F0A3E912F4B4E02274F6120CB5EAA8
:10EEA000FEEBFF8A82F583A3A3E0900447F0900471
:10EEB00048E064017013901C8712E6A18A828B835C
:10EEC000E0687003A3E0697057900447E0A2E05047
:10EED0004CA2E15013EA240312FACBFAA3E0FB128E
:10EEE0001A8C12F28B12F4D8900447E0A2E550106D
:10EEF0008E828F8312E6A1901C87E8F0A3E9800739
:10EF0000901C8774FFF0A3F09004487401F012E4A1
:10EF100090600D790112F4BA120E2D80031215942F
:10EF20007F02020F1374EC120CB574BF12125BEC6B
:10EF3000FEEDFF8A828B83A3A3A3A3E0F508E4F58B
:10EF400009F50AF50B741078081211138C828D8361
:10EF500078081213C08A828B83A3A3A3E0F508E488
:10EF6000F50A740878081211138C828D83780812C0
:10EF700013C08A828B83A3A3E0F508E4F5098C8291
:10EF80008D8378081213C08C828D837808121452F6
:10EF9000E5085407F8EC2410F50CE43FF50DEC24DB
:10EFA00008F50AE43FF50BEC2404F512E43FF513F1
:10EFB000EA2405F508E43BF509E870167904AC0885
:10EFC000AD09AA12AB1312F346AA0AAB0B12F25FF9
:10EFD0008026740268702185128285138312F36182
:10EFE000AC08AD09AA0AAB0B1215CA7901AC08AD81
:10EFF00009AA0CAB0D1215CAEE2411F510E43FF569
:10F00000118E828F83780C121452E50C5410600319
:10F0100002F10EE50CC41354075403F8EE241BF55B
:10F020000AE43FF50BEE2419F50CE43FF50DE8601A
:10F030000574036870267908AC08AD09AA10AB11F5
:10F040001215CA7902AC08AD09AA0CAB0D1215CA8B
:10F05000850A82850B8374FFF0A380517401686078
:10F060000574026870577C087D0079FFAA10AB1107
:10F0700012F25FA3F08E828F83780C121452E50C8B
:10F0800054076402702AEE240E12F866F9850A828B
:10F09000850B83A3E049F0EE240FF582E43FF5836E
:10F0A00012FDEBE048F012F28BE8F0A3E9F0800DDE
:10F0B0007902AC08AD09AA0AAB0B1215CAEE2434CA
:10F0C000F512E43FF513EE2432F510E43FF511128A
:10F0D000F83AEE241D12F280121452E50C54086026
:10F0E0000302F1A18A828B8374FFF0850A82850B6B
:10F0F0008312E6A9851082851183F0A3F085128220
:10F10000851383F074411211C37F0C020F13AA18E8
:10F11000AB19121E40750800AC18AD19E50812F2C3
:10F120006C60E1740D68606A8E828F83780C1214B3
:10F1300052E50C5407F8702885120C85130D750ED6
:10F1400000780C1211917C047D0074091214A9A995
:10F1500082AA837B0012F8FD1211C3E9702D803260
:10F16000740268702D85100C85110D750E00780CD9
:10F170001211917C087D0074051214A9A982AA833A
:10F180007B0012F8FD1211C3E96007AA18AB19122F
:10F190001E400508E508C39406500302F11802F169
:10F1A000047901AC08AD091215CA8E828F83780CE0
:10F1B000121452E50D5440600F7904AC08AD09AA51
:10F1C0000AAB0B1215CA8009850A82850B8312E6E9
:10F1D000A7EE242212F280121452E50D5480600B27
:10F1E0007910AC08AD091215CA80097C107D007930
:10F1F000FF121A868E828F83780C1214529086E248
:10F20000780C1213ADE50C450D450E450F600F79D6
:10F2100002AC08AD09AA10AB111215CA800B8510FB
:10F220008285118374FFF0A3F08E828F83780C1295
:10F2300014529086DE780C1213ADE50C450D450E88
:10F24000450F60107901AC08AD09AA12AB13121575
:10F25000CA02F10485128285138374FF02F103123E
:10F260001A86850C82850D8374FFF02212F274F8E1
:10F27000740A68222410FAE43403FB1215E2E9222E
:10F28000FAE43FFB8E828F83780C22850882850901
:10F2900083E02402F8A3E03400F98508828509831D
:10F2A0002274F2120CB58A828B83A3A3E0F98C82BC
:10F2B0008D83F0131313541F5403F8EC240EF50C34
:10F2C000E43DF50DEC240DF50AE43DF50BEC2405C9
:10F2D000F508E43DF509A3EA2403FEE43BFFE870EA
:10F2E00043740759F870127904EEFCEFFDAA82AB63
:10F2F0008312F34612F3508020740268701B12F3DD
:10F3000061EEFCEFFDAA08AB091215CA7901EEFC0B
:10F31000EFFDAA0AAB0B1215CA850C82850D83740A
:10F32000FFF0801D740168701812E6A77C087D004C
:10F33000F912F3507901EEFCEFFDAA0CAB0D12159A
:10F34000CA7F06020F131215CA7C087D0079FF22BE
:10F35000AA08AB09121A86850A82850B8374FFF00E
:10F360002274FFF0A3F0A3F0A3F079082274EF1247
:10F370000CB5ECFEEDFF8910E91460181460292427
:10F38000FE605924FC700302F48024F8700302F438
:10F390008A02F49A8C828D83E0F8A312F4BAE0F822
:10F3A0008A828B83E04880308C828D8312E6A1882C
:10F3B00082F583E0FC8B838A82E04CFCA3E0FD8A2B
:10F3C000828B83ECF0A3ED12F4B4A3E0F9ED49F9DC
:10F3D0008A828B83ECF0A3E9F002F49A8C828D830D
:10F3E000E0FCA3E0FD8C82F583780812145290862D
:10F3F000DA78081213AD8B838A8278081213618A37
:10F40000828B8378081214348C828D83A3780C123B
:10F4100014527408780C1211139086D6780C1213BB
:10F42000AD7808790C1213748A828B8378081214D1
:10F43000348C828D83A3A3780C1214527410780C30
:10F440001211139086D2780C1213AD7808790C1231
:10F4500013748A828B8378081214348C828D83A370
:10F46000A3A3780C1214527418780C121113780894
:10F47000790C1213748A828B837808121434801AE0
:10F4800012F4C01211917C08800812F4C01211917C
:10F490007C107D0012E8E41211C3A8108E828F83C5
:10F4A000E028F8A3E03400F98E828F8312F4D87F2D
:10F4B00009020F13F08882898322E0F58388822273
:10F4C0008C828D83E0F508A3E0F509750A007808C1
:10F4D00022F582E43509F583E8F0A3E9F02274F41B
:10F4E000120CB574BF12125B8909AA18AB19121E4F
:10F4F00040750800E5082410FEE43403FFA818A9AD
:10F5000019880A890B780A1211957C417D00EEFA60
:10F51000EFFB121BAC74021211C3E9F96007740906
:10F520006970338028740165097022780A12119578
:10F53000750A41750B00780A1211957C007D00EE6A
:10F54000FAEFFB121BB874041211C3E9F90508E5C0
:10F5500008C39406409E74411211C37F04020F1326
:10F5600074ED120CB58A0E8B0F8C0C8D0DEC4D705A
:10F570000302F62AEA4B700302F62A7E008A828B87
:10F5800083A3A982AA8389088A098E0AAC0CAD0DCF
:10F59000EE12F26C7005790102F62C740D68605B56
:10F5A000850E82850F83E0F8740758F9850C8285F3
:10F5B0000D83E05407697043E87020E50C2406F5DC
:10F5C00010E4350DF51175120078101211917C04BC
:10F5D00012F8F51211C3E970298020740268701BBB
:10F5E000A3A3A982AA8389108A1175120078101228
:10F5F000119112F8F31211C3E970070EEEC39406CD
:10F60000408AEEC39406502274131214A9E0F8A3A2
:10F61000E08882F583E5824583600BEE2410F8E4F0
:10F620003403F912F4D87900800279027F0B020FBB
:10F630001374EA120CB574B412125BEAFEEBFF8C81
:10F64000148D15851882851983E4F0A3F0740B12CC
:10F650001233121E40E5144515601674621214A987
:10F66000E0F508A3E0F509E50845096004EE4F70F0
:10F6700005790402F80D851482851583E4F07C1069
:10F68000FDF9AA08AB09121A8612F863C0E07402E9
:10F690001214A9D0E0F0701012F85912147A740301
:10F6A0001214A912146E801912F84A1211917C08D2
:10F6B0007D0074061214A9AA82AB8312E8E4121129
:10F6C000C3A818A919880A890B780A121195740D14
:10F6D00012123B740412123312F8441211C3E9F8E7
:10F6E00012F83A7402687052900448E0700302F80D
:10F6F00036850A82850B83E0600302F77D750C9FD7
:10F70000750D39750E80780C1211917C107D008575
:10F710000882850983A982AA837B0012F8FD121151
:10F72000C3E97059780C1211917C107D00AA08ABC6
:10F730000912E8E41211C302F8367401687003027A
:10F74000F83674181214A9E05403F8EE2426F512C2
:10F75000E43FF513EE241DF510E43FF5118510820A
:10F76000F583E068701CE87019EE241012F86685C5
:10F770001282851383F0A3E4F0A3F0A3F0790202D0
:10F78000F80D790474191214A9AA82AB83121A9283
:10F790008A0C8B0D8C0E8D0F851282851383780C4D
:10F7A000121132500302F82D74181214A9E0F885D2
:10F7B0001082851183E0F9740358697070E813139F
:10F7C000543F5407F8C394045046850A82850B833E
:10F7D000E064016058741D1214A9A982AA83890CDF
:10F7E0008A0D750E00780C1211917C107D00AA080C
:10F7F000AB0912E8E41211C374181214A9E0131330
:10F80000543F5407851482851583F0790102E8F787
:10F8100074076860057404687009850A82850B8323
:10F82000E0600A740568600574066870A890044872
:10F83000E0600302F77D790080D3EE241EF50AE430
:10F840003FF50B221215D6740222EE2411F50CE4BA
:10F850003FF50D750E00780C22EE2421F582E43F71
:10F86000F58322EE241CF582E43FF583E02274F256
:10F87000120CB574FE12125B8C0C8D0D85188285EE
:10F88000198374FFF0A3F0EA24F0F8EB34FCF9C319
:10F89000E89430E994004004790A804F780C121102
:10F8A0009575084175090078081211957C007D0056
:10F8B000121BBE74041211C3E9FE702DA818A919F9
:10F8C00088088909750A0078081211917C027D0068
:10F8D000850C82850D83A982AA837B0012F8FD1214
:10F8E00011C3E96004790D8002EEF974021211C3AC
:10F8F00002F3417C087D00A908AA09AB0A121A800C
:10F9000074032274F0120CB5747C12125BEAFEEBE5
:10F91000FF851882851983E4F0A3F0EA240D12F81C
:10F9200066F8740268700302FABF74036870030219
:10F93000FABF7C4A7D04122A4CEE240512FAD074D8
:10F94000D0F0A37407F0A3E4F0A3F07A02FB901ABE
:10F950004FE0F9121C068A0C8B0D8C0E8D0FEA4BB2
:10F960004C4D8508828509836007780C12133B8013
:10F9700009120FDC12FEC41211C3EE241CF8E43F7E
:10F98000F98882F583E0C0E074021214A9D0E01275
:10F99000F4B4E064027026EE2411F508E43FF509A2
:10F9A000750A0078081211917C087D007406121403
:10F9B000A9AA82AB8312E8E41211C3800E12F8598F
:10F9C00012147A74031214A912146EA818A91988B3
:10F9D0000889097808121195744512123B740412B3
:10F9E000123312F8441211C3E97028EE2426F508E8
:10F9F000E43FF50978081211957508047509007837
:10FA0000081211957C0E7D0074041214A912FADC00
:10FA10001211C3900448E064017078EE242A12FAAF
:10FA2000CB64E3703390044512E493600C12F4BA93
:10FA3000120E2DE9700302FABF90044312E49360A2
:10FA40000912F4BA120E2DE9607590875E120FDC70
:10FA50007A0812FEC61211C3850882850983E0F870
:10FA600074E068600A74E268600574E36870507C52
:10FA70001E7D0079007425121233121A8674251225
:10FA8000123BEEFAEFFB12159A7425121233121D77
:10FA9000FE802CE070297C1A7D007900740B121214
:10FAA00033121A86740B12123BEEFAEFFB1215A0FA
:10FAB000EE241012F866F9740B121233121DF87945
:10FAC0000074841211C37F08020F1312FAD0E022CF
:10FAD000F8E43F8808F5098882F5832212EE7B124C
:10FAE0001BB874042274E8120CB5749912125B8A64
:10FAF000088B097A247B00121AA48A0A8B0BAE0A9F
:10FB0000AF0BEA4F7005790002FDD78A828B8374B0
:10FB100008F0A3E4F0E5082412F510E43509F51126
:10FB2000851082F583E08A828B83A3A3A3F0E50886
:10FB3000240B12EE85E0C0E0EA240DF582E43FF5E7
:10FB400083D0E0F0E508240CF50AE43509F50B85CF
:10FB50000A0CF50D750E00780C1211917C067D00D3
:10FB6000EA240E12FDE11211C3E5082402F512E4A5
:10FB70003509F51385120CF50D780C1211917C09DD
:10FB80007D00EE240412FDE11211C3EE2402F516ED
:10FB9000E43FF517851682F583E4F0850A82850B2C
:10FBA00083E0F514851082851183E0F9122A52EA68
:10FBB0004B700302FC3690044A8034E50A12E8D008
:10FBC000350BF583780C121452EA12E8D03BF5831A
:10FBD000780C12129C700F8A828B83A3A312FDEB08
:10FBE000A3A3E0687056850A82850B83A3A3A3E0D4
:10FBF000F50AA3E0F50BE50A450B605FE51470BB61
:10FC0000EA2410F582E43BF583E0F8E50A2410F5D8
:10FC100082E4350BF583E06870CCEA241CF582E4BD
:10FC20003BF583E0F8E50A241CF582E4350BF58307
:10FC3000E06870B280A1E50A450B601FE4F50AF5A3
:10FC40000B780A121195742812123BAA12AB1312E8
:10FC5000F8441211C3E9700302FD9D8510828511DD
:10FC600083E0F9122A52740612122B880A890B7843
:10FC70000A121195740312123B1215DC7402121150
:10FC8000C3E9F50F700302FD9D14601A14600C1493
:10FC9000601414700302FD9D02FDC985168285174C
:10FCA00083740202FDA4740612122B74021214A9AA
:10FCB00012F4D874011214A9E0F50BE508240D1212
:10FCC000EE85E0FA908420741612123B7410121024
:10FCD000D3741612122B88088909750A00EA603657
:10FCE000740212122B880C890DA90CAA0D7B0074CA
:10FCF00004650B60097407650B600302FD9D7808BD
:10FD00001211917C107D0012F8FD1211C3E96003FD
:10FD100002FD9D02FD99740412122B880C890D7846
:10FD20000C121195740212122B880C890D780C128A
:10FD300011957C207D007A217B0079F2121D0E74D2
:10FD4000041211C3851882851983E0650B70337521
:10FD50000C9F750D39750E80780C1211917C101264
:10FD6000F8F51211C3E9701A780C1211917C107D0C
:10FD70000074051214A9E0FAA3E012E8E31211C31B
:10FD800080177401650B701574021214A9E0FCA3AE
:10FD9000E0FD7A627B0012235CE50F700A85168213
:10FDA000851783E4F08022851682851783F0740618
:10FDB00012122B8808890978081211917C107D0095
:10FDC000EE241412FDE11211C3EEFAEFFB901A4F6C
:10FDD000E0F9121AB0790174671211C37F10020F93
:10FDE00013FAE43FFB121A74740322E0F8850A82C6
:10FDF000850B8322021157C082C083EA4B600890B2
:10FE00000445EAF0A3EBF002E49EC082C08374EBE9
:10FE100012125B90044912FE487A087B00901A4F38
:10FE2000E0F9121C0074021214A9E4F07404121414
:10FE3000A9E4F074051214A9E412E6A9AA18AB19F2
:10FE4000122A22741502E49BE0901A7AF07A7A7BE7
:10FE50001A79E11223B02274F4120CB590044AE02E
:10FE6000FEA3E0FFF5838E82A3A3A3A3A3780812C9
:10FE700014528011EEFAEFFBECFEEDFF7C4A7D049C
:10FE80007901122A2EEE4F60308E828F83A3A3A3B6
:10FE9000E0FCA3E0FDEE2405F8E43FF9E8FAE98888
:10FEA00082F583780812113240CA8A8289837808E1
:10FEB0001212C6ECFEEDFF80CC780812118D12FEF6
:10FEC000C402F5587A027B00901A4FE0F9121BF435
:10FED00074042274F4120CB58908740F59F50A756C
:10FEE0000B00740B780A121387EA2400F8EB3480B5
:10FEF000F9EA2400E9350BF985C70AA2AFE433F526
:10FF000009C2AFE508C4540FFAE5C754F84AF5C76B
:10FF1000740C1214A9E0FAA3E0FB801C8882898388
:10FF2000E08C828D83F088828983A3A882A9838C48
:10FF3000828D83A3AC82AD83EAFEEBFFEE24FF1A31
:10FF4000EF34FFFBEE4F70D4850AC7E509A2E092BB
:10FF5000AF7F04020F1374F6120CB5ED900458F045
:10FF6000ECA3F0A37462F0A37473F0A3E0541FF049
:10FF7000740A1214A9E0F508A3E0F509E508333383
:10FF800054FC90045DF074067808121443E5089060
:10FF9000045CF090045E7412F0A37442F075D1FE1C
:10FFA00075D601EA906271F0EBA3F0906270E0D236
:10FFB000E1F0E0A2E740FB7F02020F13C082C083A2
:10FFC000E9C333906272F0906270E0D2E0F0D083C7
:10FFD000D08202115774F7120CB5EAF8EBF98C8253
:10FFE0008D83E0FEA3AC82AD838A828B83F0A3AACB
:10FFF00082AB8370E9E8FAE9FB7F01020F13FFFF90
:020000040003F7
:10800000C082C083790012BC213BF583C082C0834B
:108010009019E312BEDAD083D082C3E09CA3E09D26
:10802000500D12CD8FFAA3E012811860027901027F
:108030009E9C74F7120CB5890812AF1E12839CAC7B
:10804000F075F00BE9A42CF99019E5E028FEA3E007
:1080500039FF7401650860067402650870228A821F
:108060008B8312857D74026508701DEA2403FA5023
:10807000010B122452E970108E828F83E4F0800885
:10808000EA1286593B1280928E828F8312810D02F2
:10809000AB84FDEE2403FAE43FFB12244C2274F47B
:1080A000120CB58A088B09EA1284578A828B83E006
:1080B000604D7E007F00804212811570381284EC82
:1080C000F50AA3E039F50B850882850983E0850A66
:1080D00082850B83129C25128514F0128657350970
:1080E00012810212244C12844E850A82850B83125F
:1080F000810D1285090EEE70010F12844240B90203
:10810000B267FDE50A2403FAE4350BFB22E0D2E76F
:10811000F012206E22EEFAEFFBEA75F00BA4FAA83B
:10812000F075F00BEBA428FB9019E5E02AF8A3E02A
:108130003B8882F583E0540F2274F5120CB58A084F
:108140008B09750A01740B1214A912850EEC4D608F
:1081500018EC12BC223DF58312AB461281CE790198
:1081600012242EEE4F6064801FEE4F603A12858617
:108170001281CEEE2403FAE43F1285757019AA0825
:10818000AB09122434E9F50A8E828F8312D7447921
:1081900002EEFAEFFB800B128569702F7903AA08B3
:1081A000AB0912242E80248A828B83A3E064FE70A4
:1081B00003A3E0F47006EA12856B700CAA08AB0901
:1081C000122434E9F50A8003750A00028CD3EA12FE
:1081D000BC263509129AEE2274F7120CB59019E3F9
:1081E00012A446EA4B602CEA75F00BA4FAA8F075CD
:1081F000F00BEBA428FBEAFEEBFF121B349019E511
:1082000012A446F9EA496012EEFCEFFD7900121A59
:108210008680079019E5E4F0A3F002AB84C082C029
:10822000839019E512AE5A60139019E512C34E906F
:1082300019E3E4F0A3F09019E5F0A3F0029E9CC0CE
:1082400082C083EC4D6005121C2A80097C087D00E9
:108250007900121A86029E9CC082C0837900EA4B84
:1082600060197800E8FCEA2CF582E412BF8F600404
:108270007901780808E8C3940840E9029E9CC0820E
:10828000C0837901EC6A7002ED6B6011EA4B600B00
:10829000EC4D6007121C24E9F980027900029E9CD3
:1082A00074F7120CB574F312125BECFEEDFF851837
:1082B00082851983E4F0041214A912A446AA18AB0B
:1082C0001912247674031214A9AC82AD83EEFAEF6E
:1082D000FB12244CEEFAEFFB12245202AB7F74F730
:1082E000120CB574F312125BECFEEDFF851882855B
:1082F0001983E4F0EAFCEBFD74031214A91286481A
:1083000074011214A912AB468E828F8312AB0974CA
:10831000FE68700374FF69600479018002790002CD
:10832000AB7F74F7120CB5EAFEEBFF12837D701180
:10833000128387F4FA88828983E05A4480F01220FD
:108340006E029A5D74F7120CB5EAFEEBFF75080039
:108350008A82F583E0602312837D701E128387FA80
:1083600088828983E05A70128E828F83E04480FA7B
:1083700088828983E04AF012206E029A5D122428D6
:10838000E9F5087401692212AC33F812839C128457
:10839000FAF8A3E039F98E828F83E022A3E0F9E8AE
:1083A00075F00BA4F82274F4120CB58A088B097CC2
:1083B000007D00EA128437E508128457850882851B
:1083C0000983A3E064FE7003A3E0F460677E007F8E
:1083D00000805C1281156052EEFAEFFBEA75F00B3B
:1083E000A4FAA8F075F00BEBA428FB9019E5E02A9D
:1083F000F50AA3E03BF50B85088285098312D19F1E
:10840000850A82850B83A3E06A7003A3E06B701A70
:10841000E50A1284E5700DE50A128659350BFDE573
:108420000812843712844E1285090EEE70010F1265
:108430008442409F02B2672403FAE43509FB122408
:108440004C229019E312B7F5C3EE9AEF9B221284E7
:1084500063EEF0A3EFF02212846574FEF0A304F043
:10846000790022E50812BC2A3509F5832274F2123C
:108470000CB58A0A8B0B8A828B8312D744EA12B21C
:108480000012D745750800EA1284E570537E007F1C
:108490000080481284ECFAA3E0398A82F583E05424
:1084A0000F60331284ECF50CA3E039F50DE50C12E6
:1084B0008659350D128102121C24E964017017855A
:1084C0000C82850D8312851412B1FDEEF0A3EFF03E
:1084D00075080112850B0EEE70010F12875F40B315
:1084E000A908029E9412810512857622EEF8EFF912
:1084F0001284F422E875F00BA4F8AAF075F00BE9E9
:10850000A42AF99019E5E0282279019019E3E0FE08
:10851000A3E0FF22A3128590850A82850B83A3E83E
:10852000F0A3E92274F5120CB5EAFEEBFF8A82F59E
:108530008312D7447C007D00EA128094EEFAEFFBB0
:10854000122428E9F50A740169701B1285861286C7
:10855000FA850882F58312857D1285697008128676
:10856000573509128092028CD3E5082403FAE435CA
:108570000912857522FB122452E9640122A312BF5D
:1085800080129AF022F0EE129AE912858E22F5837B
:10859000E0F8A3E0F92274F2120CB574E612125B53
:1085A000EAFEEBFF12BC213FF58312D745750801A7
:1085B000750A00750B00750C00750D008518828515
:1085C0001983E4F0EA1286593FFD74031214A912CC
:1085D0008648E964017022740B1214A912CAFD12B4
:1085E0009AE074011214A912BF7A7003A3E06960C3
:1085F00049A818A919880A890B740D1214A91286A2
:108600005E12AB46740E1214A912AB09740D12124D
:1086100033122476E964017009740D12122B880C50
:10862000890D780C121195AC0AAD0BEEFAEFFB1226
:10863000243A74021211C3E9F508EEFAEFFB122492
:1086400070A908741A029E91AA82AB8312244CAAC4
:1086500018AB1912247C22E5082403FCE422E4125E
:1086600086632212A43CA322C082C08378007900D2
:10867000800508E87001099019E312D1A0C3E89AB7
:10868000E99B5029E8FAE9FBEA75F00BA4FAACF093
:1086900075F00BEBA42CFB9019E5E02AFCA3E03B62
:1086A0008C82F583E0540F70C97900800279010251
:1086B0009E9C74F6120CB57E007F008035EEF8EFBC
:1086C000F91286FA780812119575080B7509007869
:1086D00008121195EEFCEFFDEC75F00BA4FC75F0A3
:1086E0000BEDA42AFD7A231297CE1211C30EEE7061
:1086F000010F12875F40C6028BEA1284F4F508A3CB
:10870000E039F5092274F6120CB57E007F0080472F
:108710001284ECF8A3E0398882F583E0A2E75032B6
:10872000C2E7F085820885830978081211957508DB
:108730000B7509007808121195EEFCEFFDEC75F051
:108740000BA4FC75F00BEDA42AFD7A231293C21240
:1087500011C30EEE70010F12875F40B4028BEA90D6
:1087600019E3128590C3EE98EF992274F6120CB5B6
:10877000E4F508F50978081211959019E31293CAE7
:1087800075F00BA4FCA8F075F00BEDA428FD7A237E
:108790001291301211C3E9FE74096E70031224A6FF
:1087A000EEF9028BEA74F6120CB574FF12125B7EBE
:1087B000007F008038851882851983E41291671242
:1087C00011957508017509007808121195EEFCEFF6
:1087D000FDEC75F00BA4FCA8F075F00BEDA428FDE2
:1087E0007A231293C21211C30EEE70010F12875F2B
:1087F00040C37401028BE7C082C083903A9BE4932C
:1088000075F01CA4FCADF079FF7A4A7B05121A863C
:10881000029E9C74F7120CB5E9FCEAFD7B007A001D
:108820008010EA128E239C4008E0F8EDC3984001C6
:108830000B0A12C23B40EBEBFA7B0002AB8474F0F4
:10884000120CB574F212125BE9851882851983F057
:108850008A088B098C0A8D0BEC4D6016AA0AAB0BAB
:108860001224DC8A0C8B0DAE0CAF0DEA4F600302B4
:10887000892B7A0080010A12C23B500A128A2C709E
:10888000F512984880047E007F00EE4F7003028945
:10889000E5903A76128A0E601F851882851983E06A
:1088A00064036005E06404700F7A047903128A049B
:1088B000903A76128A185027903A7E128A0E6026D5
:1088C000851882851983E064016005E064027016F2
:1088D0007A027901128A04903A7E128A1840077A45
:1088E000007B000289F674011214A97401F00412CD
:1088F00014A9E508F0A3E509F0AC0AAD0B74041265
:1089000014A9AA82AB8312244C74011212331224CC
:1089100088740C1214A912A17D8E828F83A3A3A345
:10892000A3A3A3E4F012CD7E122D587800851882FF
:10893000851983E06007C39405500278048E828F06
:1089400083E508F0A3E50912C77312B377E88E82B6
:108950008F83A3A3A3A3A312C2455001097A027B6C
:1089600000120B651297FBA312BEB812985185181E
:1089700082851983E06067C394035062901DABE069
:1089800070219038F378081213281297D6121434F5
:108990009038F37808121328EE24131297D9121482
:1089A000348031F5087509007402780812138712B3
:1089B0008FE512132890873A7808121452780C79B0
:1089C00008120BC6128A00780C12143412A16378B4
:1089D0000C1214341289F93FF58374018006128A4F
:1089E000001297E2F01297B14005901DC7E4F01213
:1089F0002C2CEEFAEFFB02BA4AEE241BF582E4229D
:108A0000129827221224B2903A9BE493FC22E4931A
:108A1000F8740193F9E84922E493F8740193F9ECAE
:108A2000C398F8E499F9C3EA98EB9922EA128A32DA
:108A3000F42275F01CA4F8A9F0744E28F582740590
:108A400039F583E02274F0120CB574EF12125B1248
:108A50008B751214A9ECF0A3EDF07E0074021214D1
:108A6000A912D1A01224DCEA4B7003028B588A822F
:108A70008B8312A471E0687003A3E0697003028B1A
:108A8000588A828B83A3A3A3A3E0C3940540030267
:108A90008B58128B8312D33CE060708A828B83A345
:108AA000A3A3A3E0C394035062901DABE070229097
:108AB00038F37808121328128B6D7808121434904A
:108AC00038F37808121328128B5F78081214348058
:108AD00030F5088E0974027808121387128FE51298
:108AE000132890873A7808121452780C7908120BE0
:108AF000C6128B6D780C121434128B5F780C121422
:108B000034EA1289FA3BF583E4800DEA2417128BCC
:108B100091F0EA2413128B91F0EA240CF582E43BE5
:108B2000F583E4F0A3F0A3F0A3F074041214A912E7
:108B3000AB3D74051214A912AB0974021214A912E8
:108B4000BEDA74071214A9AA82AB8312244C7404EF
:108B50001212331224887E01EEF9741102BA4C12FB
:108B60008B663BF58322EA2413F582E422EA12B1F4
:108B7000D83BF58322851882851983EAF0A3EBF0B0
:108B80007402228518828519831285908A828B83CC
:108B900022F582E43B1297EF2274F6120CB5128B89
:108BA000DD60148A828B83A3A3A3A3E06009C3942E
:108BB000055004790180027900802F74F6120CB5FB
:108BC000128BDD60148A828B83A3A3A3A3E06009C8
:108BD000C394035004790180027900800D1224D6D9
:108BE0008B09A909EA49221211C37F02020F1374EB
:108BF000F6120CB51224D68A828B83E582458360F7
:108C00000BA3A3A3A3E0700479018002790080DAAA
:108C1000C082C083EAFCEBFD7A007B00029E99C013
:108C200082C0837C007D00029E9974F5120CB5749D
:108C3000F312125B8A088B09ECFEEDFFC3EC94F88B
:108C4000ED94FF4004EA4B6066750A00801774FFDC
:108C50006E700374FF6F600B12D8FE6E7003A3E09A
:108C60006F6039050A903A9BE493F8E50AC398507F
:108C70003EE50A128A2D60EBE508450960D0128CAA
:108C8000BA1214A9128ED760DA74031214A9AC8236
:108C9000AD83AA08AB09121C24E960C7E50A75F088
:108CA0001CA4F8A9F0744A28FA740539FB80047AE8
:108CB000007B00740D1211C3801B851882851983F7
:108CC0007401F0744C28F582740539F5831285908F
:108CD000740B22A90A7F03020F1374F4120CB574EB
:108CE000F312125B7508001224DC8A0A8B0BAF0B9F
:108CF000EA4F6027851882851983740112A3CF1269
:108D00008CCD1214A912A5BD12246A7C1C7D007999
:108D1000FFAA0AEFFB121A867508017A047900127D
:108D200024B28A0A903A9BE493FAC3E50A9AEB9438
:108D3000005009901DC77401F0122C2CA908740D65
:108D400002B26474F4120CB5EAFEEBFF7508007A07
:108D5000007B007C00800EEC128DDB6007C3940367
:108D6000500205080C128DD140EDE508605625E053
:108D7000FAE433FB121B34EA4B6049EAF8EBF97C66
:108D800000903A9BE493FDECC39D503BEC75F01CC6
:108D9000A4F50AE5F0F50B744E250AF58274051268
:108DA000B209E0601CC394035017744A250AF58287
:108DB0007405350B128DE68882898312C5D4500163
:108DC000090C80BD7508008E828F83E508F002B221
:108DD00067903A9BE493F8ECC3982275F01CA4F8D2
:108DE000A9F0128A3922F583E0F50AA3E0F50B22F7
:108DF000C082C0837C008009EA24FF1AEB34FFFBA9
:108E00000C128DD15016EC128E23940550F2EA4BC1
:108E100070E6744A28FA740539FB80047A007B00F6
:108E2000029E9C128A32C32274F7120CB574F3129C
:108E3000125B7E00807FEF75F017A4F8A9F012D8BE
:108E4000C912AB46EE75F01CA4FAABF0744A2AF5D1
:108E500082740512BF8F687003A3E0696037EF75F5
:108E6000F017A4F8AAF0EA128EE31214A9E06870D1
:108E700003A3E069601FEF75F017A4F8EAF974988E
:108E800028FC740739FD74031214A9AA82AB83125B
:108E90001C24E96013EF75F017A4F8A9F074962864
:108EA000FA740739FB122D640F903A80E493F8EFBF
:108EB000C39840820E12D480501A12D8F6F4700370
:108EC000A3E0F460EF128CBA1214A9128ED760E4FA
:108ED0007F0080D502AB7F129AF0AA18AB1912243A
:108EE00082E922F912D8C13912858E74012274F0F8
:108EF000120CB574F312125B7E0080389086827873
:108F000008121452EE75F01CA4F8A9F0745D28F54F
:108F100082740539F583780812129C601690869247
:108F20007808121452EE75F01CA4F8128FF078082D
:108F300012133B0E12D4804003028FE0EE128DDB41
:108F400060F1C3940350EC128FF012147AE8494A8E
:108F50004B70A9901DAAE0A2E05057901B1312AECF
:108F60005A604F901DACE0700A9038F3780C1213E1
:108F7000288021F5087509007402780812138712F9
:108F80008FE512132890873A7808121452780C79DA
:108F900008120BC6780C12118DEE75F01CA4F8A9FE
:108FA000F012D8E139F5831290CA120E2D74041212
:108FB00011C3EE75F01CA4F8A9F0128CC31214A909
:108FC00012C76F740112A5C1122482E97003028FC7
:108FD0003374031214A9AA82AB831224E8028F33DC
:108FE000740D02BA4C12D3D67438128468780C22ED
:108FF000746128F582740539F5832274F6120CB574
:109000001224D68A088B09AC08AD09EA4D60318A72
:10901000828B83A3A3A3A3E06022C39403501D12F9
:109020008B663DF58312147AEC12B1D43DF58312B0
:10903000146EEC1289FA3DF5837401F07901800217
:109040007900028BEA74F0120CB5EAFEEBFF901B7C
:109050000D12AE5A606B901B1312AE5A6063901BD8
:109060001712AE5A605B12D1B7120E2DE9705290F2
:109070001DACE0700A9038F3780C1213288021F5AB
:109080000875090074027808121387128FE512130D
:109090002890873A7808121452780C7908120BC677
:1090A000780C12118D1290C4120E2D74041211C37B
:1090B000E96401700C8E828F83A3A312D1A4120ED7
:1090C0002D02BA4F8E828F83A3A312B7F5901B1384
:1090D00012D1AE2274F6120CB5E4F508F509780841
:1090E000121195903A9BE493F508740378081213D3
:1090F00087E5082402FCE43509FD12912E1211C304
:10910000E9FE740A6E6021E4F508F5097808121189
:1091100095903A9BE49375F005A4FCADF07A3F126C
:1091200091301211C3EE60031225180287A07A2233
:109130007B00121BAC74022274F6120CB574FE1282
:10914000125B851882851983E4F0A31291671211CE
:109150009575080275090078081211951293BC12D2
:1091600011C37402028BE7F0A818A91988088909AD
:1091700078082274F0120CB574DC12125B740612BB
:1091800014A912A4468C0E8D0F7508007A22129530
:1091900029AE0AAF0B129527EE4F6015E50E6E70E3
:1091A00003E50F6F600BEEFCEFFD7A227B00121BD4
:1091B000C474361214A912850EE50A450B6015EE2B
:1091C000650A7003EF650B600BAC0AAD0B7A3F7B51
:1091D00000121BC4E4F50AF50B780A121195AC0EC7
:1091E000AD0F12912E1211C3E9640A70030293B2FB
:1091F000780A121195EEFCEFFD7A3F1291301211B0
:10920000C3E9640A70030293B2740412122B880A31
:10921000890B780A121195750A02750B00780A12EB
:1092200011957C007D007A017B031297D01211C347
:10923000E960030293B2851882851983E4F0A3F0F4
:109240007E0002932F740812122B880A890B780A69
:10925000121195750A08750B00780A121195EEF532
:109260000A7403780A12138712992F7A017B03126A
:1092700097D01211C3E960030293B2740A1214A9C1
:10928000E0F47003A3E0F4700302932E740812124A
:109290002B880A890B780A121195750A08750B003C
:1092A000780A12119574041214A9128DE8740378C7
:1092B0000A1213871299221211C3E960030293B2B2
:1092C000740212122B880A890B780A121195750AFA
:1092D00005750B00780A121195EE75F005A4FCAD2A
:1092E000F07A027B031297D01211C3E9703D740229
:1092F00012122B880A890B780A121195750A0575C6
:109300000B00780A12119574041214A91293CA75ED
:10931000F005A4FCA8F075F005EDA428FD7A3F1235
:1093200093C21211C3E960030293B21293CF0E8568
:109330001882851983C082C083903A9BE493F8D049
:1093400083D082C3E098A3E09400502185188285E1
:109350001983C082C08374041214A912AB46D0834F
:10936000D082C3E098A3E0995003029245A818A9BF
:1093700019880A890B780A121195750A02750B0073
:10938000780A1211951293BC1211C3E97024740665
:109390001214A912BEDA7A017B03121BC4E97012FF
:1093A00074341214A912BEDA7A027B03121BC4E9C8
:1093B0006003750801A908742402BA4C7C007D0082
:1093C0007A227B00121BB874042212D64AEC228542
:1093D0001882851983E02401F0A3E03400F02274A0
:1093E000F1120CB574FA12125B750E0074041214AB
:1093F000A9E4F0A3F0903A9B93FAF508750900747C
:10940000037808121387E5082402FEE43509FFEA11
:1094100075F005A4FA74021214A9EAF0A3E5F0F0BD
:109420007A227B00121BB28A088B091295277404DA
:1094300012122B880C890D780C121195750C02757F
:109440000D00780C1211951297C81211C37A017B86
:1094500003121BB285188285198312A4467A027BF7
:1094600003121BB28A0C8B0DA80CA90D85188285DE
:10947000198312AED0700AEE65087003EF650970AB
:109480002BE849701074021214A9E0650A7004A355
:10949000E0650B7017EA4B7003029520E50845095B
:1094A000604D74041214A912AED060437C017D0398
:1094B0007A227B00122DEEE9F8F50E70637C027DB6
:1094C000037A3F7B00122DEEE9F8F50E7052AC08DE
:1094D000AD097A227B00121BC4E9700EAC0AAD0BF9
:1094E0007A3F7B00121BC4E96016750E018031853E
:1094F000188285198312D53CE8496004880A890BD3
:1095000074021214A9120FE0780A121195EEFCEF02
:10951000FDAA08AB0912251E74041211C3E9F50E49
:10952000A90E740602B3807A3F7B00121BB28A0A2E
:109530008B0B2274F0120CB574CD12125B740112F5
:1095400014A9E4F0A3F0122524E960030297A5749E
:109550000112122B880889097808121195750802E2
:1095600075090078081211951297C81211C3E960A5
:10957000030297A5903A9BE493FA74011214A9127E
:10958000AB46C3EA98E49950030297A574031214FA
:10959000A9E4F0A312C773803912983C7406121420
:1095A000A978081214521297D6121434EE2413120A
:1095B00097D91214341289F93FF583E4F01297B168
:1095C0004005901DC7E4F0122C2C85188285198364
:1095D000E004F0903A9BE493F8851882851983E0C3
:1095E000C39840030297A574031214A9C082C083D4
:1095F00074011214A912AB46D083D082C3E098A3A1
:10960000E09940030297A5741712122B8808890964
:1096100078081211957508087509007808121195D7
:1096200074041214A9E0F50874037808121387E58E
:10963000082402FCE43509FD1297CC1211C3E9702D
:109640008974191214A9E0F47003A3E0F470030202
:1096500095CA74031214A91293D5740A1214A9742A
:1096600001F074191214A912AB4674151214A91240
:10967000AB09740A121233122482E970030295CAEC
:1096800012BED774171214A912D1A0122D58851822
:109690008285198312983C741712122B8808890945
:1096A000750A0078081211917C087D00EEFAEFFB34
:1096B000121A7474031211C312C24A5001097A02B9
:1096C0007B00120B651297FB129851740512122B36
:1096D00088088909780812119575080575090078B8
:1096E0000812119574041214A9E075F005A4FCADDC
:1096F000F07A3F1297CE1211C3E960030295BD9034
:109700008692780812145274061214A9780812125C
:109710009C8518828519836003029599129835AA51
:10972000F0EAF9128DE26074C39403506F901DABA0
:10973000E0701B1298489038F3780812132812979B
:10974000D61214349038F378081213288035F508AF
:109750007509007402780812138712D3D674381270
:10976000B03A780812132890873A780C121452787D
:1097700008790C120BC612982FEAF9129820780873
:10978000121434EE24131297D912143412982FA9FC
:10979000F0746528F5827405390295B91298201283
:1097A00097E20295BC74011214A9E0F9743302BA6D
:1097B0004C7A0479001224B28A08903A9BE493FA16
:1097C000C3E5089AEB9400227C007D007A227B009E
:1097D000121BBE740422EE2417F582E43FF5837851
:1097E00008221297F1F0EE128B673F1297EF22F5E5
:1097F0008374FEF0A304F0A3F0A322E88E828F838B
:10980000A3A3A3A3A3A3A3A312AB27740112AB2703
:10981000A374AAF0EE2410F582E43FF583E4F0226D
:1098200012984812982722EE12B1D83FF58322856C
:109830001882851983E075F01CA4F822E075F01CED
:10984000A4F8A9F012984822744A28FE740539FF3A
:1098500022A3F0129AE8F583E4F0EE240CF582E4FA
:109860003FF583E4F0A3F0A3F0A3F02274F2120C0E
:10987000B574FE12125B851882851983E4F0A3F09B
:109880007508008072E50875F01CA4F8A9F0744A08
:1098900028F50C740539F50DAE08780C1211957584
:1098A0000A08750B00780A1211958E0A7403780A5B
:1098B0001213871299221211C3E50C2412F50AE43F
:1098C000350DF50B780A121195750A05750B0078A0
:1098D0000A121195EE75F005A4FCADF07A3F1293D3
:1098E000C21211C3850C82850D83A3A3A3A3E0F448
:1098F00060031293CF0508903A9B12BE8D4086A854
:1099000018A919880889097808121195750802752F
:10991000090078081211951293BC1211C374020247
:109920009E9112992F7A227B00121BB8740422E5B3
:109930000A2402FCE4350BFD2274F2120CB574F318
:1099400012125BEAFEEBFF7A0279011224B2EA8E70
:10995000828F83F06062F50875090074037808123D
:109960001387AA08AB0912AD766053AE08AF09752C
:109970000A00903A9BE493F8E50AC3985040E50A40
:1099800075F01CA4F8A9F012D8F06005E06402702C
:1099900023128CBA1214A9128ED7601874031214F1
:1099A000A9AC82AD83EEFAEFFB121C2A8A0C8B0D58
:1099B000AE0CAF0D050A80BA750800750900AA083B
:1099C000AB09740D029E91C082C0839019F374D2CA
:1099D000F0A37425F01299DB029E9C9019EF74DCC1
:1099E000F0A3742AF09019F174D6F0A3742AF0222F
:1099F00074F7120CB5EAFEEBFF901A87E06408607A
:109A00001DE0640460188A828B83E0540364017053
:109A100042EA12AC2FF812B7D1E0640670358A82A0
:109A20008B83A3A3E064FE7003A3E0F460258A8225
:109A30008B83A3A312C5EB7003A3E0697008EA242B
:109A40001512BEAC6005122BA88003122BAEE9F5EF
:109A50000880037508C2EEFAEFFB121B3AA9080250
:109A6000AB8474F4120CB58A088B0912CAF9FAE8AF
:109A70002AFAE43400FB121B348A0A8B0BAE0AAFBD
:109A80000BEA4F6054850882850983E0FC7D0079EC
:109A900000121A868E828F83A312D744122BE48E73
:109AA000828F8312A442850882850983E0F8EE281C
:109AB000F8E43F129AE0850882850983A3E0C0E0BC
:109AC00012C231D0E0F0122BF612C227E912CBFFFE
:109AD000E0C0E012A159D0E0F0EEFAEFFB02B2676D
:109AE000F9129AE8129AEE22EE12BC2A3F22F5836E
:109AF000E8F0A3E9F02274F4120CB574E812125BDA
:109B00008A088B098C0A8D0BE9FE901A87E06404A1
:109B10006005E06408700479C28036A378081214E6
:109B200034E9901A8E129C3785188285198378083B
:109B300012143474051214A9EEF074041214A974EA
:109B400001F074071214A9E4F0901A877402129CB1
:109B50002E02B26274F4120CB574E812125BEAFEC3
:109B6000EBFF9019E812AE5A6003029C207A077B43
:109B700000121B349019E812A446F9EA4970030256
:109B80009C1C8E828F8312147A9019E812D375125E
:109B9000146EEE2404F50AE43FF50B850A82F58382
:109BA000E0C0E09019E812ACC3A3A3A3A3D0E0F0F7
:109BB000EE2405F508E43FF509850882F583E0C049
:109BC000E09019E812B7DFD0E012AB0DC0E09019B9
:109BD000E812CAFDC82406F582E438F583D0E01205
:109BE0009C378E828F8312147A851882851983128E
:109BF000146E850A82850B83E0C0E074051214A9F7
:109C0000D0E0129C25E0C0E074041214A9D0E0F06A
:109C100074071214A9129C2DE9F9800679108002AC
:109C2000790102B262F085088285098322E4F0AAF4
:109C300018AB191223C222F07C187D007900AA18F3
:109C4000AB19121A8622C082C0839019E812AE5A4C
:109C5000600D9019E812C34E9019E8E4F0A3F012D9
:109C60002B0C122D0A029E9C74F0120CB574E81293
:109C7000125B8A0A8B0B8C088D09890C7E007F0091
:109C8000742F1214A9E0602674301214A912AB4686
:109C9000800B121A9E8A0E8B0FA80EA90FC3E89490
:109CA000F8E994FF50ECE84960E8E8FEE9FF742C1D
:109CB0001214A9E0FC742D1214A9E0FD740F6C704D
:109CC00005740F6D6012901DA5E064026005ECC381
:109CD0009D500579C1029DBF74281214A912147AEF
:109CE000901A8812146EE50C901A8EF0EC901A8C73
:109CF000F0EDA3F0742E1214A9E0901A8FF074FF07
:109D0000650A700474FF650B7024901DBFE0F47049
:109D100003A3E0F4700C121A9E901A85EAF0A3EBEC
:109D20008015901DBF12D01CE8F0A3E98009901A9D
:109D300085E50AF0A3E50BF0E50845096017AA08D8
:109D4000AB09122DBEE96401700BAC08AD097A991C
:109D50007B1A121C2A7A997B1A122DBEE970097A95
:109D6000997B1A79E21223AA901A78EEF0A3EFF009
:109D7000901A7BE4F0A3F0901A98F0901DA5E0648F
:109D8000027008901A8C740FF0A3F0901A87740573
:109D9000129C3774041214A9E4F0901A8812147AF1
:109DA00085188285198312146E901A8EE0C0E074B3
:109DB000051214A9D0E0F074071214A9129C2D7496
:109DC0001802BA4C74F0120CB59019E7E0700479DF
:109DD0000080327A807B00901AD2E0F9121C068A49
:109DE000088B098C0A8D0B9086F278081213159057
:109DF000869A780C1214527808790C120C46901935
:109E0000EEE02508F902BA4F74F7120CB5E9901983
:109E1000EEF07A807B00129F97122578790002ABD2
:109E200084C082C0839019EEE0700312218E122547
:109E300078029E9C74F0120CB59019EEE09019E730
:109E40007008E4F0F9122038803B7401F09019EEAC
:109E5000E0F91220389019EEE0F46029E0F50CE406
:109E6000F50DF50EF50FF090869A780812145278D9
:109E70000C7908120BC6780C12118D7A807B0012B7
:109E80009FA41211C37AE77B1979411223B002BA59
:109E90004F1211C37F06020F131224E2D083D08227
:109EA00002115774F0120CB574E312125B740112B4
:109EB00014A912A446A3ECF0A3EDF0E9FF7E00750F
:109EC0000C018E0D8E0E8E0F901A877401F07C1887
:109ED0007D0079007405121233121A86740112146F
:109EE000A912147A74051214A912146E740A1214A9
:109EF000A9EFF074091214A97403F0740C1214A9D8
:109F0000E4F074011214A9850C08850D09850E0A68
:109F1000850F0B78081213ADE5084509450A450B76
:109F200060010E7401780C12111312CFEE70D3AAD7
:109F300018AB19795A1223AA851882851983E0F57E
:109F400008E4F509F50AF50B8E0CF50DF50EF50F85
:109F50007808790C120BC69086AE780C12145278E1
:109F600008790C120BC690869A780C121452780855
:109F7000790C120C4612A184129F93780812118D4D
:109F8000129FA01211C374051212331223C2741D42
:109F900002BA4C7A007B04901AD2E0F9121C00221B
:109FA0007A007B04901AD2E0F9121BF47404227434
:109FB000F7120CB57C0112259002AB8474F7120CD9
:109FC000B57C0080F174F2120CB574FD12125BEADC
:109FD000FEEBFF890C8C0D12BED7122AFA8A088B71
:109FE00009EA4B700579CA02A1548A828B83A3A324
:109FF000A3A3A3A3A3E064FE7003A3E0F470057918
:10A00000C302A154122BE48A0A8B0BA80AA90B8560
:10A010000882850983A3A3A3A3A3A3A3E068700375
:10A02000A3E069700579C202A154901A8512AB466B
:10A03000850882850983E0687003A3E0696009856B
:10A04000088285098312A2BC901A8512D1A0122D14
:10A050006A850882850983A3A3A3A3A3A3A3A3A3BB
:10A06000A3E004901A9812A2A574011214A9740214
:10A0700012B1DEAE0AAF0BEA4F700302A14BEA1237
:10A0800085878882F5837406F0901A72E088828949
:10A0900083A3F012B1D33F12A16BEE241AF582E430
:10A0A0003FF58312A44612A163740112AB327440CF
:10A0B000F0A3E412A17412A17D12A159E50DF0EEF6
:10A0C000FAEFFB122542E9FE600302A14D901A87C8
:10A0D000740912A17412A2B2901A7AE0650C60039E
:10A0E000E50CF07A7B7B1A794B1223B07A857B1AC8
:10A0F00079501223B07A7A7B1A79E11223B07A78F8
:10A100007B1A79531223B012A184901D8F12D1A013
:10A11000122C0E901D8B12D1A0122C0812D539E4EE
:10A12000F50AF50B780812118D7A0112D03A121146
:10A13000C3129F9312D5397402780812111378084C
:10A1400012118D129FA01211C380027E1090188BE5
:10A15000E4F0EEF97403029E91EE2411F582E43FDF
:10A16000F58322EE128B673FF58322F5837401F0AD
:10A17000122BDE2212CC03A3A3A3A3A32212C25B41
:10A18000129AF022901D8D1285909019EA129AF081
:10A19000901D8B1285909019EC129AF02274F61291
:10A1A0000CB574E512125B12A2958908901A87E02B
:10A1B00064046005E06408700579C202A290742608
:10A1C0001214A9E064FE7003A3E0F4700579C302E1
:10A1D000A2907C197D0079007402121233121A8643
:10A1E000901A87740312A5C179501223B0742612F5
:10A1F0001233794B1223B085188285198312A2BCC1
:10A20000E508901A7AF074261214A912A2B27425E5
:10A210001214A9E0F509901A7212A2A574CE55097C
:10A220004480C0E0741A1214A9D0E0F0742812140B
:10A23000A9E004901A98F074171214A97402F0742B
:10A24000261214A912AB46740F1214A9E8F0A3E960
:10A2500012AB3F74181214A912AB09740D1214A991
:10A26000E508F0740A1214A9E4F0901A8D740FF046
:10A270007A8D7B1A79541223B0901A8C740FF07A6D
:10A280008C7B1A79471223B074021212331223B650
:10A29000741B028BE7851882851983ECF0A3EDF01F
:10A2A000EAFEEBFF22F0EEFCEFFD7A997B1A121C1E
:10A2B0002A22128590901A7B129AF02212D0201234
:10A2C0009AF02274F7120CB5EB901A8FF0122AE86C
:10A2D00002AB8474F7120CB574E912125BEAFEEB60
:10A2E000FF7508008A82F583A3A3A3E0C0E074068B
:10A2F0001214A9D0E012A3CFE0C0E074081214A990
:10A30000D0E0F0901DA9E0C0E074091214A9D0E0DB
:10A3100012C33712AE5A600D8A828B8312D1A012FB
:10A320002452E9701C74071214A9E412A16F74047A
:10A330001214A9128B7B1214A974FDF0A374FF8070
:10A3400039AC18AD198E828F8312D1A01224648E7D
:10A35000828F83A3A3A3A3E0702E74071214A91203
:10A36000AB3D74021214A912AB098E828F8312AB1B
:10A370004674041214A9E8F0A3E9F074021212332F
:10A38000122C4AE9F508804012AB40740A1214A955
:10A3900012AB0974141214A9740112AB01E0C0E0ED
:10A3A00074151214A9D0E0F074161214A9E412A4C2
:10A3B0003C12BEDA740C1214A9AA82AB83121C2AB6
:10A3C000740A121233122050A908741702AB8112BA
:10A3D000C337A3A32274F7120CB574F812125BEA08
:10A3E000FEEBFF7900901A87E064086005E06404E2
:10A3F000704585188285198374FDF0A374FF12A13E
:10A400006F74021214A912A44674051214A91286BC
:10A410005EE0C0E074041214A9D0E012A43CE0C0D5
:10A42000E074061214A9D0E0F074071214A9E41223
:10A43000A5C1122C4AE9F9740802AB81F08E828F13
:10A440008322A3A3A3A3EAF0A3EBF02274F7120CD8
:10A45000B579011223A4E9FE1224AC122446122B72
:10A4600090122B0C901AD2E0F9122A88EEF902AB66
:10A47000841285908518828519832274F2120CB596
:10A48000ECFEEDFF7C00750800E92479602C24FCCB
:10A49000607624F3601324FC601514603E1460039E
:10A4A00002A561901A8702A578901A7502A5781204
:10A4B0002D52EA8E828F8302A57D7508C1122D5E12
:10A4C0008B0DA90DEA49700302A57E8A088B0975D8
:10A4D0000A0078081211917C178073780679097A3E
:10A4E00000801788828983E064FE7003A3E0F46033
:10A4F000010CE82407F85001090A903A90E493FB14
:10A50000EAC39B40DEEC80717508C1780679097D4D
:10A510000080090CE82407F85001090D903A90E4F6
:10A5200093F509EDC39509505588828983E064FE4F
:10A530007003A3E0F460DDECF50CEA650C4B70D31E
:10A5400088088909750A0078081211917C077D0036
:10A55000EEFAEFFB121A7474031211C3750800802F
:10A560001D747F29C3945840057508C9801074E391
:10A5700029F582E43419F583E08E828D83F002841C
:10A58000E074F4120CB574F912125B8A088B098C12
:10A590000A8D0B8518828519837808121434740487
:10A5A0001214A9E9F074051214A9E4F07406121447
:10A5B000A9E412A5C1122554740702B264E8F0A3FD
:10A5C000E9F0AA18AB192274F5120CB58A088B09A8
:10A5D0008A828B8312850EEE4F700302A76D901A4C
:10A5E0000D12AE5A60158A828B83A3A3E0F9EEFAAE
:10A5F000EFFB901A0E12B7D2120E2D8E828F83A30C
:10A60000A3A3A3A3A3A3A3A3E06402600302A6DB06
:10A610008E828F83A3A3A3A3A3A3E054027003029B
:10A62000A6FF850882850983A3A3E064E97003027D
:10A63000A6FF850882850983A3A3E064CD70030289
:10A64000A6FF850882850983A3A3E064F070030256
:10A65000A6FFEE240D12AAFB6024EE241312BEAC5A
:10A66000601C8E828F83A3A3A3A3A3A3A3A3A3A3EE
:10A6700012A781701D7A307B011220DA8014901DA0
:10A68000AFE0048E828F83A3A3A3A3A3A3A3A3A35A
:10A69000A3F0850882850983A3A3E0701F750A00D3
:10A6A00080097A367B011220DA050A85088285093D
:10A6B00083A3A3A3E0F8E50AC39840E6EE240A12B8
:10A6C000BEAC14F0C0E012A163D0E012AB2374045E
:10A6D000F0901DB012C255E812A7708E828F83A32E
:10A6E000A3A3A3A3A3A3A3A3E0640260128E828FFB
:10A6F00083A3A3A3A3A3A3A3A3A3E06406706E8E66
:10A70000828F83A3A3A3A3A3A3E0A2E0505F850845
:10A7100082850983A3A3E0F9EEFAEFFB1229688E84
:10A72000828F83A3A3A3A3A3A3E054FE12A78185D2
:10A730000882850983A3A3702AE070237A2F7B0106
:10A740001220DA7E00850882850983A3A3A3E0F89E
:10A75000EEC39850187A367B011220DA0E80E67A22
:10A76000318005E070077A2D7B011220DA028CD54A
:10A77000F0A3E9F07A207B00901AD2E0F9121AE6F1
:10A780002212A43C12D1AE12B7F512A78E22122CBF
:10A790007AE92274F0120CB574BB12125B12A29506
:10A7A000750E00750F00740212123B122854740FBC
:10A7B0001214A9E0700874121214A9E06016740251
:10A7C0001214A9E0A2E650118E828F8312D1971243
:10A7D000A78E60057A3502A8EC74021214A9E05421
:10A7E0000C64047004D2008002C200E0A2E550367E
:10A7F000750F01A200402F12AB4A7003A3E06970ED
:10A800000512AAF8706B12AB4A7003A3E0696016D8
:10A8100012AAF8701112AB5A740212123B122920BC
:10A82000E9600302A8EA12AAF8702A74021214A9B5
:10A83000E0A2E6502074031214A9E05403701674C9
:10A84000021214A9E0540C640C600AE0540C640871
:10A850006003750E0174021214A9E05403F8740227
:10A86000687022740212123B12AB5A12286602AAB6
:10A87000EB8E828F8312D19712858674171214A9DA
:10A8800012AB0980937401687045E50EA2E0500D8B
:10A8900012AAF87008740212123B12AB6174021211
:10A8A000122B741C1214A9E8F0A3E91285857419FF
:10A8B0001214A9E8F0A3E912AB0DC0E0741B121446
:10A8C000A9D0E0F0741912123312278202AAEBE821
:10A8D000600302AAEB901A6FE0640170178E828FFA
:10A8E00083A3A3A3A3A3A3E0700A7A347B0112205D
:10A8F000DA02AAEB74441214A97402128585743C1E
:10A900001214A912AB12E05480700302AA0E74262E
:10A910001214A9740212AB2312AB46741E1214A9AE
:10A9200012AB0974051214A9E0C0E074271214A92F
:10A93000D0E0F074041214A9E0C0E074281214A945
:10A94000D0E0F0901A8512AB4674291214A912AB0C
:10A950000974081214A912AB46742B1214A912AB75
:10A9600009740A1214A912AB46742D1214A912AB61
:10A970000974121214A9E0F8742F1214A9E8F0A3B4
:10A98000E4F074101214A912AB4674311214A91217
:10A99000AB1212AB4674331214A912AB2EE0C0E016
:10A9A00074351214A9D0E012AB01A3E0C0E07436F4
:10A9B0001214A9D0E0F012BEA9C0E074371214A995
:10A9C000D0E0F074131214A9E0C0E074381214A996
:10A9D000D0E0F074151214A9E0C0E074391214A983
:10A9E000D0E0F0EE242312BEACC0E0743A1214A9F9
:10A9F000D0E0F0EE242512BEACC0E0743B1214A9E6
:10AA0000D0E0F0741E12123312286C02AAEB7455B7
:10AA10001214A97808121452A200400302AA9FEE51
:10AA2000240F12BEACC0E074141214A9D0E0F09050
:10AA30001A0F12AE5A700302AAEB12C757743C12D7
:10AA400014A9E0687003A3E069600302AAEBEE2496
:10AA50002312AAF012119912AB19120FE078081202
:10AA6000118DE50FF50878081211998E828F83A356
:10AA7000A3A3A3E0F508780812119974091214A988
:10AA8000120FE0A90E740D12123B7447121233908C
:10AA90001A0F12ACC3120E2D740B1211C3804CE5A9
:10AAA0000EA2E05008740212123B12AB61EE2411A8
:10AAB00012AAF0121199780812118DE50FF5087895
:10AAC0000812119974061214A9120FE0901A851237
:10AAD0000FE0EE241212BEACF9744612123B740C55
:10AAE000121233122974740A1211C3744502BA4C3B
:10AAF00012AC36F50C780C22EE242112AC365480C0
:10AB000022128663A3A322A3A3129AF02212BEBC30
:10AB1000E022129AF012AB1922EE2421F582E43FD2
:10AB2000F5832212AB272212BEC0A3A3A322E8F012
:10AB3000A3E9F0EE240FF582E43FF583227401F0DF
:10AB400085188285198312859022122BE48A088B3E
:10AB500009A808A90912AC336822129AE812B7F3BF
:10AB600022129AE812B7F312285A2274F7120CB57F
:10AB700012201A800F74F7120CB512202080057471
:10AB80000D1211C37F01020F1374F7120CB51220BE
:10AB90002C80F1C082C083122026029E9C74F71282
:10ABA0000CB512203280DD74F7120CB57409121442
:10ABB000A9E0F5087808121199122044740180C1A7
:10ABC000C082C083122050029E9C74F6120CB5EA1B
:10ABD000FEEBFF901A72E0A2E1504A8A828B83A3B7
:10ABE000A3A3A3A3A3A3A3A3A3E064016037122B91
:10ABF000EA8A088B09A808A9098E828F83E0687009
:10AC000003A3E069601FEE12AC2F640160178E820F
:10AC10008F8312D1A01224CAE9600A8E828F831218
:10AC2000D1A0122BA2EEFAEFFB122056028BEA12F1
:10AC3000AC3422EE240BF582E43FF583E02274F776
:10AC4000120CB512205C02AB8474F7120CB5EAFE4C
:10AC5000EBFF740169701479001226EC903A88E4D5
:10AC600093FC7900EEFAEFFB12266202AB8474F7D4
:10AC7000120CB512204A02AB8474F4120CB574F9AC
:10AC800012125BE9FE8A088B098C0A8D0B9018E47E
:10AC900012AE5A602BEE851882851983F07401126A
:10ACA00014A9780812143474131214A912AB467440
:10ACB000051214A912A5BD9018E412ACC3120E2DF2
:10ACC00002A5B812D1AE22C082C0831220AA029E71
:10ACD0009C74F7120CB512206802AB8474F7120C46
:10ACE000B5901DC9E0F97800800B12AF69540D646E
:10ACF000017001190812AF825003E970ED02AB84B4
:10AD000074F7120CB5901DCAE0F97800800B12AFF1
:10AD100069548D64817001190812AF825003E97083
:10AD2000ED02AB8474F2120CB5890AE975F007A440
:10AD3000A9F0240FFEE439FFEE2AFAE43FFB12AD3E
:10AD400076602CEEFCEFFD7900121A86E50812BC45
:10AD50002212B03AE50AF0E5082EF8E5093FF98538
:10AD60000882850983A3A3A3A3A3A3A312AB07AA65
:10AD700008AB09029E94121B348A088B09EA4B2205
:10AD800074F6120CB58A088B09122638E9F8901D62
:10AD9000C8E0F9E8C39940099019F512D1A012262C
:10ADA0003EE5082402FEE43509FF9019F712C75169
:10ADB000F09019F7E004F0AA08AB091226448E823D
:10ADC0008F83E00287A1C082C08379009019F5804B
:10ADD0000109E0FAA3E08A82F583E582458370F1F8
:10ADE000029E9C74F7120CB5EAFEEBFFEA4F605A24
:10ADF0009019F512AE5A6052888289837A007B00DE
:10AE0000EE65827003EF65836013AA82AB8312CA7A
:10AE1000FD8882F583E5824583602F80E39019F5F4
:10AE2000E0F8EE687002EF698E828F83700812ABD3
:10AE3000469019F58003128B8912AB09EEFAEFFBED
:10AE40001227B2EEFAEFFB121B3A02AB84EE75F05A
:10AE500006A4F8AAF012C383F583128590E849226C
:10AE6000C082C0839019F580048882898312AE5A0B
:10AE7000600A888289831293CA4D70ED8A828B831F
:10AE8000E4F0A3F0E8496006888289838003901982
:10AE9000F512A446029E9C74F7120CB5E9FD9019B8
:10AEA000F580048A828B8312AED0601D7C00800105
:10AEB0000C12AF1EECC39850EAEC75F007A4F8A989
:10AEC000F012AF156D70E980047A007B0002AB844C
:10AED00012B7F5EA4B2274F7120CB5E9FE7D00803B
:10AEE000010D12AF1EEDC3985024ED75F007A4F8C4
:10AEF000AFF0EFF912AF156E70E7ED75F007A4F83B
:10AF000012AF944CF0E8240FFAE439FB80047A0085
:10AF10007B0002AB8412AF8C241312AF9D2212CDA2
:10AF200093F82274F6120CB5E9FEEAFF12264A8A5B
:10AF3000088B09A808A909EA49602B7C00801AEC53
:10AF400075F007A4FAABF0E82AFAE93BFB128B662E
:10AF500012BF8F6E7002EFF00CE812BC2212D00606
:10AF6000FAECC39A40D9028BEAE875F007A4FCAD6D
:10AF7000F0EA2CFCEB3DFDEC2414F582E43DF58376
:10AF8000E02212CD93FCE8C39C22EFF9EA28F8EB0B
:10AF900039F9E82212AF8A241412AF9D22F582E417
:10AFA00039F583E02274F6120CB51227587A008026
:10AFB0001AEA75F006A4F8A9F012C33D12BECCA39C
:10AFC000E412C45BF0A312BED1F00A903A8F12C211
:10AFD0003E40DE7A00801CEAF508750900740378AB
:10AFE0000812138712BE9574FEF0A30412CA88A338
:10AFF000E4F00A903A8C12C23E40DC7900801BE9F2
:10B00000F5087509007403780812138774BE12D30B
:10B01000D8740A12B03A12D74509903A8212C80081
:10B0200040DD903A97E4939019F9F090869A120FC8
:10B03000DC12D038028BE7F582E41284682274F1C6
:10B04000120CB574F512125BEAFEEBFF89088C094D
:10B05000E9A2E050117EFC7FFFA2E15005D2E4029C
:10B06000B0E2D2E3807C12B4CF7003A3E069600E3B
:10B07000AC087902EEFAEFFB12273AE97005790085
:10B0800002B1C0E508F50A780A121199790212B1E5
:10B09000C51211C3E9600302B1BEE508C2E5F508B7
:10B0A000A2E64040740312123BEEFAEFFB12245E5C
:10B0B000E9702B12BED7EEFAEFFB122D468A0A8BEF
:10B0C0000BEA4B601FEA2402FAE4350BFB12245210
:10B0D000E9601112992F7403121233121C2AE50829
:10B0E000D2E5F5089019F8E0F50E901A78128DE87F
:10B0F000780A1211957D017C009019F8E0F9AA0AEE
:10B10000AB0B1226F874021211C3E9F89019F8E09B
:10B1100004F0E9600302B1BEE508A2E55004740E34
:10B1200080027406C0E074011214A9D0E012B1DEEE
:10B13000EA4B700302B1BA12B1D3350B12A16BE521
:10B140000A241A12B206EAF0A3EB12B1FD12AB46C2
:10B150008882F5837401F074785508A312D74CE502
:10B160000EF0EE88828983A3A3A3F0EF12B1EBE483
:10B17000F0E508A2E5500F740312123BE82406FA2A
:10B18000E439FB121C2A850A82850B83A3A374FD74
:10B19000F0A374FFF0E5096016903A87E493F8E5B0
:10B1A00009C398500AE50A241312B206E509F0AA69
:10B1B0000AAB0B122542E9F980067910800279C7A3
:10B1C000740B02B3807CFE7DFFEEFAEFFB1226B615
:10B1D000740122EA12B1D8222417F582E422F0AADF
:10B1E00018AB19122C628A0A8B0B2288828983A3DE
:10B1F000A3A3A312B1F72212CA82A3A322F0E50AE5
:10B20000240B12B20622F582E4350BF5832274F486
:10B21000120CB57A007B1012BEE06008901AE4743C
:10B2200001F0803C9019CAE06401901DA67006E010
:10B23000FC79018004E0FC79037A007B001226622D
:10B24000903A72E493F508740193F509E4F50AF570
:10B250000B780812118D7A007B10129FA41211C373
:10B26000800574181211C37F04020F1374F1120CBD
:10B27000B58A088B098C0A8D0B890E12A78E600582
:10B280007AFF02B34A901DA5E06402600302B36E28
:10B2900012D52A600302B3687900AA08AB09122705
:10B2A00040A90E12C21FAE0CAF0DEA4F700302B3DD
:10B2B0006E8A828B83A3A3A3A3A312C9997073126E
:10B2C000D1A08E828F83A3A3A3A3A3A3E05418606D
:10B2D0004F903A89E4938E828F83A3A3A3A3F07443
:10B2E0000F1214A912BEDA74111214A912AB46EA95
:10B2F000650A7003EB650B6010EA6C7002EB6D6021
:10B3000008EA687002EB69701D880C890D780C12D0
:10B310001195AA0AAB0B122D8274021211C380067A
:10B32000901A7712B37774FE6A700374FF6B601E15
:10B330008043A3A3A3E0640360228A828B83A3A338
:10B34000A3A3A3E0640470067AFE7BFF80278E82AD
:10B350008F83A3A3A3A3A3E0640260127907AA08C2
:10B36000AB0912276AE96006AA08AB098007AA0898
:10B37000AB09122674800C12C751A3A3A3A3F02219
:10B380001211C37F07020F1374F7120CB5EAFEEB1C
:10B39000FF1224C4E9700AEEFAEFFB1224D0E96030
:10B3A00006EEFAEFFB80047AFE7BFF02AB8474F0BA
:10B3B000120CB574FF12125BE9851882851983F0AF
:10B3C0008A088B098C0E8D0F7E0012A78E79006083
:10B3D0000302B4CA12C8F68A0A8B0BEA4B60658A6C
:10B3E000828B83A3A3A3A3A3E0640360238A828B3D
:10B3F00083A3A3A3A3A3E06401600302B4C87907F5
:10B400008A828B8312D19E12276AE9600302B4C834
:10B410007F02850A82850B83A3A3A3A3A3A3E05481
:10B420001870617900AA0EAB0F12B4CF7003A3E0BD
:10B4300069707D903A88E493FC12B4E01226627E33
:10B440000102B4C8AA08AB0912267412D59060781C
:10B450008A828B83A3A3A3A3A3E0A2E0506A7F0107
:10B46000A2E150127901AC08AD09AA0EAB0F122669
:10B4700092E970AF80528A828B83A3A3A3A3A3D245
:10B48000E1F0809F7E01850A82850B83A3A3120FC2
:10B49000E0750AFE750BFF780A1211957900AC0869
:10B4A000AD09AA0EAB0F12274C74041211C38018F9
:10B4B000EFF9AC08AD09AA0EAB0F122692E970089D
:10B4C0007E0112B4E01226ECEEF9740102BA4C12BD
:10B4D00027408A0A8B0BA80AA90B901A78E06822E9
:10B4E000851882851983E0F9AA08AB092274F01245
:10B4F0000CB574EC12125B8A0E8B0F8C088D0974DC
:10B50000021214A9E4F0A3F0750B0612C2607402D3
:10B510001214A9128B7B1214A912AE5A600F740276
:10B520001214A912B7D1A3E0700302B696E50E2457
:10B530001DF50CE4350FF50D850C8212BA27C0E01D
:10B5400074011214A9D0E012D74CA3E0FA888289C2
:10B5500083A3A3A3A3E0F8E4C8F9EA28FEE439FF33
:10B56000AA08AB091226F2E9F9850C82850D83122F
:10B57000B7DFE029851882851983F0E50AA2E55036
:10B5800003750B0E7487550A700D7418550A6418EC
:10B59000600512BA0C600A7AD37B001220DA02B678
:10B5A00096530A7878081211957D0074021214A936
:10B5B000E0FC74031214A912B8081211C3E9F8745C
:10B5C0000368700302B696E9600302B686741855E4
:10B5D0000A700302B69BE50AD2E0F50AA2E4500421
:10B5E000D2E1F50AA90A12B7E8122734EA4B6053F0
:10B5F0008A828B83A3A3A3A3A3A3E0541860448AE5
:10B60000828B83A3A3A3A3A3E06401703674021208
:10B6100014A912AE5A602C12BED78A828B8312D123
:10B620009E122D70EA4B601B8A828B83A3E060130D
:10B6300074021214A912C5E2F88A828B83A3E0C3B4
:10B64000984053E50AF50B780B12119912B7FB12CB
:10B6500011C3E970317C007D0074241214A912B763
:10B66000D6850E82850F83A3A3A3A3A3A3A3A3E0E0
:10B67000600612B7C512BEDA851882851983E0F913
:10B6800012B7E812260874241214A912BF75F470B8
:10B6900003A3E0F46036790002B7C0901A71E0604D
:10B6A0000FE50AF50B780B12119912B7FB1211C3B3
:10B6B000E50AF50B780B121199790012B1C5121138
:10B6C000C3E970C274241214A912B7D678081211F3
:10B6D000957D0174021214A9E0FC74031214A912DE
:10B6E000B8081211C3A90AEEFAEFFB12BCB5700339
:10B6F000A3E069600302B7A9EEFAEFFB128BDD60ED
:10B70000288A828B83A3A3A3A3E06401600D8A82AD
:10B710008B83A3A3A3A3E06402700E740412123BF4
:10B72000EEFAEFFB12245E8013122BDE8A088B09DF
:10B73000AC08AD097404121233121C2A850E8285DE
:10B740000F83A3A3A3A3A3A3A3A3E06401700E127A
:10B75000B7C512BEDA740C121233121C2A12B9F5D4
:10B7600012C5E04430F508780812119974051212D8
:10B770002B880889097808121195740F12122B88EA
:10B78000088909780812119574061214A9E0F508C1
:10B7900078081211997900EEFCEFFD12B7E8122635
:10B7A0008C74061211C302B696851882851983E03F
:10B7B000C0E012B9F5F58312B7DFD0E0F0122BF636
:10B7C000741402BA4CE50E2415F582E4350FF583A6
:10B7D00022A312D1B12212D1AE74FFF0A3F0221233
:10B7E000D1AEA3A3A3A3A32212B7EC22E50E12BCF1
:10B7F0002A350FF583E0FAA3E0FB227901AC08AD0E
:10B800000912B7EC12B1CD22E0F912B7EC1226F80A
:10B8100074022274F0120CB574EE12125B8A0E8B55
:10B820000FECFAEDFB750B0812BED7122D708A08CB
:10B830008B09AC08AD09EA4D601F8A828B83A3E0B7
:10B84000701712C24A5001097A027B00120B65E898
:10B850008C828D83F0A37407F012B9F512BA27C059
:10B86000E074011214A9D0E012BED112BA19E0FAA4
:10B87000E4CAFBEC2AF508E43BF50988828983A336
:10B88000A312BA19A3A3E0FBECFEE43BFF88828974
:10B8900083A3A3A3A3A3A3A3E0851882851983F0A0
:10B8A000E50AA2E45003750B10A2E55006740825C2
:10B8B0000BF50B748F550A700512BA0C600A7AD317
:10B8C0007B001220DA02B9F1530A707800E50AA26F
:10B8D000E4501B12B9FF2408FCA3E03400FD740AF5
:10B8E000121233121C2A7808E50AC2E4F50AE50AA6
:10B8F000A2E5501F12B9FF28F8A3E03400F9E824AC
:10B9000008FCE439FD7402121233121C2AE50AC243
:10B91000E5F50A74011214A912B4E612272EE9F90A
:10B9200012C7FD504AE9F50C750D007403780C122E
:10B9300013877483250CF582740A12D337E0F885D7
:10B940001882851983E0C3985022E0C0E0E9F50C25
:10B95000750D007403780C1213877483250CF5821F
:10B96000740A12D337D0E0F07800800502B9F1787C
:10B9700004901A78E065087004A3E065096063E844
:10B980007014E50AF50B780B12119912BA3A1211DC
:10B99000C3E9705D80057404687056780A121199C5
:10B9A000740312122B880A890B780A121195740DF0
:10B9B00012122B880A890B780A1211957406121438
:10B9C000A9E0F50A780A12119974061214A9E0F98F
:10B9D000EEFCEFFDAA08AB0912268C74061211C307
:10B9E000800FE50AF508780812119912BA3A121177
:10B9F000C374128057E50E241DF582E4350F22E54D
:10BA00000E241DF582E4350FF583E022E50E12B118
:10BA1000D8350FF583E0650B22A3A3A3E0FC888251
:10BA20008983A3A3A3A32212858E8882F583A3E032
:10BA3000F50A88828983A3A3E0227901E50E12BC6E
:10BA400026350F12D64812B1C922740E1211C37FC7
:10BA500008020F1374F0120CB574F412125BE9852E
:10BA6000188285198312A29F8C088D09741C1214E8
:10BA7000A9E0F912272EE9F8903A8C12CFFF502155
:10BA8000E8F50A750B007403780A12138774812590
:10BA90000AF582740A12B209E0F50EA3E0F50F80F0
:10BAA00006750EFE750FFF74021214A97408F07467
:10BAB000211214A9E0A2E4500874021214A974100F
:10BAC000F074211214A9E0A2E5500974021214A91D
:10BAD000E02408F07401121233122C628A0C8B0DD0
:10BAE000EA4B700302BC1312B1D3350D12A16BE502
:10BAF0000C241A12D33412A446740412123BAA0E58
:10BB0000AB0F12245EE9600D12D3307401F074049F
:10BB100012122B802274211214A9E0A2E45022E513
:10BB20000E6E7003E50F6F701812D3307401F0744D
:10BB30001D1214A912AB46E50C241812D33412AB13
:10BB400009E50C12BC22350D128DE6850A82F583BB
:10BB50007402F074211214A912BC18F0741C12148F
:10BB6000A912BC18A3F0EE850A82850B83A3A3A3B8
:10BB7000F0EF850A82850B83A3A3A3A3F0850A8235
:10BB8000850B83A3A3A3A3A3E508F0E509850A8297
:10BB9000850B83A3A3A3A3A3A3F0AA0EAB0F122626
:10BBA000F2851882851983E029850A82850B83A393
:10BBB000A3A3A3A3A3A3F0780074211214A9E0A265
:10BBC000E45016741D1214A912BEDAE50A2408FA0C
:10BBD000E4350BFB121C2A780874211214A9E0A288
:10BBE000E5501A741F1214A912BEDAE50A28F8E407
:10BBF000350BF9E82408FAE439FB121C2A850C827B
:10BC0000850D83A3A3E50EF0A3E50FF0AA0CAB0D01
:10BC1000122542740C02BA4CE0850A82850B83A37C
:10BC200022EA12BC262212BC2A22240BF582E4222C
:10BC300074F4120CB58A088B09ECFEEDFF750A014D
:10BC4000901A78E06A7003A3E06B6013750A0078BD
:10BC50000A121199122CBC74011211C3E9F50A7968
:10BC600000AA08AB0912BCB57003A3E06970417962
:10BC700000EEFAEFFB122734EA4B602B8A828B83AB
:10BC8000A3A3A3A3A3A3E05418601C7508FE750921
:10BC9000FF78081211958A828B83A3A3120FE012FA
:10BCA000D6331211C380097901EEFAEFFB12260296
:10BCB000A90A02B2671227408A088B09A808A909B5
:10BCC000901A78E0682274F2120CB57E067F097A29
:10BCD0001012BEDE700C90869A120FDC12D0381251
:10BCE00011C39019F9E014F0600302BD93903A97E4
:10BCF000E4939019F9F07C0079057A007B00122B0F
:10BD0000608A088B0902BD8A7C007905AA08AB0904
:10BD1000122B608A0A8B0B850882850983A3A3A353
:10BD2000A312AE5A605EE5082404F8E43509F988E8
:10BD300082F583E024FFF0A3E034FF12BED112AEFF
:10BD40005A7041850882850983A3A3A3A3A3A3E016
:10BD500054046013850882850983A3A3A3A3A3A326
:10BD6000A3A3E0F912271C850882850983A3A3A356
:10BD7000A3A3A3A3A3A37406F07AF0850882850980
:10BD80008312CAE7850A08850B09E508450960039F
:10BD900002BD0875080080658E828F83A3A3A3A3CC
:10BDA000E06051F4604EEE240412BEAC14F0704416
:10BDB0008E828F83A3A3A3A3A3E0640370137902ED
:10BDC0008E828F8312BEDA8E828F8312D19E1226CC
:10BDD000928E828F83A3A3A3A3A3E0640160158E38
:10BDE000828F8374FE12BEB01412BEB0A3A3A3E46C
:10BDF00012BEB8F00508EE2407FE50010F903A90ED
:10BE000012BE8D40937E00803B122B84EEF50875A8
:10BE1000090074037808121387747E2508FC740ADD
:10BE20003509FD7A9E7B26122B72EA4B70DBEEF50C
:10BE3000087509007403780812138712BE9512BEA4
:10BE4000CCE4F00E903A8C12D483501FEEF50875B6
:10BE500009007403780812138712BE9EE82407F5C0
:10BE600082E412D00614F070DA80A17A008010EA21
:10BE700075F006A4F8A9F012C460600214F00A90EC
:10BE80003A8F12C23E40E8029E94903A8FE493F8B3
:10BE9000E508C3982212BE9E8882F583A322747E91
:10BEA0002508F8740A3509F922EE241112AC36225D
:10BEB000F0A304128663A32212BEBC2212BEC022CB
:10BEC000F08E828F83A3A3A3A3A3A32274FEF0A367
:10BED00004F08882898322901A8512D64A227B0038
:10BEE000901AD2E0F9121C06EA4B4C4D2274F7125C
:10BEF0000CB574DA12125BECFEEDFF750800EC4F26
:10BF0000606C12CAF9C8241FF582E43812AE58607A
:10BF10005D8A828B8312D1A0AC18AD19EA241EF57C
:10BF200082E412BF8FF9EA241FF582E412BF941253
:10BF30002BC6740B1214A912BF7A7003A3E06970A8
:10BF40002D74021214A9E064017023741D1214A947
:10BF500012BF7564017017741D1214A912B7D1A312
:10BF6000A3E0F88E828F83E0687003750801A9084A
:10BF7000742602AB8112D1AEE02212BF80E06822AB
:10BF800012BF8422E0F8A3E0F98E828F83A3223BC4
:10BF9000F583E0223B12B7F32274F4120CB5E9707A
:10BFA00016790012BFC274FE6E700374FF6F700CBE
:10BFB000903A83E4936005790112BFC2122C2C02DF
:10BFC0009AD91226AA8A0A8B0BAE0AAF0B2274F6F4
:10BFD000120CB574F312125B121A9E8A088B09AE0A
:10BFE00008AF09901A78E06E7003A3E06F60E91261
:10BFF0002BEAEA6E7002EB6F60DEEEFAEFFB12A73F
:10C000008E70D5EE4F60D1851882851983E4F004D7
:10C010001214A9EEF0A3EF12A5C1122476E970B8AC
:10C0200074FE6E700374FF6F60AEEEFAEFFB740D7A
:10C03000028BE7C082C083122C2C029E9C74F212E9
:10C040000CB5EAFEEBFF8C088D09890B74FC6E7051
:10C050000374FF6F700302C21079001227408A0C2C
:10C060008B0DAE0CAF0D740E1214A9E0F50A901AE8
:10C0700078E06E7003A3E06F7009E50AA2E6400362
:10C0800002C210A90A12C215703B79007AFE7BFF2A
:10C0900012C21570307418550A700302C13A7A0042
:10C0A00080010A903A9012C23E400302C13AEA75FA
:10C0B000F007A4F8A9F012D48A541870E574062881
:10C0C000F8740939F988828983EEF0A3EFF074FEE1
:10C0D0006508700474FF6509600D88828983A3A3D5
:10C0E000E508F0A3E509F088828983A3A3A3A3A3AD
:10C0F000A3E50AF0A2E0500D88828983A3A3A3A33D
:10C10000A3A3D2E2F07401650B88828983A3A3A361
:10C11000A3A37031740112CA88E054186021903AC8
:10C1200089E49388828983A3A3A3A3F012C260EA5F
:10C130004B600302C2107D008036790202C2129069
:10C140001A77E080DEE06401700302C21088828901
:10C1500083A3A3A3A3A3A3E054186007903A89E4A0
:10C16000938004901A76E012B1EBE50B02C20F0D3A
:10C17000903A80E493F8EDC398400302C2107C002B
:10C180008030EC75F007A4F8A9F0740828F58274E3
:10C190000939F58312AB46ED75F017A4FAABF074CC
:10C1A000962AF582740712BF8F687003A3E0696056
:10C1B000BE0C903A90128DD440C8E4936C70B0EDF0
:10C1C00075F017A4F8A9F0749628FE740739FF7C5F
:10C1D000177D007900EEFAEFFB121A868E828F83AC
:10C1E000E508F0A3E509F0901A8512C255A3A3A3B0
:10C1F000A3A3A312AB2E74AAF012C227740112C219
:10C20000455001097A027B00120B6512C231E8F039
:10C210007900029E9412C21FA80CA90DEA492212AD
:10C2200027348A0C8B0D22EE240EF582E43FF58331
:10C2300022EE240DF582E43FF58322903A9BE493AD
:10C24000F8EAC39822F012C24A22903A85E4937920
:10C25000002401F82212C25BA3A32212BF84A322EE
:10C2600012CD82122D702274F2120CB58A088B093D
:10C27000E9FF8C0C8D0D900E2F12C800400579053A
:10C2800002C3341220B0AA08AB0912C36B70097A3A
:10C29000FE7BFF1226C8E9FE903A8F12D48340033A
:10C2A00002C33212AE4D600CEE75F006A4F812C354
:10C2B0008312C34CEF602112C355EE75F006A4F84B
:10C2C000A9F0741E28F8740A398882F58312A442F2
:10C2D000EA4B70157901805CEE75F006A4F8A9F0C0
:10C2E00012C385F583E4F0A3F0EE75F006A4F8120E
:10C2F000C33DE508F0A3E50912BED1A3AA82AB8332
:10C30000EFF0901DA7E08882898312C337E0601E9A
:10C3100012AE4D6019850C08850D09750A00780864
:10C3200012119112C35EEAF912C3771211C3790098
:10C3300080027907029E94F08A828B8322741E28E1
:10C34000F8740A39F98882F583A3A322F58312B71A
:10C35000F5121B3A222FFAE433FB121B3422EF2F83
:10C36000FCE433FDEE75F006A4F8221226C8E9FEBF
:10C37000903A8FE4936E2212C38512B7F3121A74A7
:10C38000740322EAF9742228F582740A392274F7B8
:10C39000120CB5ECFEEDFF12CFF7502DE875F0064C
:10C3A000A4F8A9F012C46B8882F583A312C77BA3FB
:10C3B000A3A312AB4674091214A9E0FAA3E0F58313
:10C3C0008A8212AB0979008002790402AB8474F787
:10C3D000120CB5750800801DE50875F006A4F8A9D3
:10C3E000F0742028F582740A12D0066A7003A3E064
:10C3F0006B6062050812BE8A40DEE49365087055E2
:10C4000074FE6A700374FF6B704B75080080020540
:10C410000812BE8A503FE50875F006A4F8AAF0EAB3
:10C42000F912C46070E912C46BA3A374FE12C4585D
:10C4300012AE5A6020E50875F006A4F8EAF912C4B5
:10C440006BE82404FEE439FF8E8212C34C8E828F87
:10C4500083E4F0A3F0029A5DF0A30412CA7EA32243
:10C46000741E28F582740A12AFA022741E28F87474
:10C470000A39F92274F1120CB58A088B09EA241DD5
:10C48000F582E4350912C5E0FE6051EA241D12C7A9
:10C49000672402F8A3E03400F9900E2FE493FAEE3B
:10C4A000C39A400302C5D17A00802C88828983E038
:10C4B000F50AA3E0FCE4CCFDE50A2CE43DF50BEA2B
:10C4C00025E0FCE433FD74662CF582740A3DF583A7
:10C4D00012C5D45001090AEAC39E40CF8508828B59
:10C4E00083A3A3A3A3A3A3A3A3A312C5EB7003A336
:10C4F000E069700912C5F41226BC02C5D112C763E7
:10C50000700302C5D17B00EEFF7A0080010AEAC306
:10C510009E501CEA25E0F8E433F9746628F582742D
:10C520000A12C5E87003A3E06970E2EAFF7B018BA1
:10C530000E790012D19112C21FEA4B60478A828B9A
:10C5400083A3A3A3A3A3E0640170398A828B83A38E
:10C55000A3A3A3A3A3E05418602A8A828B83A3A376
:10C5600012BEDA7A667B0AEEF912275EE97006E5FA
:10C570000EA2E0500F12C5F4122764850C82850DBF
:10C580008312A44412C763F974FF29F0750A017875
:10C590000A121199750A66750B0A780A121195EF3D
:10C5A000F50A780A121199E508241212C767F50AEC
:10C5B000780A121199E508241512B037120FE0120B
:10C5C000C789FCA3E0FD12D1911226D47407121181
:10C5D000C302B383E50AF0A3E50BF0E82402F822D6
:10C5E000F58312D1AEA3E02239F583128590901A1B
:10C5F00078E068227C667D0AEEF9E50812BC2635F3
:10C600000912B7F32274F0120CB574FC12125BE934
:10C61000851882851983F08A0E8B0FECFEEDFF746E
:10C62000171214A9E0F50A741A1214A9E0F50B60A8
:10C6300008E50AC333240480027402C0E0740212C5
:10C6400014A9D0E0F07401121233122C628A088B04
:10C6500009EA4B700302C74C8A828B83A3A3E50EC1
:10C66000F0A3E50F12A3CFA3A3EEF0A3EF12C773BD
:10C67000E0C0E0EA241312B037D0E0F074161214D0
:10C68000A9E0C0E0EA241412B037D0E0F0EA2417A1
:10C6900012C7676401703612C757850882850983FF
:10C6A000A3A3A3A3E0687003A3E06960207414123D
:10C6B00014A912AE5A600DE508241A12B037E8F03A
:10C6C000A3E98008E508241712B037E4F012C789FF
:10C6D000FEA3E0FF8E82F5837405F0E50B7009A3DD
:10C6E000E50AF0EE2402805D7401250AA3F0EE2431
:10C6F00002FE50010F7A0074181214A912AB468082
:10C700001B8882898312C77B12C751A3F0E82402D9
:10C71000F8500109EE2402FE50010F0AEAC3950AFF
:10C7200040DF8E0A8F0B850A82850B83A3AE82AF12
:10C7300083122BE4EA850A82850B83F0122BE4EB4B
:10C740008E828F83F0AA08AB09122542740402BAC4
:10C750004CE08E828F8322122BE48A0C8B0DA80C66
:10C76000A90D22E5082411F582E4128468E022E88C
:10C77000F0A3E9F08518828519832212C75112C7E8
:10C780008222F088828983A322128463E022C082FD
:10C79000C083E929FCE433FDEA2CFAEB3DFBEA24F3
:10C7A000FEF582EB34FFF58312D1A0029E9C74F358
:10C7B000120CB589088A09ECFEEDFF900E2F12C805
:10C7C000005033750C008002050CE50CC395085031
:10C7D0001B122BE4A80CE828F8E433F9EE28F582C4
:10C7E000EF12D0066A7003A3E06B70DCE509650CFC
:10C7F00070047901800279007F05020F13903A8C52
:10C80000E493F8E9C3982274F0120CB574F2121292
:10C810005BE9851882851983F08A088B09ECFEEDA7
:10C82000FF750A0012A78E7900600302C8F312C8D0
:10C83000F68A0E8B0FEA4B700302C8F18A828B8353
:10C84000A3A3A3A3A3A3E0A2E2400302C8F1122B77
:10C85000E4EA6E7002EB6F7008780A121199E480B6
:10C8600036EEFAEFFB1224CAE9640170617401121A
:10C8700014A97404F074021214A9EEF0A3EFF0747A
:10C8800001121233122476E964017042750A0178AC
:10C890000A121199E4F50AF50B780A121195780A33
:10C8A000121199780A12119974091214A985820A31
:10C8B00085830B780A121195903A87E493F9EEFC80
:10C8C000EFFDAA08AB091226D474071211C3850E16
:10C8D00082850F83A3A3A3A3A3A3E0A2E1400F85B6
:10C8E0000E82850F83A3A3A3A3A3A3C2E2F0750ABC
:10C8F00001A90A02BA4AAA08AB0912274085188280
:10C90000851983E0F91227342274F6120CB5E9FE7A
:10C910007900122740EEF91227348B09A909EA4958
:10C92000601D8A828B8312D7458A828B83A3A314CE
:10C9300012C948E412C94412C944A3F0F98002792B
:10C9400004028BEA12CC1122F0A30412C337A3A372
:10C95000A3A32274F4120CB5750807901A6CE0704A
:10C960003312D96B602E901A7112C999701A12D9AC
:10C9700064F88E828F83A3E0C39850048908800DE9
:10C980008E828F83A3E0800312D964F508E50870D6
:10C9900003750807A90802B267E064018A828B83E5
:10C9A000A3A32274F0120CB58A0C8B0DE9FE8C083F
:10C9B000EDFF12272EE9F974101214A9E0F50EA369
:10C9C000E0F50F12C7FD5043E9F50A750B0074033B
:10C9D000780A1213877484250AF582740A12B20940
:10C9E000E0F8E508C398501FEF6074E9F50A750B8D
:10C9F000007403780A12138712CA64A3A3A3A3A323
:10CA0000E50812CA7480577903805679007AFE7B54
:10CA1000FF12272EE9F9903A8CE4936970047902A9
:10CA2000803FEF603AE9F50A750B007403780A124B
:10CA3000138712CA64E50CF0A3E50D12CA7412CA7A
:10CA400088E50812B1F374FFF0EE88828983F090D4
:10CA50001A76E088828983A3A3A3A3A3A3A3F07972
:10CA60000002BA4F747E250AF8740A350BF98882E1
:10CA7000F583A32212CA7EE50EF0A3E50F2212CAA7
:10CA8000822212C782A3A32212B1F7A322C082C0BE
:10CA9000838A828B83A3A3A3A3A3E4F078008001FD
:10CAA00008903A8212CFFF501D12D00AF98C828D65
:10CAB00083A3A3A3A3A3A3A3A3E06970E3ECFAED6C
:10CAC000FB122B8A801EE4936870198C828D83A3DD
:10CAD000A3A3A3A3A3A3A3A37406F07A008C828DBF
:10CAE0008312CAE7029E9C12CAFDC8240CF582E498
:10CAF00038F583E0F9122AA0228A828B83E0F8A31A
:10CB0000E02274F4120CB58A088B098A828B831296
:10CB1000CC09E0F9122B668A0A8B0BAE0AAF0BEA3E
:10CB20004F700302CBFC850882850983A3A3E070C4
:10CB3000348A828B83A3A3A3A3A3A3A3A3A3E064A8
:10CB4000028A828B83A3A3A3A3A3A3A3A3A3600F9F
:10CB50007406F07AF08E828B8312CAE702CBFC74E3
:10CB600006F002CBFC850882850983A3A3A3A3A3B7
:10CB7000A3E0606B850882850983A3A3A3A3E0607B
:10CB80007BE508240312C76714F07070901A65E003
:10CB9000850882850983A3A3A312CBFF12CC09A326
:10CBA000A3A3A3E064037054850882850983A3A32B
:10CBB000A3A3E0603C8A828B83A3A3A3A3A3A3A324
:10CBC000A3A37404F0121A9EEA540F7900240150B2
:10CBD00001098E828F83A3A3A3A312A770801D8A4D
:10CBE000828B83A3A3A3A3A3A3A3A3A3E064037043
:10CBF0000BEAFCEBFDAA08AB091226FE02B2671293
:10CC0000CC0322129C25A3A322A3A3E01412CC11CF
:10CC100022F08A828B83A3A3A3A3A32274F6120C0F
:10CC2000B579007E008026EEF5087509007403785A
:10CC30000812138774BE2508FA740A3509FB8A8224
:10CC4000F583A3A3E0600512270479010E903A82D0
:10CC500012D48340D2E9A2E07A407B00901AD2E05D
:10CC6000F95019121C06EA4B4C4D70289086C212DE
:10CC70000FDC7A4012D03A1211C38018121C0090B7
:10CC800019D8E06401700DE4F09019D9E0F9122987
:10CC9000B61220A4028BEA74F4120CB58C088D092C
:10CCA0007EBE7F0A7C00803C8E828F83A3A3A3A3D9
:10CCB000A3A3A3E0F8EA2412F582E412BF8F687000
:10CCC0001B8E828F8312AB4612CD8F687003A3E058
:10CCD0006970098E828F83A3A3E0701A0CEE24087A
:10CCE000FE50010F903A82128DD440BCE4936C70D8
:10CCF00005790002CD7B8E828F83A3A3A3A3A3A378
:10CD0000E0607612CD7E122D46EA4B600D8E828F4A
:10CD100083A3A3A3A3A3A3E014F07A0080010A12C3
:10CD2000C23B501F128A2C60F512D8FE65087004B1
:10CD3000A3E0650970E88E828F83A3A3A3A3A3A3B6
:10CD4000E014F0903A80E493F8903A9BE493FAE888
:10CD50002AF8E43400F98E828F83A3A3A3A3A3A3AC
:10CD6000E0FAE89AE99400C365D033500C8E828FC4
:10CD700083A3A3A3A3A3A3E4F0790102B26712CD16
:10CD80008222901A85E0FCA3E0FDAA08AB092212DA
:10CD9000CD9322EA12BC2A3BF583E02274F0120CF8
:10CDA000B574FD12125B74011214A9ECF0A3EDF03E
:10CDB000E985188285198312A29F7CBE7D0A7508B9
:10CDC00001750900750A00750B00903A80E49378AC
:10CDD00008121113F50CF50DF50EF50F7800801102
:10CDE0008C828D83A3A3E0601A08EC2408FC500118
:10CDF0000D903A8212CFFF40E7E493687005790006
:10CE000002CFE98C828D83A3A3A3A3A3A3E4F07A2A
:10CE100000802E64016005E06403701D8E828F83A4
:10CE2000A3A3A3A3A3A3A3A3A3E0F47003A3E0F489
:10CE30007007780C79081213740A740178081211BB
:10CE400013903A9B12C23F504EEA75F01CA4F8AB07
:10CE5000F012D8DF128EE71214A9E0687003A3E085
:10CE60006960D6EA75F01CA4F812D8DF12C5E87024
:10CE700003A3E06960C3EA75F01CA4F8EBF9128D16
:10CE8000E264046003E0708B8C828D83A3A3A3A370
:10CE9000A3A3E004F080A27A008067EA75F017A4EB
:10CEA000F8ABF0EB128EE31214A9E0687003A3E074
:10CEB00069604EEA75F017A4F8EBF912D8E970032F
:10CEC000A3E0F4603C74A028F582740739F583125E
:10CED000D01CE0687003A3E0697026EA75F017A41F
:10CEE000F8EBF912D8D4601974A528F582740712EA
:10CEF000D006600D8C828D83A3A3A3A3A3A3E0041B
:10CF0000F00A903A8012C23E40918C828D83A3A396
:10CF1000A3A3A3A3E0F8903A8EE493C398500DE442
:10CF2000938C828D83A3A3A3A3A3A3F08C828D8370
:10CF3000A3A3A3A3A3A3E0600712BEA96401700B7F
:10CF40008C828D83A3A3A3A3E4800D901A66E004D2
:10CF50008C828D83A3A3A3A3F0901A6BE08C828DA7
:10CF600083A3A3F0901A6512D02F1285858C828D31
:10CF70008312C76F12D029F0EE2412F582E43FF538
:10CF80008312D029A3A3F012CFEE6046780080016F
:10CF900008903A8212CFFF503912D00A600BF985FF
:10CFA0001882851983E06970E7E8F508750900853E
:10CFB0001882851983E0C0E012D011D0E0F074022D
:10CFC0007808121387740F12D3D8740B128FEA12D9
:10CFD00014347A4012BEDE700E9086C2120FDC7AD4
:10CFE0004012D03A1211C37901740302BA4CE50C15
:10CFF000450D450E450F221226C8E9F8903A8FE4F8
:10D0000093F9E8C3992212AFA022E8FA12D011E0F6
:10D010002274062AF582E4340BF5832212D02022F2
:10D02000E0F8A3E0F9901A852212D02FA3A322E002
:10D030008C828D83A3A3A3227A107B00901AD2E066
:10D04000F9121BFA740422C082C0837800800108A0
:10D05000903A82E493FAE8C39A500812D00A6970B1
:10D06000EEE4F0029E9C74F0120CB5EAFEEBFF8A2F
:10D0700082F583A3A3A3A3A3A3A3A3A3A3E0640212
:10D08000600302D18EEA240D12BEAC600302D14FC0
:10D09000901B0D12AE5A700302D13F901B1312AEBB
:10D0A0005A700302D13F901B1712AE5A700302D17F
:10D0B0003F901B1512AE5A700302D13F901DAEE097
:10D0C0006401707B901DAAE0A2E0507312D1B712E8
:10D0D0000E2DE9706A901DACE0700A9038F3780C60
:10D0E0001213288021F508750900740278081213BC
:10D0F00087128FE512132890873A78081214527815
:10D100000C7908120BC6780C12118D1290C4120EF5
:10D110002D74041211C3E964017073EE2402E43F1C
:10D120000E0EFF8E82F58312D1A4120E2D8E828FE9
:10D130008312D1A0901B1512ACC3120E2D804F7C10
:10D140000179018E828F8312D19E122728803F9011
:10D150001B0B12AE5A6037901DAEE06401702F9029
:10D160001DAAE0A2E050277A047B00121AA4EA4B21
:10D17000601C8A828B837464F0A3740112865FA39F
:10D18000128B8912AB07901AD2E0F9121AB002BAC8
:10D190004F850882850983A3A3A3A3A3A3A3A3A365
:10D1A00012B7F52212B7F5901B1712D1AE22E0F894
:10D1B000A3E0F5838882228A828B83A3A312B7F52A
:10D1C000901B0D12D1AE2274F0120CB574FD121228
:10D1D0005B128B751214A9E9F0ECFF851882851992
:10D1E0008312D1A0122B6CEA4B600302D2F27402BC
:10D1F0001214A9E0700302D30875080075090075C0
:10D200000A00750B00750C01750D00750E00750F89
:10D2100000903A80E493780C121113790080080989
:10D220007401780C121113903A9B12C8015020E936
:10D2300012D35360EA12D34812D37E6C7003A3E07A
:10D240006D70DC850C08850D09850E0A850F0B7E37
:10D250000080057A007B000E903A8212D48340034E
:10D2600002D2F212D36760EFEEF50C750D00740276
:10D27000780C121387740F250CF582740B12D337B8
:10D2800085080C85090D850A0E850B0F780C121385
:10D29000AD12CFEE60C112D367F9122B66EA4B6074
:10D2A000B28A828B83A3A3A3A3A3A3A3A3A3E064B3
:10D2B0000570A085080C85090D850A0E850B0F7871
:10D2C0000C1213F4C00CC00DEEF50C750D007402B9
:10D2D000780C121387740F250CF582740B12D33758
:10D2E000D00DD00C780C12134E903A82E493FE02CB
:10D2F000D257EA4B60128A828B83A3A3A3A3A3A372
:10D30000A3A3A3E064056012EF6022901A8512D3F4
:10D310007EFAA3E0FB1223EC8013128B8312D375E9
:10D3200012D33CA3A3A3A3A3740112A77302CFE952
:10D33000E50C2416F582E4350DF58322129AF08A65
:10D34000828B83A3A3A3A322744A2CF58274053D88
:10D35000F5832275F01CA4FCADF0744E2CF582749C
:10D36000053DF583E0F422EEF8740628F582E434F6
:10D370000BF583E022E0FCA3E0F5838C822212D639
:10D380004A851882851983E02274F6120CB5E9FCEF
:10D39000790080010912C7FD5039E9F508750900C7
:10D3A00074037808121387747F12D3D8740A12C7D3
:10D3B0006A6A7003A3E06B70DBE9F5087509007415
:10D3C000037808121387747E12D3D8740A12C76ABE
:10D3D0006C70C1028BEA74F32508F5822274F7128F
:10D3E0000CB589085308407E00802EEE75F007A426
:10D3F000F8A9F0740628F582740912D0066A700341
:10D40000A3E06B701374FE6A700374FF6B605812B4
:10D41000D48A54406508604F0E903A9012D48340ED
:10D42000CAE4936E705374FE6A700374FF6B7049A4
:10D430007E0080010E903A9012D483503CEE75F03D
:10D4400007A4F8A9F0740A28F582740912D00670AE
:10D45000E3A908EE75F007A4ABF0740628F5827412
:10D460000912BF941226ECEE75F007A4F8A9F07427
:10D470000628FA740939FB80047A007B0002AB8429
:10D48000903A9BE493F8EEC39822740C28F58274CA
:10D490000912AFA02274F4120CB5EAFEEBFF890B5F
:10D4A0008C0A740169700C903A8DE493F912276A22
:10D4B000E970647900EEFAEFFB122740A90A1227FF
:10D4C000348B09A9097401650B6014EA4960568A16
:10D4D000828B83A3A3A3A3A3E0650B70488038EAE3
:10D4E0004960198A828B83A3A3A3A3A3E06401707C
:10D4F0000B8A828B83A3A312D53C800AE50AA2E69D
:10D5000040238E088F0974FE6508700474FF650956
:10D51000601312D52A60047900800CEE6508700350
:10D52000EF650970DD790102B267903A8DE493F9F5
:10D53000AA08AB0912276AE922901D8FE0F508A31B
:10D54000E0F5092274F4120CB5EAFEEBFFE9A2E65D
:10D55000500F79FF122818EA4B70257AFE7BFF8066
:10D560002C12D59060238A828B83A3A3A3A3E064AB
:10D5700001600D8A828B83A3A3A3A3E064027009D8
:10D58000901A78E0FAA3E08003EEFAEFFB02B267AC
:10D590001224D68B0BA90BEA492274F4120CB5EABB
:10D5A000FEEBFF8C0A8D0B740C1214A9E0F50974C4
:10D5B0000269603174046960057401697022AC0904
:10D5C000790112273AE96018E50A450B6017EEFA6F
:10D5D000EFFB12CFF7500E850A82850B837401F0A2
:10D5E000790002B2677900EEFAEFFB122734EA4BBA
:10D5F000602D8A828B83A3A3A3A3A3A3E054186006
:10D600001E750AFE750BFF780A1211958A828B83AC
:10D61000A3A3120FE012D6331211C3790180C39075
:10D620003A88E493FCA909EEFAEFFB122662E9704E
:10D63000AF80E87900901A7812D64A8A828B8312DA
:10D64000B7F512274C740422F583E0FCA3E0FD2219
:10D6500074F1120CB5EAFEEBFF8C088D09E9600C41
:10D66000750A00780A121199790B806E7900AA0860
:10D67000AB091227348A0A8B0BEA4B60658A828BCE
:10D6800083A3A3A3A3A3A3E0A2E050568E0C8F0D07
:10D69000780C12119574111214A912BEDA741312B7
:10D6A00014A912D1A0122D8274021211C38A0C8BFC
:10D6B0000DA80CA90D74FE68700374FF69602385C2
:10D6C0000A82850B8312A444750A00780A12119904
:10D6D000790CEEFCEFFDAA08AB09122CBC74011208
:10D6E00011C302B383C082C083780679097C0080AD
:10D6F0004588828983A3A3A3A3A3A3E0A2E0402E2D
:10D7000088828983A3A3E06A7003A3E06B701F88FB
:10D71000828983A3A3A3A3A3E064017011888289F3
:10D7200083A3A3A3A3A3740312D74C12D7450CE879
:10D730002407F8500109903A90E493FDECC39D4012
:10D74000B0029E9CA374FEF0A304F02212C782A331
:10D7500022C082C083780679097A00802088828975
:10D760008374FEF0A30412D74C1412C458E412B10F
:10D77000F312CA88F00AE82407F8500109903A9099
:10D78000E493FBEAC39B40D5029E9C74F7120CB550
:10D79000E9FF7E0080010EEEC39F501BEE25E0F8EE
:10D7A000E433F9EA28F582EB12D0066C7003A3E0AB
:10D7B0006D70E379018002790002AB8474F0120C81
:10D7C000B58A0E8B0F890A8C0C8D0D7F00750800B1
:10D7D0007509018011121A9EEFF5F0EA84E5F0F563
:10D7E000087F007509007E0080010E903A8012D4F7
:10D7F00083504CEE75F017A4F8A9F012D8E9700325
:10D80000A3E0F460E512D8C9E0650E7004A3E065FA
:10D810000F60D712D8C112D90970CFEE75F017A4D6
:10D82000F8A9F012D8D460C2C3940750BD0FE5091F
:10D83000A2E040B6EFC3950840B012D8C1805E7E2A
:10D840000080010E12D480505C12D8F664FE700382
:10D85000A3E0F460EE12D8FE650E7004A3E0650F3D
:10D8600060E112D8E112D90970D9EE75F01CA4F864
:10D87000A9F0745328F582740512D00660C5C394CC
:10D880000750C012D8F060BBE0640260B60FE50933
:10D89000A2E040AFEFC3950840A912D8E139F58363
:10D8A00012D1A08019EF6012E508700E74016F604C
:10D8B0000302D7D575080102D7E17AFE7BFF02BAD1
:10D8C0004F749628F58274072212D8CD2212D8C13F
:10D8D00039F5832274A428F582740712AFA022EBD5
:10D8E000F9744A28F58274052212D8CDE064FE222C
:10D8F000128A39640122EE75F01CA4F8A9F0744A6A
:10D9000028F582740512AFA0223912D648AA0CABB2
:10D910000DA90A12275EE92274F4120CB5890812C7
:10D92000D96B603B8A828B83A3A312D964F98E8260
:10D930008F83A3E06029E96026901A71E06401708A
:10D940000D8E828F83A3E0C3995003E980068E82F7
:10D950008F83A3E0F8E508C3984004790180027939
:10D960000002B267E0F9122D8EE922901A8512D6D4
:10D970004A122D708A0A8B0BAE0AAF0BEA4F227443
:10D98000F7120CB574F312125B8518828519837433
:10D9900002F0141214A912E08A1214A9AA82AB830D
:10D9A00012244C74161214A912D9CD700A740B12D9
:10D9B00014A912D9C28008740B1214A912D9DE025C
:10D9C000E84212D9E9E8F0A3E9F079002212DDF883
:10D9D000FEE9FFAA18AB19122488E964012212D9C2
:10D9E000E9E8F0A3E9F079C822E0F8A3E0F98E8233
:10D9F0008F832274F7120CB574F312125BECFEEDF8
:10DA0000FF8518828519837402F0EAFCEBFD74032C
:10DA10001214A9AA82AB8312244CAA18AB1912249F
:10DA20007CE96401700A740B1214A912D9C280082F
:10DA3000740B1214A912D9DE02E84274F7120CB565
:10DA400074F112125BAC18AD19122266E9FE702255
:10DA500074021214A97402F012E7CB740D1214A907
:10DA600012E508740212123312246AE9640160029A
:10DA70007E01EEF9740F02E84474F7120CB5E9FE6A
:10DA800090197712E7E170317A0F7B00121B349006
:10DA9000197712EF9AF9EA4960257800790012DBCC
:10DAA000A274FEF0A30412E371A3A3E4F0A3F008B0
:10DAB000E870010912DB0B40E5EE70031223380217
:10DAC000E847F0AA18AB192274F7120CB58C828DB6
:10DAD0008312DDEC60307800790012DC07FEA3E0F1
:10DAE0003FFF8E82F583E06A7003A3E06B700D8CBC
:10DAF000828D83EEF0A3EFF07900800C08E87001CE
:10DB00000912DB0B40D479C802E847C39403E994B7
:10DB1000002274F7120CB574FE12125BECFEEDFFDE
:10DB20008C82F583E4F0A3F07508C8AC18AD191227
:10DB30002266E97010EEFCEFFD85188285198312CC
:10DB4000E7C4E9F508A90802DF4774F7120CB574B9
:10DB5000FE12125BECFEEDFFAC18AD19122266E965
:10DB6000703B90197712E7E160337800790012DB9F
:10DB7000A212DE07851882851983E06C7003A3E08A
:10DB80006D701012EF96740B1214A912EA8B12D951
:10DB9000C5800C08E870010912DB0B40D179C8027E
:10DBA000DF4712DBAA8A82F58322E8FAE9FBEA75ED
:10DBB000F005A4FAACF075F005EBA42CFB901977F6
:10DBC000E02AFAA3E03BFB2274F7120CB590197718
:10DBD00012E7E1602D7800790012DC07F508A3E078
:10DBE0003F850882F583E06A7003A3E06B70098CBF
:10DBF000828D8312D9C5800C08E870010912DB0BF5
:10DC000040D779C802E847E8FEE9FFEE75F005A4C1
:10DC1000FE85F00875F005EFA42508FF901977E060
:10DC20002E2274F0120CB574FC12125BEAFEEBFFAC
:10DC3000740212123B8A828B8312E07512228AE9E7
:10DC4000F50A7A187B00121B348A0C8B0DEA4B60A4
:10DC50003B7C187D007900121A86EE12DF1A780CD0
:10DC6000121195750E18750F00780E1211957C0023
:10DC70007D0012E06F12F1131211C385088285092D
:10DC800083E4F0A3F0AA0CAB0D121B3A8E828F83B3
:10DC900074FEF0A304F08E828F83A3A3A3A3E4F009
:10DCA000E50A600302DD7474021214A912E075EA39
:10DCB00075F005A4FEA8F075F005EBA428FF9019F7
:10DCC0007712E7E1603B901977E02EF508A3E03F7B
:10DCD000F50978081211957508057509007808127C
:10DCE0001195EA75F005A4A8F075F005EBA428FBE2
:10DCF000EE2402FCE43BFD7A4C7B0012F11312117E
:10DD0000C3A818A9198808890978081211957508F7
:10DD100002750900780812119512F9461211C3E92B
:10DD2000705212EE91E064FE7003A3E0F485188255
:10DD3000851983701512E7E16014851882851983AF
:10DD4000E024FFF0A3E034FF800312ECD8F0A81821
:10DD5000A9198808890978081211957508027509AA
:10DD60000078081211957C007D007A4C7B0012F13E
:10DD7000131211C374041211C37F08020F1374F736
:10DD8000120CB58A828B8312DDEC605B7C007D0017
:10DD9000ECF8EDF9E875F005A4F8AEF075F005E9DA
:10DDA000A42EF9901977E028FEA3E039FF8E82F5C2
:10DDB00083E064FE7003A3E0F4701F8A828B83EE1D
:10DDC000F0A3EFF0901977E028FAA3E0398A82F502
:10DDD00083A3A3A3A3E4F0F9800F0CEC70010DC39F
:10DDE0009403ED940040A979C802E847E4F0A3F059
:10DDF00090197712DDF84922E0F8A3E0F9E822FB58
:10DE0000122896E9640122E0FCA3E0FD2274F412DA
:10DE10000CB574DE12125BEAFEEBFF8A82F5831208
:10DE2000E7D174041214A912E508EA12DF1A8882F5
:10DE3000F58312E7D1740A1214A912E508740612C8
:10DE400014A97401F0750A3A750B00780A1211953D
:10DE5000741312122B880A890B780A1211957C11FF
:10DE60007D007A007B00122DC474041211C3E96096
:10DE70000D7C117D007900EC121233121A86741198
:10DE80001214A9E0C0E074071214A9D0E0F07412D3
:10DE90001214A9A882A98374081214A912E508749F
:10DEA0000D1214A97401F0122BE4EE2404F8E43FDF
:10DEB000F98882F583E06A7003A3E06B7011740E39
:10DEC0001214A9E4F0740F1214A9E4F0A3802C74C6
:10DED0000E1214A97401F0740F1214A9E518F0A31E
:10DEE000E51912E08185188285198312E1B8F8A33B
:10DEF000E0F974021214A9E8F0A3E9F07404121214
:10DF000033122938E9FE7C117D007900EC121233BE
:10DF1000121A86EEF9742202ECD02402F8E43F884B
:10DF200008F5092274F7120CB574FE12125BAC18D6
:10DF3000AD1912227EE9FE700C85188285198312B4
:10DF4000E075122290EEF9740202E84474F6120CA5
:10DF5000B574ED12125BEAFEEBFF122BE48A088B1C
:10DF6000098E828F83A3A3A3A312E075EE2402F887
:10DF7000E43FF9E5086A7003E5096B600302E00D10
:10DF80008882898312E07574011214A912E08A1242
:10DF900014A9E4F074041214A9E412E4FEFAA3E054
:10DFA000FB1224DC8B09A909EA4960308A828B8341
:10DFB000A3A3A3A3E06025C3940550208A828B838A
:10DFC000A3A3A3A3A3E0A2E3740550061214A9E43B
:10DFD00080051214A97401F074018029122BE48ABF
:10DFE000088B09A808A9098E828F83E0687003A3B3
:10DFF000E069707674011214A9E4F0A3F0740512BC
:10E0000014A9E4F0041212331225A2805D740612E2
:10E0100014A9EAF0A3EB12E08174081214A912E02B
:10E020007912123B12E377121195740212123B74AB
:10E030000D12123312E38C1211C3901DBEE0640165
:10E040007018851882851983E0700F740A1214A95C
:10E05000E4F0740612123312294A740A1214A974D5
:10E0600001F0740612123312294A741302E8638510
:10E07000088285098312EB5922E8F0A3E9F0740BBA
:10E0800022F08882898312E7D522EAF0A3EBF074AC
:10E090000322C082C0837900901D9EE0700279C87F
:10E0A00002E3F1C082C083901979E0640170071225
:10E0B00022AEE9F9800279C802E3F174F0120CB5DE
:10E0C00074F212125BEAFEEBFF750C00EA2402F513
:10E0D00008E43FF509EA2406F8E43F880AF50B88CE
:10E0E00082F583E070081222B4E9F50C7050A8188C
:10E0F000A919880E890F780E121195850882850955
:10E100008312DE078E828F8312E07512E7AD121143
:10E11000C38E828F83A3A3A3A3A3A3A3E0A2E250F1
:10E120001D850A82850B83E07014EEFAEFFB122244
:10E130009CE9F50C601512E06F12226C8004E50C6E
:10E140006009EEFAEFFB1222A880599018A412E79A
:10E15000E160518E828F8312E7D174021214A912EA
:10E16000E1B8F508A3E0F509750A007808121191E5
:10E170007C087D0074071214A9AA82AB8312F7E110
:10E180001211C38E828F83A3A3A3A312E7D1740CB1
:10E190001214A912E50874021212339018A412E1A5
:10E1A000AB120E2DA90C740E02DD7612E1AF22E047
:10E1B000F8A3E0F583888222E8F0A3E9F0850882DD
:10E1C000850983E02274F4120CB574EC12125BEA38
:10E1D000FEEBFF8A82F583A3A3A3A3A3A3E06003BE
:10E1E00002E275740112122B88088909780812114D
:10E1F00095740212123B8A828B83A3A312E07512DC
:10E20000E38C1211C3851882851983E0640170655F
:10E2100074111214A9E06402705B74FFF07413129D
:10E2200014A9E004540FF074051214A912F55F123A
:10E2300014A912F12012F547ACF075F009E9A42CED
:10E24000F9749628F8741939F98882F583A3A3A381
:10E25000A312F1208882898312F121780812119586
:10E2600075081375090078081211957C007D00125D
:10E27000F1131211C3EEFAEFFB1222BAE9F508709E
:10E28000078E828F8312E392A908741402ECD07473
:10E29000F6120CB574EF12125B74011214A9E4F0BB
:10E2A000A312E37112E7D174031214A912E7F074F8
:10E2B000051214A912E508EA2407F582E43BF58368
:10E2C000E0A2E7502EA2E650218A828B83A3A3A36B
:10E2D000A3A3A3E06401700974071214A974048055
:10E2E0003D74071214A97407803474071214A974BA
:10E2F00005802BA2E650208A828B83A3A3A3A3A32D
:10E30000A3E06401700874071214A9E48010740774
:10E310001214A97403800774071214A9740112E37C
:10E320007112E392740912123B12E3771211957481
:10E330000212123B740B12123312E38C1211C390AF
:10E340001DBEE064017017851882851983E0700E88
:10E3500074081214A9E4F004121233122944740848
:10E360001214A97401F0121233122944741102E834
:10E3700063F08A828B83227A007B0079AB12288437
:10E38000E4F508F509780822AA0AAB0B12293E74B5
:10E39000022212EB591224D61222D22274F7120C46
:10E3A000B5EAFEEBFF122962E96009EEFAEFFB1213
:10E3B00022C08007EEFAEFFB1222C6E9F902E84715
:10E3C000C082C083EA4B600D8A828B83A3A3A3A380
:10E3D000A3E0D2E3F0801AC082C0839018AEE0645C
:10E3E00005700C7A807B009018ABE0F9121AE68079
:10E3F00000D083D08202115774F7120CB51222722A
:10E40000122962E9600B9019797401F090197AE48D
:10E41000F012299212295C02E847C082C083901949
:10E420007AE4F0E990197960087401F090197A8023
:10E4300001E4F0790180BA74F4120CB574EB121295
:10E440005B7508001224D68A0A8B0BAE0AAF0BEA62
:10E450004F700302E4F77508019019D5E06401706C
:10E46000031222D274081214A9E4F08E828F83A3BF
:10E47000A312E7D174131214A912E508740812123A
:10E48000331224828E828F8312E7E612E07912140F
:10E49000A9A882A98374021214A912E508122BE418
:10E4A00074041214A912EF9A12E7B35460646070F6
:10E4B0000974061214A97401800674061214A9E4E2
:10E4C00012E4FEC0E074071214A9D0E012DAC212FE
:10E4D00022CCE9700A8E828F83E0C2E2F080187449
:10E4E0000B1214A9AA82AB8312226C740B1214A90A
:10E4F000AA82AB831224E8A908741502ECD0F08834
:10E50000828983E02212EA8FE8F0A3E9F0227408FE
:10E5100002E84474F6120CB574F112125BEAFEEBD9
:10E52000FF74021214A9E4F0EAFCEBFD7405121466
:10E53000A9AA82AB83121C2A122962E970287402EC
:10E5400012123312247CE96401601BA818A91988EF
:10E550000889097808121195EEFCEFFD7A007B001E
:10E5600012E7AD1211C3740F02E86374F2120CB516
:10E5700074D812125BEAFEEBFFEA2416F50AE43FB8
:10E58000F50BAA0AFB12237A901DC1E06401600515
:10E59000E06402701E780A1211957508087509006A
:10E5A00078081211957C087D007A117B0112F11315
:10E5B0001211C37C0879FFAA0AAB0B121B1CE9607D
:10E5C000069019797401F0AA0AAB0B1222F08E8220
:10E5D0008F83A3A3A3A3E0F8EE2406F508E43FF598
:10E5E00009740168600574066870727800E8FAEED4
:10E5F0002AF582E43FF583A3A3A3A3A3A3E07007B6
:10E6000008E8C3941040E67410687031901AA1E0D5
:10E610007045741812123B7A627B0012235C7900F9
:10E6200074181212331229B079001229B67C107DA9
:10E630000079007418121233121A86801A12E7B386
:10E64000F9AA08AB091229B0901AA1E070098E82CC
:10E650008F83E0F91229B61222D802E7A374046866
:10E66000600302E726740512122B880C890D780CC2
:10E67000121195740212123B12E3881211C38A0A16
:10E680008B0BAE0AAF0B851882851983E0700302ED
:10E69000E7A374151214A9E0700C74171214A9AA38
:10E6A00082AB8312292674151214A97401F0741612
:10E6B0001214A9E4F074091214A912F56D1214A928
:10E6C00012F12074171214A9E4F0740512122B88A9
:10E6D0000A890B780A121195750A13750B00780ACE
:10E6E00012119512F10B1211C378081211957C10BA
:10E6F0007D007A027B0112F1051211C3E9701E78C8
:10E700000812119575081075090078081211957C8A
:10E71000007D007A027B0112F1131211C37A037992
:10E720000112318A807D7403687078740312123B81
:10E73000AA0AAB0B122266E96029740312122B8815
:10E740000C890D780C121195AC0AAD0B7AFE7BFF8B
:10E7500012E7AD1211C37D007C007900AA0AAB0B51
:10E760001221EE740112123B74031214A912E7C4B1
:10E7700074011214A912E7E1701B74011212331212
:10E780002296E9701074031214A912E7D1740112D1
:10E7900014A912E505AC08AD09AA0AAB0B122314A3
:10E7A00012233274281211C37F06020F1312226043
:10E7B000740222EE2405F8E43FF9E8FEE9FF8882BE
:10E7C000F583E02212EB59122278228518828519EE
:10E7D0008312E7D522E0F8A3E0F922851882851993
:10E7E0008312DDF8492212E7D58518828519832224
:10E7F000E8F0A3E912E371A3A312E7D52274F7129C
:10E800000CB574F812125B8A828B83A3A312E7E122
:10E81000702DEA2404FEE43BFFAC18AD19EEFAEFCC
:10E8200012DDFF701A122BE474041214A912EF9A6D
:10E8300074021214A9EEF0A3EF12DAC21222A80297
:10E84000E50E740D1211C37F01020F13C082C08345
:10E850008A828B83A3A3A3A3E0F91229B61220A472
:10E8600002E3F11211C37F02020F1374EE120CB512
:10E8700074F012125B8A108B11890AECFEEDFFEC2A
:10E880004F700302E945EA4B700302E945A818A955
:10E8900019880889097808121195750810750900FA
:10E8A00078081211957C007D007A017B0112F94EE7
:10E8B0001211C3E50AF508851882851983E58225BA
:10E8C00008F50CE43583F50D750E00780C121191E6
:10E8D0007410C39508FC95E0FDEEFAEF12F7E01214
:10E8E00011C3A818A919880C890D780C121191ACC4
:10E8F0000A7D00C3E49508F895E0F9EE28F8EF39B1
:10E90000F9E82410FAE43912F7E01211C37C00ECA4
:10E91000FAE5102AF8E43511F9EE2AFAE43FFB880B
:10E92000828983E0FD8A828B83E06D12E4FEF88A9F
:10E93000828B83A3A3A3A3A3A3A3A3E068F00CECFF
:10E94000C3940840CA741002F53574F4120CB5EA89
:10E95000FEEBFF750800121A9E8A0A8B0BAA08EAC2
:10E960002AFAE433FBEE2AF582EF3BF583E50AF061
:10E97000A3E50BF00508E508C3940840D902ECD3E1
:10E9800074F1120CB574FC12125BECFEEDFF740214
:10E9900012122B8808890978081211957402121234
:10E9A0003B12228474021211C3E9F508600302EAE3
:10E9B0007F74021214A9E02401F8A3E03402F9855F
:10E9C000188285198312EA8BA3A312E50812EB744F
:10E9D000700302EA7F780A121195750C18750D0004
:10E9E000780C1211957C007D0074041214A912EBAE
:10E9F0004C12F94E1211C38E0C8F0D750E00780C4F
:10EA00001211917C107D00AA0AAB0B12F7E11211D2
:10EA1000C3E50A241412F119E50A241012F1197839
:10EA20000A121195750C18750D00780C1211957C51
:10EA3000007D0074041214A912EB4C12F113121190
:10EA4000C312EB5F85188285198312E1ABA3A31271
:10EA5000E7D1E875F009A4F8AAF075F009E9A42A4D
:10EA6000F9747B28F8741939F9E824F7F582E93448
:10EA7000ED12F11EE824FBF582E934ED12F11EA936
:10EA80000874041211C37F07020F1312EA8F22E0E9
:10EA9000FAA3E0F5838A822274F6120CB574F4129C
:10EAA000125BEAFEEBFF740412123B7A007B0079E2
:10EAB000AB122884122BDE8A088B09AC08AD0974CE
:10EAC00004121233121C24E9603B740412123BEE50
:10EAD000FAEFFB12245EE96015AC18AD197404124C
:10EAE000123312227EE9700D12EB09E070177900E3
:10EAF000740C02E863740212123B74041212331293
:10EB00002266E970E9790180E78518828519831208
:10EB1000EB53A3A32274F7120CB574FE12125BEC34
:10EB2000FEEDFFAC18AD1912227EE9F970138518BD
:10EB30008285198312EB4C8E828F83EAF0A3EB80DF
:10EB4000078E828F83E4F0A3F002DF4712EB5312AB
:10EB5000EB592212E1AFA3A322E0FAA3E0FB227C4F
:10EB6000187D007900AA0AAB0B121A86AA0AAB0B11
:10EB7000121B3A227A187B00121B348A0A8B0BEA8A
:10EB80004B2274F6120CB58A828B8312E7E170294E
:10EB90008A828B83A3A3E0F8740168600574066819
:10EBA00070138A828B83A3A3A3A3A3A312E075127D
:10EBB00024DC1222D279018002790002E86674F620
:10EBC000120CB574FE12125BE4F508F50978081210
:10EBD00011957C117D007A4C7B0012F1051211C356
:10EBE000E9FE74096E701F12EF811211957508020B
:10EBF00075090078081211957C007D007A4C7B0025
:10EC000012F1131211C37508B87509197808121199
:10EC1000957C087D007A717B0012F1051211C3E921
:10EC20004EF9740202E86374F4120CB574FE121209
:10EC30005B85188285198312DDEC606C7E007F0095
:10EC40008E088F09E50875F005A4F508A8F075F0A1
:10EC500005E509A428F509901977E02508F50AA328
:10EC6000E03509F50B780A121195750A05750B0048
:10EC7000780A12119512EF5D1211C3901977E025F1
:10EC800008F8A3E035098882F583E064FE7003A3E9
:10EC9000E0F4600A85188285198312ECD8F00EEE34
:10ECA00070010F12EF564098A818A9198808890911
:10ECB00078081211957508027509007808121195E7
:10ECC0007C007D007A4C7B0012F1131211C3740298
:10ECD0001211C37F04020F13E02401F0A3E03400FB
:10ECE0002274EE120CB574FE12125BA818A91988D2
:10ECF00008890978081211957508027509007808C5
:10ED000012119512F9461211C3E9600302EE611265
:10ED1000E7DB700302EE61851882851983C3E094F6
:10ED200004A3E09400400302EE617A187B00121BFA
:10ED3000348A108B11750800EA2410F50AE43511A5
:10ED4000F50BE50875F005A4FEAFF0901977E02EFD
:10ED5000F50CA3E03FF50D780C121195750C0575B7
:10ED60000D00780C121195EFF9EE2402FCE439FD48
:10ED700012F94A1211C3E9600302EE48901977E0D4
:10ED80002EF8A3E03FF9E8FAE98882F583E064FE13
:10ED90007003A3E0F4700302EE48E5104511700320
:10EDA00002EE487810121195750C18780C12119516
:10EDB0007C007D008A828983A3A312EE881211C38E
:10EDC000908722780C121452850A82850B83780C66
:10EDD00012133B12EE91A3A3E0FEA3E0FFEE75F049
:10EDE00009A4F8AAF075F009EFA42AF9747B28FCAD
:10EDF000741939FD850A82850B8312147AEC24F785
:10EE0000F582ED34EDF58312146EE5102414F582CD
:10EE1000E43511F58312147AEC24FBF582ED34ED20
:10EE2000F58312146E7810121195750C18750D007B
:10EE3000780C12119512F10B1211C37C187D007918
:10EE400000AA10AB11121A860508E508C3940350F6
:10EE50000302ED42E51045116007AA10AB11121B29
:10EE60003A7508B87509197808121195750808756A
:10EE7000090078081211957C007D007A7112F94C16
:10EE80001211C3740202F53512EB59121BBE740441
:10EE900022901977E02EF8A3E03F8882F583227450
:10EEA000F4120CB574F912125B12EF811211957500
:10EEB000080275090078081211957C007D007A4CD3
:10EEC0007B0012F1131211C37C057D0079007402DE
:10EED000121233121A867E007F00740212122B88DF
:10EEE00008890978081211957508057509007808D0
:10EEF00012119512EF5D1211C30EEE70010F12EF99
:10EF00005640D77A187B00121B348A088B09EA4BCB
:10EF1000603F7C187D007900121A867E007F0078A1
:10EF200008121195750A18750B00780A1211957C54
:10EF3000007D00EE2401FAEF340212F1121211C327
:10EF40000EEE70010F12EF5640D5AA08AB09121B46
:10EF50003A740702ECD0C39403EF940022EEF8EF6A
:10EF6000F9E875F005A4F8AAF075F005E9A42AF906
:10EF7000E82402FCE439FD7A4C7B00121BB87404CF
:10EF800022851882851983E4F0A3F0A818A91988AE
:10EF90000889097808228E828F83EAF0A3EBF02299
:10EFA00074EC120CB574ED12125B89107C137D00A9
:10EFB0007900AA18AB19121A8674101214A974FFDA
:10EFC000F07E007F00EE2411F508EF3401F509A86A
:10EFD00018A919880A890B780A1211957C137D00EB
:10EFE000AA08AB0912F1051211C3E9600302F0DBB4
:10EFF000EEF8EFF9E875F009A4F8AAF075F009E960
:10F0000012FA302404F512E4350BF513E510A818B4
:10F01000A919880C890D780C6034121195750C13A0
:10F02000750D00780C1211957C007D00AA08AB09C3
:10F0300012F1131211C3850A82850B8312F1208508
:10F040001282851383F0A3F0A3F0A302F0DA121169
:10F0500095750C13750D00780C1211957C007D00D0
:10F06000AA08AB0912F94E1211C39086F6780C1259
:10F070001452851882851983780C12133BA818A99D
:10F0800019880C890D780C121195750C13750D00EB
:10F09000780C1211957C007D00AA08AB0912F113BF
:10F0A0001211C385188285198312147A850A828504
:10F0B0000B8312146E74041214A912147A8512822E
:10F0C00085138312146E7C137D007900AA18AB1986
:10F0D000121A8674101214A974FFF00EEE70010F4C
:10F0E00012EF56500302EFC5E51060077A007B006F
:10F0F00012292674131211C37F0C020F137C0C7D8E
:10F1000000EEFAEFFB121BAC7402227C007D00EED5
:10F11000FAEFFB121BB8740422F582E4350BF58379
:10F12000E412F5652274EE120CB574E412125B8AD7
:10F130000C8B0DECFEEDFF7508A1851882851983F7
:10F14000E4F0EC2406F50AE43FF50BAA0AFB1224CE
:10F1500052E9700BAC0AAD0BAA0CAB0D12289074DF
:10F160000912122B880C890D780C12119574021259
:10F17000123B12E3881211C38A0A8B0BA80AA90B4F
:10F18000901DC1E064016005E06402703D85188255
:10F19000851983E070347C087D00790074011212B7
:10F1A00033121A86740912122B880A890B780A12F4
:10F1B0001195740212123B740312123312E38C1273
:10F1C00011C38A0A8B0BA80AA90BEE240FF50AE4D7
:10F1D0003FF50B851882851983E0700302F2ED7507
:10F1E0000800EE2420FAE43FFB74191214A9E06031
:10F1F0004714600E14606E2405606A24FE601602D7
:10F20000F309901DC1E06401700302F2BDE06402E5
:10F21000700B02F2BD901DC1E064016005E0640264
:10F2200070078A828B837401F0850A82850B837450
:10F2300003F0A3740102F2C8741B1214A912F5564C
:10F24000850A82850B8312E5089019B1E08A828BCA
:10F2500083F09019B1E0C0E0EE2421F582E43FF59F
:10F2600083D0E08063E875F009A4F8AAF075F0098E
:10F27000E9A42AF9740128F510741039F51112F572
:10F280003D780C121452851082851183780C12116E
:10F290003250559086C6780C121315851082851150
:10F2A00083E50CF0A3E50DF0A3E50EF0A3E50FF068
:10F2B000901DC1E064016005E06402700E850A8261
:10F2C000850B837402F0A314F0803E74111214A90C
:10F2D000A982AA83890C8A0D750E00780C121191EF
:10F2E00012F7D61211C380217508A2801C901DC18F
:10F2F000E070161231C6E97010850A82850B83749E
:10F3000003F0A37401F0750800A908741C02F53518
:10F3100074EE120CB574DF12125BECFEEDFF750893
:10F32000A174141214A9E4F074151214A912EF9A1E
:10F33000EC2406F50CE43FF50DAA0CFB122452E96F
:10F34000700302F51C740112122B880889097808D1
:10F35000121195740212123BAA0CAB0D12E38C121F
:10F3600011C38A0A8B0BEE240FF508E43FF50974EC
:10F37000FF6A700374FF6B700302F50A12F547AA67
:10F38000F075F009E9A42AF9749628F51074193972
:10F39000F511851882851983E0607774111214A91C
:10F3A000E0602114600E1460302405601424FE60B7
:10F3B0001002F49A901DC1E06401602AE0640260CA
:10F3C0002502F48D74131214A912F556850882854E
:10F3D0000983E8F0A3E902F499901DC1E06401609B
:10F3E00005E06402700E8508828509837402F0A32B
:10F3F0001402F49974091214A9A982AA8389088AAB
:10F4000009750A00780812119112F7D61211C30279
:10F41000F49A750E00780C1211917C087D00740C22
:10F420001214A9AA82AB8312F7E11211C37411124C
:10F4300014A974FFF074121214A97401F0121A9E28
:10F44000EA540FC0E074131214A9D0E0F074011252
:10F4500014A912F56D1214A912F55F12122B880C63
:10F46000890D780C121195750C13750D00780C121E
:10F4700011957C007D00AA0AAB0B12F1131211C387
:10F480007C097D007900AA10AB11121A86850882CA
:10F490008509837403F0A37401F0EE240EF582E471
:10F4A0003FF583E4F085108285118312147A12F5FA
:10F4B0003D12146E9086C67808121452851082850B
:10F4C0001183780812133B85108285118378081206
:10F4D000145290872A780C1214527808790C120C66
:10F4E00046E50C450D450E450F702C8510828511A3
:10F4F00083A3A3A3A3A3A3A3A37401F07A007B0413
:10F500009018ABE0F9121AE6800D85088285098310
:10F510007403F0A37401F0750800801574141212BE
:10F5200033122476E9640170087414121233122421
:10F530006AA90874211211C37F0A020F13EE241264
:10F54000F582E43FF58322EA24EFF8EB34FEF9E894
:10F5500075F009A4F822E02404F8E43401F9221239
:10F56000F5640422E4F0A3F0A3F0A3F02212F56402
:10F5700074052274F4120CB574CE12125B8908C2A1
:10F58000007C0C7D007900AA18AB19121A86122390
:10F5900092E9F8A2E75002D2007509008039EE2402
:10F5A00075FE50010FA818A919880A890B780A124C
:10F5B000119512F0FD1211C3E9701AA200501678CD
:10F5C0000A121195750A0C750B00780A1211951222
:10F5D000F10B1211C30509AE097F00903A94E49330
:10F5E000F8EEC39840B87C087D0079FF74041214CB
:10F5F000A9AA82AB83121A86EE2474FE50010FA8CA
:10F6000018A919880A890B780A12119512F0FD12AF
:10F6100011C3E9701AA2005016780A121195750AE2
:10F620000C750B00780A12119512F10B1211C37CA4
:10F63000157D007900741D121233121A86741D1282
:10F64000122B880A890B780A1211957C157D007A95
:10F65000827B0012F1051211C3E970247401650860
:10F66000701E780A121195750A15750B00780A122A
:10F6700011957C007D007A827B0012F1131211C378
:10F680007C117D007900740C121233121A86740CEE
:10F6900012122B880A890B780A1211957C117D00B1
:10F6A0007A3A7B0012F1051211C3E97024740165E6
:10F6B00008701E780A121195750A11750B00780AE8
:10F6C0001211957C007D007A3A7B0012F113121121
:10F6D000C3740C12122B880A890B780A1211957CBC
:10F6E000117D007A3B7B0012F1051211C3E97024F1
:10F6F00074016508701E780A121195750A11750B50
:10F7000000780A1211957C007D007A3B7B0012F193
:10F71000131211C3743202ECD074F1120CB58C08C0
:10F720008D09743A6A7001EB6006743B6A4B701580
:10F73000780812119575081075090078081211954E
:10F740007C0102F7C774036A700374016B7008755B
:10F750000CAF750D39801974686A4B702D901DC1FE
:10F76000E064016005E064027067750CCF750D39C7
:10F77000750E80780C1211917C107D00AA08AB09DF
:10F7800012F7E11211C37900804974026A700374A0
:10F79000016B602174626A4B601BEA24FCF8EB3455
:10F7A000FEF9E849600FEA24FFF8EB34FDF9C3E8FD
:10F7B00012DB0C501C7808121195750810750900A1
:10F7C00078081211957C007D0012F94E1211C38049
:10F7D00002790A02EA867C087D00EE2418FAE43FEA
:10F7E000FB121A7474032274F4120CB574E812122A
:10F7F0005B89097C187D007900AA18AB19121A865A
:10F80000750800E5082401FEE43402FFA818A919D0
:10F81000880A890B780A1211957C1812F0FF1211D0
:10F82000C3E9701C740165097016780A1211957588
:10F830000A18750B00780A12119512F10B1211C3F8
:10F840000508EEC3940340BB741802ECD074F712A1
:10F850000CB5E9FE122356EEF9122362EEF91223DB
:10F860004402E84774EE120CB57A1812FA247003B9
:10F8700002F943750800750900E50875F009A4F858
:10F88000AAF075F009E509A42AF9747B28F50A7431
:10F890001939F50BE50A12FA12707BE5082401FE0E
:10F8A000E5093402FF780E121195751018751100D4
:10F8B00078101211957C007D00EEFAEFFB12F94EE4
:10F8C0001211C3E97050850A82850B8312147AE500
:10F8D0000E2410F582E4350FF58312146E850A822A
:10F8E000850B83A3A3A3A312147AE50E2414F58237
:10F8F000E4350FF58312146E780E121195750A18FF
:10F90000750B00780A12119512F10B1211C3850CB8
:10F9100082850D83E4F00508E50870020509C394AB
:10F9200003E5099400A2D265D033500302F8797C34
:10F93000187D007900AA0EAB0F121A86AA0EAB0F23
:10F94000121B3A02F5387C007D007A4C7B00121BBA
:10F95000BE74042274EE120CB57A1312FA247003EA
:10F9600002FA0F750800750900E50875F009A4F89A
:10F97000AAF075F009E50912FA3012FA127075E56D
:10F98000082411FEE5093401FF780E121195751057
:10F990001375110078101211957C007D00EEFAEFBE
:10F9A000FB12F94E1211C3E9704A850A82850B8356
:10F9B00012147A850E82850F8312146E850A828551
:10F9C0000B83A3A3A3A312147A850E82850F83A3AE
:10F9D000A3A3A312146E780E121195750A13750B5A
:10F9E00000780A12119512F10B1211C3850C828551
:10F9F0000D83E4F00508E50870020509C39403E5EA
:10FA0000099400500302F969AA0EAB0F121B3A02C7
:10FA1000F5382408F50CE4350BF50D850C82F583DB
:10FA2000E06401227B00121B348A0E8B0FEA4B220A
:10FA3000A42AF9749628F50A741939F50BE50A22F7
:10FA400074F6120CB574F812125B908627AC18ADE0
:10FA50001974081210D3EA4B6006EAFEEBFF800C23
:10FA6000A818A91988088909AE08AF09EEFCEFFDAE
:10FA70007A007B0079AB12288AEEFCEFFD7AB87B26
:10FA800019121C2A7508B87509197808121195758C
:10FA9000080875090078081211957C007D007A71BC
:10FAA0007B0012F1131211C3740802E86374F6129A
:10FAB0000CB574DA12125B7C157D0079007411129A
:10FAC0001233121A86741112122B880889097808C9
:10FAD00012119575081575090078081211957C00AA
:10FAE0007D007A827B0012F1131211C37C117D001C
:10FAF0007900AA18AB19121A86A818A919880889BA
:10FB00000978081211957508117509007808121105
:10FB1000957C007D007A3A7B0012F1131211C3A884
:10FB200018A919880889097808121195750811759E
:10FB3000090078081211957C007D007A3B7B001249
:10FB4000F1131211C3742602E86374EA120CB5743F
:10FB5000FC12125B851882851983EAF0A3EB12FF71
:10FB60005C12FEF3E0F50AF8748D28F582E434396E
:10FB7000F583E493F50874021214A9E508F0A3E4F0
:10FB8000F074021214A9E0700302FEA6740D6870EE
:10FB900046740212123379531218A074021214A977
:10FBA000E064FE7003A3E0F4700302FDED74021242
:10FBB00014A9E0F47003A3E0F4700302FDED12FE5B
:10FBC000FBA3A3E0700302FDED851882851983E095
:10FBD000FEA3E0FF02FD7E7405687015851882851E
:10FBE0001983E0F812FF0979002421F8502D0980CB
:10FBF0002A740768703112FEFBE0700F7402121451
:10FC0000A9E0241BF0A3E03400801B85188285192D
:10FC10008312FF0975F021A4F8A9F074021214A947
:10FC2000E028F0A3E039F074021214A912FF247046
:10FC300035740C650A600302FEA612FF37700302DA
:10FC4000FEA6A2AFE433F50BC2AF12303474021239
:10FC500014A912FF247009E50BA2E092AF02FEA6E0
:10FC6000E50BA2E092AF851882851983E0F50CA31D
:10FC7000E0F50D750E00780C121191AC087D00EEC8
:10FC8000FAEFFB12FED21211C3EE2409F510E43F85
:10FC9000F511EE2408F514E43FF5157405650A70B6
:10FCA0006F12FEC4EE2403F512E43FF513851282B1
:10FCB000F58312FEE21211917C217D0012FECE121C
:10FCC00011C3851282851383E508F0A3E509F08549
:10FCD000108285118312FEE212119185148285151E
:10FCE00083E0FC7D00E5082421FAE43509FB12FEDF
:10FCF000D21211C3851282851383E02421F8A3E078
:10FD00003400F9851082851183E8F0A3E9F0806E54
:10FD10007407650A70689019DE12FF16606090190A
:10FD2000DEE0F512A3E0F5139019DEE4F0A3F0880D
:10FD30000C890D12FEC48E828F83A3A3E0851082EE
:10FD40008511837012E508F0A3E509F0780C121113
:10FD5000917C1B7D00801AE508F0A3E509F0780C82
:10FD6000121191851482851583E075F021A4FCADF4
:10FD7000F012FECE1211C3AA12AB13121B3A901945
:10FD8000E112FF166010EEFAEFFB12FEF5120E2DD7
:10FD9000E9600302FE92740D650A600302FE4A12D6
:10FDA000FF1D8882F583E0FA1313543F540FF9A323
:10FDB000E0F874035AC39402501D901A75E06970FC
:10FDC0001674C058701112FF51C8241BF582E43814
:10FDD000F583E06402601D740369701112FEEC7417
:10FDE0000112FF5CFAA3E012FED802FEA6AA18AB2D
:10FDF0001902FEA3EE2413F8E43FF9E8241CFAE408
:10FE000039FBE8241DF582E439F583E0F912240476
:10FE100012FF51C8241CF582E438F583E0F4700326
:10FE2000A3E0F4706312FF1DC82406F582E438F5E0
:10FE300083E0C394024051EEFAEFFB122B96E96087
:10FE400065AA18AB19123034805C740C650A7060B6
:10FE500012FEECA3E0641A602F8E828F83A3A3A30B
:10FE600012FF166023E8240EF582E439F583E0A240
:10FE7000E05015EE240CFAE43FFBEE240DF582E48D
:10FE80003FF583E0F9122404EEFAEFFB901AD21248
:10FE9000FEDC740C650A60067411650A700812FFB6
:10FEA00037600312303474041211C37F0E020F1333
:10FEB0007411650A70D28E828F83E4F0EEFAEF122D
:10FEC000FED880DAEE240BF508E43FF50922AA08F3
:10FED000AB09121A74740322FB901A4FE0F9121A3C
:10FEE000B022E0F50CA3E0F50D780C228518828590
:10FEF0001983E0F8A3E0F58388822212FEFF221224
:10FF0000FF51F5838882A3A322A3E0C82408F582C9
:10FF1000E438F583E02212FF57F9E8492212FEFF88
:10FF200012FF5722E0FAA3E0FB121AA48A0C8B0DF1
:10FF3000AE0CAF0DEA4F22851882851983E02403A9
:10FF4000FAA3E03400FB8A82F58312FF57F9E849EF
:10FF500022851882851983E0F8A3E022F0851882B3
:10FF6000851983E022C082C083122B78D083D0828F
:10FF7000021157790002115774F6120CB5E9FEEA26
:10FF8000FCEBFD9019E0E060518A828B83E0F87908
:10FF900000EEC3943250047E328008EEC3946F406A
:10FFA000027E6E9019E0E06401701FEE24CEF50829
:10FFB000E434FFF509E88508F0A4C8AAF08509F043
:10FFC000A42AF97A3C7B00120B6DC3E9940140042A
:10FFD00074FF8001E88C828D83F07F02020F13C0D2
:10FFE00082C0838A828B838001A3E070FCE582C398
:10FFF0009AFAE5839BFBD083D082021157FFFFFF63
:020000040004F6
:10800000C082C083E99017CEF00283F174EE120CA7
:10801000B574B612125B8A088B09EB5480604E80EF
:108020000EEEFAEFFB121CA8EEFAEFFB121AAA9062
:1080300017CEE0F9121ABC8A0A8B0BAE0AAF0BEE10
:108040004F60208E828F83E0641A60D5EEFAEFFBDA
:10805000121C4EE9F974FF6960CEEEFAEFFB121ABA
:10806000B080CCAA08E5096480FB028238EA54207B
:108070007003028234121E288A0A8B0BEA4B7003AB
:10808000028234EA240DF582E4350BF58312A361F4
:10809000EE24021292E212ACD8E05407F8901A646F
:1080A000E0F50F8E828F83E0901A64F0901A7812B8
:1080B00087917029850882850983E0240212824213
:1080C000121191129D631211C3851882851983E4E0
:1080D000F0780C1211917C047D00EC8044740268ED
:1080E000704C850882850983E024081282421211AF
:1080F000917C027D007A787B1A121A7A740312112D
:10810000C385188285198374021293492402F50CE1
:10811000A3E03400F50D780C1211917C087D0074F9
:10812000041214A9AA82AB83129D6B1211C3E4F549
:108130000CF50D780C121195740B12123B7402128F
:1081400012331215D674021211C3740A1214A9E064
:10815000A2E55022901A78E4F0A3F074141214A946
:10816000A982AA83890C8A0D750E00780C121191D0
:10817000129D631211C39019FBE0F50C8E828F8360
:10818000E09019FBF074481214A9E0F874FF6860DD
:1081900005E8901CA5F0123142E9F98508828509AD
:1081A00083120FE08E828F83A3E0F50875090078B3
:1081B00008121195E9F5087808121199E4F5087884
:1081C0000812119575080178081211997508007840
:1081D000081211997508017808121199750800782C
:1081E000081211997C217D00AA0AAB0B79F2128D3D
:1081F0005D1211C3901CA5741EF0E50C9019FBF0E4
:10820000E50F901A64F0901A78E510F0A3E511F0EC
:10821000121E2E121E34121E28EA4B601790876A17
:10822000120FDC7A207B009017CEE0F9121BF47459
:10823000041211C37A007B00744A1211C37F0A0230
:108240000F13F50CA3E03400F50D750E00780C2229
:1082500074F7120CB57AFF0294CC74F7120CB502C5
:1082600094CC74F6120CB5E9FEEAFF7A041282E2AD
:108270006038EF8A828B83A3A3A3F0EE8A828B837C
:10828000A3A31282F2E4F0A3F09017DD12965B70C4
:10829000099017DDEAF0A3EB8042E0F98882898338
:1082A000A3A3A3E06F7007121B3A79008031E8FCAA
:1082B000E9FD8882898312965B70E174FF6F700C10
:1082C0008C828D831282EAE4F0A380109017DD1275
:1082D000A5F79017DD1282EAE8F0A3E9F079010230
:1082E000967B7B00121B34EA4B22EAF0A3EB12824E
:1082F000F222F08A828B8322C082C083EA12ACB35E
:108300003BF583E0FA9017DD80048882898312961A
:108310005B601C88828983A3A3A3E0FBEA6B6005F2
:1083200074FF6B70E588828983A3A3E0F9800279EA
:10833000FF0283F174F4120CB5EAFEEBFF8A82F5BA
:108340008312A846121C4EE9F50874FF69700302F7
:1083500083D67A197B00121AA4EA4B60798A828B41
:10836000837434129436A3EA2402FCE43BFD7406C1
:108370001210D38E828F83128C7712A97A8A828B05
:1083800083A3A3A3A3A3A3A3A31283DBA3A3A3A356
:10839000A3A3EA240AFCE43BFD740C1210D38E82E2
:1083A0008F8312A852C0E0EA2416F582E43BF583DD
:1083B000D0E0F0EE240CF8E43FF98882F58312A9AE
:1083C0007EEA2417F582E43BF5831283DBE4F0A315
:1083D000F0A908121AB079010284DCECF0A3EDF0E8
:1083E0008882898322C082C0839017DB12A84680CE
:1083F00000D083D08202115774F4120CB58A088B16
:1084000009ECFEEDFF7A0812845170047910803473
:108410001284C3128525740C1214A91289ACA3A36B
:10842000A3A312B33D9017D31289949017D3601170
:108430001285138003EAFCEB12898F70F88C828D11
:10844000831284BB0284DC89088A09ECFEEDFF7A82
:10845000067B00121B348A0A8B0BA80AA90BEA4977
:108460002274F4120CB589088A09ECFEEDFF7A0A31
:1084700012845170047910803A1284C38A828B83EB
:10848000A3A3A3E4F0A31284B5E5091284B5A3EE77
:10849000F0A3EFF09017D71289949017D7601112BC
:1084A00085138003EAFCEB12898F70F88C828D8330
:1084B0001284BB80271294BDA3A322E8F0A3E9F0A5
:1084C0007900221284C7228A828B83E4F0A3F08A87
:1084D000828B83A3A3E508F0221211C37F04020F4D
:1084E0001374F4120CB512844770047910802212B0
:1084F00085189017D91289949017D9601112851395
:108500008003EAFCEB12898F70F88C828D831284D1
:10851000BB80C9E0FCA3E0221284C78A828B83A3BC
:10852000A312852522A3E5091294C2EEF0A3EFF071
:108530002274F2120CB5EAFEEBFF8C088D09121CB6
:10854000C08B0DA90DEA4960198A828B83A3A3A36E
:10855000EEF0A3EF1294B9E508F0A3E509F0790075
:1085600080027901029DE174F4120CB574F71212C5
:108570005BE9FE8518828519837401F0EC7006EDC5
:10858000C39406404D74036A4B6047740112122B6A
:10859000880A890B780A1211957C127D007A007B7B
:1085A00000EE1285DD1211C3E9601CE4F50AF50B3B
:1085B000780A121195740312123B740212123312CC
:1085C0001D0874021211C3851882851983E06401A5
:1085D000700479018002790074090284D9F9121CAF
:1085E000C674022274E8120CB574FA12125B891276
:1085F0008A168B178C088D091232808A148B15EA23
:108600004B70057902028780AA08AB09A912121CD7
:10861000DEE9F50FA2E6401C9017DB12965B6014B2
:10862000E82419F582E439F583E064017006E50F6A
:10863000D2E6F50F7C067D007900AA18AB19121A54
:1086400086741F1214A91287856009E054FCF0E0BB
:1086500044018003E054FC128EA4A3129659602BAF
:10866000741E1214A9E0FE88828983A3120FE0EE23
:10867000FD74021214A9E05403FCAA08AB09A91264
:10868000121C7874021211C3E97005790102878007
:1086900074221214A912965B6012851882851983C0
:1086A000E04404F074021214A91298A17420121468
:1086B000A91287856005E044088003E054F7F07450
:1086C000211214A91287856005E044108003E0544C
:1086D000EFF074241214A9E0C0E074041214A9D0BD
:1086E000E0F074051214A9EEF0780385188285195C
:1086F00083E054046002780574251214A91287914E
:108700002510FEE43511FFEEFAEFFB121B348A0A46
:108710008B0BEA4B6066AC0AAD0BAA18AB19121CA6
:10872000B474271214A9129D71121191AC10AD11DD
:10873000129D6B1211C3901CA5E0F50C780C121160
:1087400099750CFB750D19780C121195780A121198
:10875000958E0C8F0D780C1211957808121195A931
:108760000FAC14AD15AA16AB1712328C7409121186
:10877000C3E9FEAA0AAB0B121B3A80027E10EEF987
:10878000740602AC9812878922E0851882851983C5
:1087900022E0F510A3E0F511E822EEF902A987F531
:1087A0000FAA0EFB121B348A088B09EA4B2274EACB
:1087B000120CB574FE12125B890B8A148B158C0E89
:1087C0008D0F7E007F00750A0074181214A912A97B
:1087D0006A801112897B121D148B09EE2AFEEF3577
:1087E00009FF050A12AE6A503AE50A75F006A4F8C8
:1087F000A9F0E51028F582E5111289A3EE2403FE05
:10880000E43FFFA3A3E070DA0EEE70010F888289C7
:1088100083A3A3A3A31289948882898360B5128954
:108820008680B6EEFAEFFB121B348A088B098A0C9D
:108830008B0DEA4B700302895A750A008036A8181E
:10884000A9198812891378121211957808121195B6
:108850008A828B8312897B121D1A74041211C385BC
:10886000188285198312A5F7E50828F508E5093966
:10887000F509050A12AE6A507DE50A75F006A4F8FE
:10888000A9F0E51028F582E51112A5DC1289728A9B
:10889000828B83A3128965F01294A1128965A3F0DB
:1088A000E5082403F5085002050988828983E070F1
:1088B000C1EA240308E43BF98882F583128972A394
:1088C0008582088583098A828B83A3A3A3A312854B
:1088D000138C82F583E5824583700302883EAC08E1
:1088E000AD09AA82AB8388828983E0F9121CF68ADB
:1088F000088B09028872780C1211958E088F0978FE
:108900000812119574201214A9129318121199E4E7
:10891000F508F509780812119574221214A912931A
:108920001812119974221214A91293181211997520
:10893000080078081211997508017808121199AC8D
:108940000EAD0FAA14AB15A90B128D5D1211C3E960
:10895000FEAA0CAB0D121B3A80027E10EEF97402D7
:108960001211C3803912896922E085088285098342
:10897000A322E0850882850983F02212ADA3AA0E06
:10898000AB0FA90B22A3A3A3A3E0F9121D0222FDA2
:108990008C828D8312B2F4EA4B22AA12AB137F0EA3
:1089A000020F1339F583A3A882A983221289B0226A
:1089B000E0FAA3E0FB888289832274EC120CB5896B
:1089C0000A8A108B11ECFEEDFF74141214A9128A9E
:1089D0009575F003A4F50EE5F012879F7003028AE7
:1089E00090A808A9097C008035EC75F003A4FAABC7
:1089F000F0E50C2AFAE50D3BFB8A82F583A3128C85
:108A000071F0EA2402FA50010BF5828B83128C710B
:108A1000A3128AA0A3F0E82403F85001090C850CE6
:108A200082850D83E0FAECC39A40BE74016A700A35
:108A3000A3E07006750E01750F0078081211957885
:108A40000E121195741C1214A9128A9A121199E42B
:108A5000F50CF50D780C121195741E1214A9128ADA
:108A60009A121199741E1214A9128A9A12119975E8
:108A70000B00780B121199750B04780B12119912D7
:108A80008D531211C3E9FEAA08AB09121B3A8002EA
:108A90007E1002879A128E97E022E0F50B780B2267
:108AA0001282F2A3128AA822E088828983A3227408
:108AB000F6120CB574FE12125BE9FE740C1214A9C6
:108AC000128B2EC0E074011214A9D0E0F0A818A9EE
:108AD0001988088909780812119575080275090026
:108AE000780812119574161214A91293181211997C
:108AF00074151214A9120FE074161214A912931807
:108B000012119974161214A912931812119975085A
:108B100000780812119975080B7808121199EEF96E
:108B2000128D5D1211C374021211C302967B128C56
:108B30007B128789F088828983A3E02274EA120C71
:108B4000B589138A108B11ECFEEDFF74161214A96F
:108B500012B0A1E50A2402F50CE4350BF50D850CE5
:108B600082F583E004751200F50E750F00FAAB0F65
:108B70001287A47003028C69850A82850B83128D8B
:108B80006C8020EAFC850A82850B83A3A3A3E02CDA
:108B9000FBA3E034008B82F583128C71F0A3A882D2
:108BA000A9830A850C82850D83E0FBEAC39B40D331
:108BB000850A82850B83A3E0F874181214A9E0F9E2
:108BC00074191214A9E0FA741A1214A9E0FB7411B2
:108BD0006870397808121195780E121195EBF50A24
:108BE000780A121199E4F50AF50B780A121195EA40
:108BF000F50A780A121199E9F50A780A121199759D
:108C00000A00780A121199750A12803C7413687070
:108C10004F7808121195780E121195EBF50A780A23
:108C2000121199E4F50AF50B780A121195EAF50A82
:108C3000780A121199E9F50A780A121199750A0051
:108C4000780A121199750A14780A121199EEFCEF3C
:108C5000FDAA10AB11A913128D5D1211C3E9F51213
:108C6000AA08AB09121B3A8003751210A9120289D7
:108C70009EE08882898322128C7B22129E7DF98855
:108C800082F5832274E8120CB589108A128B13ECDA
:108C9000FEEDFF74181214A9128E8B75F003A4A9AF
:108CA000F02401F50EE43912879F7003028D4C8584
:108CB0000C82850D83128D6C8025EA75F003A4FC6F
:108CC000ADF0E50C2CFCE50D3D128E77128D788C05
:108CD000828D83A3A3A3A3128D63F85001090A8593
:108CE0000A82850B83E0FBEAC39B40CE7808121111
:108CF00095780E12119574201214A912AD56121106
:108D000099E4F50AF50B780A12119574221214A948
:108D100012AD5612119974221214A912AD561211E5
:108D200099750A00780A121199750A0D780A1211BC
:108D300099EEFCEFFDAA12AB13A910128D5D121172
:108D4000C3E9FEAA08AB09121B3A80027E10EEF9B5
:108D500002AC9BEEFCEFFDAA10AB11A90A121C7E1F
:108D6000740B22128AA8A3F0E824032212A1DDF0DA
:108D7000A3A882A9837A0022E088828983128EA820
:108D8000128AA8F02274E8120CB589128A108B118D
:108D9000ECFEEDFF74181214A9128E8BF5087509FC
:108DA0000074027808121387E5082401F50EE435F3
:108DB0000912879F7003028E72850C82850D8312C3
:108DC0009A2DA3AA82AB837900803AE9F514751530
:108DD0000074027814121387E50C2514FCE50D3598
:108DE00015128E77128E87128EA4128E87128EB174
:108DF00012A1D4128EB1A312A1D4A3A3F0EA240429
:108E0000FA50010B09850A82850B83E0F8E9C398C3
:108E100040B97808121195780E1211957420121429
:108E2000A912AD56121199E4F50AF50B780A121140
:108E30009574221214A912AD5612119974221214AB
:108E4000A912AD56121199750A00780A1211997576
:108E50000A16780A121199EEFCEFFDAA10AB11A9BF
:108E600012128D5D1211C3E9FEAA08AB09121B3A5A
:108E700080027E10028D4EFDEC2402F514E43DF5D7
:108E800015851482F5832212A1DD22128E97A38507
:108E9000820A85830BE022E0F50CA3E0F50D850C3A
:108EA00082F58322128EA822F0851482851583A371
:108EB00022A3F08C828D83A3A3A3A32274F1120CAE
:108EC000B574EB12125BEAFEEBFFC200EA2420F855
:108ED000E43F8808F5098882F583C3E09403A3E0A2
:108EE0009400500579010292DA9017DB12B33F74B7
:108EF000021214A912B33F740E1214A9E4F0A3F0E5
:108F0000740A1214A9E4F0A3F0740C1214A9E4F08A
:108F1000A3F0EA2422F8E43F880AF50B8882F5835F
:108F200012A97E74041214A9AA82AB83121CAE8A01
:108F30000C8B0DA80CA90D740A1214A9EAF0A3EB6E
:108F4000129349FAA3E0FBEAC398F8EB99F9850A72
:108F500082850B83E028F8A3E039F9740C1214A978
:108F60001298A174081214A9E09017D2F0EE2414FC
:108F70001292E2E0F91232808A828B83E582458385
:108F8000700C9017DBE4F0A3F079020292DA1293EE
:108F900027602BEE2404F50AE43FF50BA3120FE043
:108FA000740B1214A9E0FD74061214A9E05403FC1A
:108FB000129337121C7874021211C3E9700C9017C7
:108FC000DBE4F0A3F079030292DA129337121CDE8D
:108FD000E9F50E850A82850B8312A846EAFCEBFDB3
:108FE0009017D380048882898312965B7003029065
:108FF000D688828983A3A3129C0AC3EA950CEB95B9
:109000000D40E288828983A3A3A3A3C3E09CA3E0CD
:109010009D40D2E8FCE9FD74041214A9E0540770E5
:109020000D74091214A9E0640B70030290DAE50EC6
:10903000A2E640030290DAEE2419F582E43FF583BC
:10904000E060030290DA74021214A9129300707A9D
:1090500074021214A912965670707C0085088285DD
:109060000983E0F9121CE474011214A97401F0746C
:10907000091214A91292EE1214A9E0F50C780C1240
:10908000119974071214A9120FE0750C01780C12D3
:10909000119974081214A912AF5A12119974051279
:1090A000122B880C890D780C12119574091214A9D1
:1090B00012931E1214A91292F41214A912930E12F2
:1090C00011C37C01129337121CE49017DBE4F0A368
:1090D000F079050292DA7C007D0074041214A9E094
:1090E000F854036003029200E8540460057E840291
:1090F000923E74091214A9E0F8C394174003029138
:10910000FCE8F50A750B007402780A12138774FBE9
:10911000250AF5827437350BF583E493F8740193CF
:10912000F9E84970030291FC850882850983E0C053
:10913000E074101214A9D0E0F0740C1214A912A853
:109140004674111214A912B33F740A1214A912A87A
:109150004674131214A912B33F741012123388828A
:109160008983120E2D8B09A909740E1214A912B34A
:109170003FEA49604874091214A9E0F5087509002E
:109180007402780812138774FD2508F58274373548
:1091900009F583E493F87401938882F583E58245A9
:1091A0008360127402121233120E2D740E1214A95F
:1091B00012965B6008740E1214A912B2E9740912B7
:1091C00014A9E0F860587402686053740368604E34
:1091D00074056860497406686044740868603F7488
:1091E0000C68603A741168603574136860307415E7
:1091F00068602B740B6860267E0080427E82803E11
:10920000EC4D602A8C828D83A3A3129327601F7478
:1092100002121233120E2DE9FE74FF6E700B9017BE
:10922000DBE4F0A3F0F90292DA74016E70107404BA
:109230001214A9E0540460047E8380027E817402CB
:109240001214A9129300706B74021214A91296568C
:10925000706174041214A9E0FA541070567401126B
:1092600014A9EEF074091214A91292EE1214A912A4
:10927000931812119974071214A9120FE0750801BE
:109280007808121199EA12A8331211997405121272
:109290002B88088909780812119574091214A912EB
:1092A000931E1214A91292F41214A912930E121101
:1092B000C3D2009017DBE4F0A3F0EE7004790080D5
:1092C0001974846EA200700A50047907800C790624
:1092D0008008500479098002790874151211C302BC
:1092E0009B84F508E43FF509850882F5832212B2D4
:1092F000E4740822E02406FAA3E03400FB74092297
:10930000129E7DC82415F582E438F583E02212A868
:1093100058F9121C90740722E0F50878082212AC64
:10932000DC12AD9F740922A3A3A3A3129E7D8882A1
:10933000F583E582458322850A82850B8312B2F488
:10934000850882850983E0F92212934D2212ACA090
:10935000E02274F4120CB58A088B09ECFEEDFF7C58
:10936000067D007900121A86850882850983E054FB
:10937000FCF8A3E0F98E828F83E05403FAE84A8573
:109380000882850983F0A3E912B345A2E25004D212
:10939000F08002C2F0850882850983E054FBF0A2C8
:1093A000F0E433F50A750B007402780A121387E0B3
:1093B000450A12B345A2E3850882850983E050047B
:1093C0004408800254F712B345A2E45004D2F0805E
:1093D00002C2F0850882850983E054EFF0A2F0E430
:1093E00033F50A7404780A121387E0450A129FCCF9
:1093F000850882850983E05404601C8E828F83E097
:10940000FAA3E0F9EA850882850983A3A31298A24A
:10941000EE2402FE50010F8E828F8312942F12943D
:109420003612942FA3F0EE12A3FD3FFB0284DC1250
:109430008969A3A3A32212A2FCA32274F7120CB57C
:109440008A828B83E054038C828D831294B45404FB
:109450001294AD54081294AD5410F88C828D83E0B0
:1094600048F0A3AC82AD838A828B83E054046016FB
:109470001294A1129A27128B348C828D83A3F0EC64
:109480002402FC50010D8A828B83A3A3A3A3129A0A
:10949000271294B9129A27A3F0EC12A3FD3DFB808A
:1094A0002EEA2402F8E43BF98882F58322F88C82C4
:1094B0008D83E0481282F2E0221294BD221294C2FF
:1094C000A322F08A828B83A3A3A3A322121C487F2A
:1094D00001020F13C082C0839017D580048A828B4B
:1094E00083128994600C8A828B83A3A3E06970ED58
:1094F00080047A007B000283F1C082C0839017D77A
:1095000080048A828B83128994600C8A828B83A365
:10951000A3E06970ED80047A007B000283F174F0AF
:10952000120CB58A088B09ECFEEDFF121CC08A0CE8
:109530008B0DEA4B60647C0080010C850C82850DEC
:1095400083A3A3A3A3A3A3A3E0F8ECC398504BEC7D
:10955000F50E750F007403780E121387850C828543
:109560000D83A3A3A3A312979B8882F583E493FAA8
:10957000740193FBE5086A7003E5096B70BCA3A353
:1095800012959E7002EF6B70B174101214A91295AF
:10959000A874081210B17901800279008015E49353
:1095A000FA740193FBEE6A2212ADA38983888222AA
:1095B0001211C37F08020F1374F6120CB51295E452
:1095C000600512A84380047A007B0002967B74F643
:1095D000120CB51295E4600512A84180047A007B54
:1095E0000002967B121CC08A828B83E5824583220F
:1095F00074F7120CB5E9FFEAFCEBFD9017D9800473
:109600008882898312965B604688828983A3A3E05F
:109610006F70ED7E0080010E88828983A3A3A3E092
:10962000FAEEC39A50DAEE75F003A4FA85F008ABAF
:109630000888828983A3A3A3A3E02AFAA3E03BFBC3
:109640008A82F583E06C7003A3E06D70CA80047AAF
:10965000007B000294CF12ACDCA3A312A5FBE84967
:109660002274F6120CB5121CD88A828B83E58245CF
:10967000836006A3A3E0F9800279007F02020F1342
:1096800074F6120CB5ECFF121CD88B09A909EA4933
:109690006015EA2402F582E439F583EF6005E0D233
:1096A000E68003E0C2E6F080D274F0120CB5EAFE68
:1096B000EBFF8C098D0A121CBA8A0C8B0DEA4B70D9
:1096C00003029796750B0074101214A912A5F7E8FF
:1096D000FAE9FB80128C828D83A3A3A3E493A2E317
:1096E000500302977C050B850C82850D83A3A3A3F1
:1096F000E0F8E50BC3984003029796E50BF50E756D
:109700000F007402780E121387850C82850D831268
:10971000979B1298637002EF6970CA8A828B83E00C
:10972000F88C828D83A3A3E493C39840B874116529
:109730000970197401650A609CE50A70A88C828D15
:1097400083A3A3A3E493A2E2403280997413650932
:109750007044E50A700D8C828D83A3A3A3E493A2C9
:10976000E080E57401650A60030296E58C828D83D2
:10977000A3A3A3E493A2E140030296E5741212149A
:10978000A912988374041210B188828983A3A3124A
:109790009A2D7901800279000295B3A3A3A3A3E0D7
:1097A000250EF8A3E0350FF92274F0120CB5EAFE8D
:1097B000EBFF8C09121CC08A0E8B0FEA4B70030260
:1097C000985E7A007B0074101214A9129E7D880A9C
:1097D000F50B80050AEA70010B850E82850F83A3C5
:1097E000A3A3A3A3A3A3E0F8C3EA98EB9400506E4D
:1097F0008A0C8B0D7403780C121387850E82850FEB
:1098000083A3A3A3A31298751298637002EF6970E3
:10981000C3A3A3E493F50C740193F50D12A5F1C352
:10982000E50C98E50D9940ACEC2405F582E43DF596
:1098300083E493A2E7E43365096006E493A2E6506B
:109840009374121214A912988374081210B18882AA
:109850008983A3A312AD341298A179018002790003
:109860000295B3E8FCE9FD8882F583E493F874017E
:1098700093F9EE6822A3A3A3A3E0250CF8A3E03597
:109880000DF92212A5FB8C828D83E8FCE9FD22757F
:109890000A00850C82850D8312A5FB851882851927
:1098A00083E8F0A3E9F02274F1120CB5EAFEEBFFB5
:1098B000ECFAEDFBEE4F7003029A24EC2402F50C57
:1098C000E43BF50D8C828D83A3AC82AD838E088F33
:1098D00009750A00E9121065044142F199434403F5
:1098E0009AE0E2BC99E8E9699925085B99096999C8
:1098F0000A7E990BBC99105B99185B991969991AA2
:109900007E991BBC991CCD991DD6991EDF991FE825
:1099100099205B99216999227E9923BC9924CD993C
:1099200025D69926DF9927E899285B992969992AEC
:109930007E992BBC992CCD992DD6992EDF992FE8A5
:1099400099305B9931699938699939BC993AE899A4
:10995000EABC99F0E899F1159A249A8E828F8312C5
:109960009A2DECFAEDFB029A248E828F83128E8759
:10997000129436129A27F00A0AAB0D029A248E82AC
:109980008F8378081214528A828B83E50812A2FC16
:109990007808121452E5098C828D8312A2FC780893
:1099A00012145274107808121212850C82850D83DD
:1099B000E508F0EA2403FA506B0B80688E828F83EF
:1099C000120FDC121B1074041211C3805778081296
:1099D00011917C05804678081211917C06803D78B3
:1099E000081211917C07803478081211917C08804C
:1099F0002B78081211918E828F83E02401FCE434CD
:109A000000800F78081211918E828F83129B17FCB1
:109A1000E439FD800978081211917C107D00129DB7
:109A20006B1211C3029B84E08C828D832212A1DD14
:109A3000F022E924F8607814607914607A14607B6D
:109A400024FB606B24F8606714606814606914601C
:109A50006A24FB605A14605B14605C14605D1460DF
:109A60005E14605F146060146061146042146043AF
:109A70001460441460451460461460471460481430
:109A8000604914602A14602B24F9602714602C1498
:109A90006039245A602514602214601F24FA601370
:109AA00014601014601524FA602114602280247957
:109AB0000180227902801E7903801A790480167948
:109AC0000580127906800E7907800A790880067968
:109AD000108002790002115774F7120CB5E9FE7478
:109AE000446E600574436E700C8A828B83129B17E0
:109AF000FAE439801574426E600574416E700E8A06
:109B0000828B83E02401FAE43400FB8007121CFC02
:109B1000E9FA7B000294CFE0FCA3E0F9EC240222F6
:109B200074F1120CB5EAFEEBFFEC2406F8E43D8874
:109B300008F5098882F583128994700479018044BC
:109B40008C828D831289858A0A8B0B850882850910
:109B500083E0F508A3E085080CF50D750E00780C80
:109B6000121191AC0AAD0BEEFAEFFB129D6B1211C4
:109B7000C3740F1214A912932B6007E50AF0A3E532
:109B80000BF079007F07020F1374F0120CB574F814
:109B900012125B890A8A088B09ECFEEDFFA818A94E
:109BA00019880C890D780C121195A90A1285DE12FC
:109BB00011C3E970047901804C74181214A912AC15
:109BC000EA741A1214A9129C0A74061214A91296A5
:109BD0005B780C6016121195740212123BAA0EAB40
:109BE0000F121D0874021211C3801A121195780EFB
:109BF000121195EEFCEFFDAA08AB09A90A121D1A75
:109C000074041211C374080295B0129C0E22E0F580
:109C10000CA3E0F50D2274F0120CB574FE12125B69
:109C20008A0C8B0DECFEEDFF851882851983E4F01C
:109C3000A3F0121CCC8A088B09EA4B602FA818A944
:109C400019880E890F780E121195E4F50EF50F782C
:109C50000E1211957900EEFCEFFDAA0CAB0D8508F4
:109C600082850983120E2D74041211C38518828512
:109C7000198312A84674020295B074F0120CB58ACA
:109C8000088B09ECFEEDFF121CCC8A0A8B0B7412B8
:109C90001214A912ACEAE50E450F600A850E828502
:109CA0000F83E4F0A3F0EA4B6027780E121195744D
:109CB000121214A9120FE07901EEFCEFFDAA08AB15
:109CC00009850A82850B83120E2D74041211C3803C
:109CD0000279C10295B374F1120CB5ECFEEDFF8C64
:109CE00082F583A3A3A3A3A3E0A2E1506E121D2CCF
:109CF000E9F50A7069740F1214A912A1539017CFD5
:109D000012965B6013AC08AD09EEFAEFFBE0F58349
:109D10008882120E2DE9603EE5082403F8E4350937
:109D20008808F5098882F58312A8468E828F8312EF
:109D300089858A0C8B0DAC0CAD0D85088285098355
:109D4000129D711211918E828F83A312A841129DD0
:109D50006B1211C38008750A878003750A88A90AE7
:109D6000029B847C027D007A787B1A121A74740339
:109D700022129C0E750E00780C2274F2120CB5891A
:109D800008ECFEEDFF8C82F583A3A3A3A3A3E0A2BE
:109D9000E1504C121D2CE9F97047A908121CCC8A1D
:109DA0000A8B0BEA4B6034E4F50CF50D780C1211BC
:109DB0009574101214A9120FE079028E828F83120B
:109DC000A97C8E828F8312A846850A82850B831216
:109DD0000E2D74041211C3E9F9800679C18002794D
:109DE000887F06020F1374F2120CB5EAFEEBFF8CAB
:109DF000088D098C828D83A3A3A3A3A3E0A2E550C1
:109E00001412A5D0600F7902AC08AD09EEFAEFFB91
:109E1000120E2D8002790080C874F4120CB512A2C3
:109E20004612A1E36054850882850983129E7DC392
:109E300013E8138A828B83F07C0080338E828F83B9
:109E4000E0F508A3E0F8E4C8F9E50828E439F509E5
:109E5000EC25E0F8E433F9EA28F582EB39F583A341
:109E6000E508F0A3E509F0EE2402FE50010F0C8A8C
:109E7000828B83E0F8ECC39840C20284DCE0F8A354
:109E8000E02274EA120CB58A108B11EA2403F50C57
:109E9000E43511F50D850C82F58312A361750A0076
:109EA000750E00750F008049050A8E828F83A3A36B
:109EB000E0F8EE2403FE50010FE870358E828F83A8
:109EC000E0F9A3AE82AF83EEFAEFFB121D028A081F
:109ED0008B09EE2AFEEF3509FFEAA2E050070508DC
:109EE0000470020509E50E2508F50EE50F3509F5A4
:109EF0000F851082851183A312A60012A204EE988A
:109F0000EF9940A475F006E50AA404F508250EFAB9
:109F1000E4350F12A12E7003029FC812A35BA8089C
:109F2000EA28F510E43BF5118A828B83E50AF07587
:109F30000B00029FBEE50B75F00612A1188E828FF2
:109F40008312A14412A25AF8851482851583A3A313
:109F5000F0EE2403FE50010FE870618E828F8312B1
:109F6000A139129FCBEEFAEFFB121D028A088B0972
:109F70008E0C8F0D750E00780C121191AC08AD0986
:109F8000AA10AB11129D6B1211C385148285158323
:109F9000A3A3A3A3E510F0A3E511F0EE2508FEEFBF
:109FA0003509FFE508A2E05007050804700205091D
:109FB000E5102508F510E5113509F511050BE50B40
:109FC000C3950A5003029F3502899AA3129FD0229B
:109FD000F08E828F83A3AE82AF832274EA120CB517
:109FE0008A108B11EA2403F50AE43511F50B850A72
:109FF0008212A151750F00750C00750D008042058D
:10A000000F850882850983A3A3E0F9E5082403F5F9
:10A010000850020509FAAB09121D028A128B13AE11
:10A0200012AF13E5082AF508E5093FF509EAA2E0B1
:10A0300050050E0470010FE50C2EF50CE50D3FF5F3
:10A040000D851082851183A312A1FDE50898E5090D
:10A050009940AC75F005E50FA404FE250CFAE43533
:10A060000D12A12E700302A115850A82850B8312A1
:10A07000A153EA2EF50AE43BF50B8A828B83E50FA8
:10A08000F075100002A10BE51075F00512A11885FE
:10A09000088285098312A1441298A2850882850945
:10A0A00083A3A312A139F0E5082403F508500205A3
:10A0B00009FAAB09121D028A0C8B0DAE0CAF0D858F
:10A0C000080C85090D750E00780C121191EAFCEB55
:10A0D000FDAA0AAB0B129D6B1211C3851482851564
:10A0E00083A3A3A3E50AF0A3E50BF0E5082EF5088A
:10A0F000E5093FF509EEA2E050050E0470010FE5F9
:10A100000A2EF50AE50B3FF50B0510E510C3950F78
:10A11000500302A08702899AA4F8A9F0E51228F555
:10A1200082E51339F583A385821485831522FB12FA
:10A130001B348A128B13EA4B22E0F98514828515B1
:10A1400083A3A322E0FAA3E0F9EA851482851583AC
:10A1500022F583E0F508A3E0F5092274F0120CB5AE
:10A16000EA2403F50AE43BF50B850A82F58312A382
:10A1700061750C0012A1E36058850882850983E0AF
:10A1800064017002A3E070338E828F8312A1D4F039
:10A19000750C018035E50C12A2C0128C71129FCB98
:10A1A000E0F50EA3E0FDE50E88828983A3A3F0A36A
:10A1B000EDF0050CEE2402FE50010F8508828509A2
:10A1C0008312A1FDEE98EF9940CB8A828B83E50C38
:10A1D000F00295B312A1DDA3228E828F83E08A82E2
:10A1E0008B83228A828B83A3858208858309E0245E
:10A1F00001FAA3E03400FB121B34EA4B2212AD3803
:10A2000012A20422E028F8A3E039F9C32274F6125E
:10A210000CB512A2E2600312A2EF02967B74F61252
:10A220000CB512A2467A031282E260178E828F83E7
:10A23000128513F9EC8A828B8312A25A8A828B834D
:10A24000A3A3F002967B12A24A228A828B83A3A345
:10A25000A3129E7DF9E8FEE9FF22F0A3E912A261B4
:10A2600022F08E828F83A3A3E02274F4120CB51225
:10A27000A402F8A3E034FFF97A037B00120B6DE827
:10A28000F50912AF45EA4B603412A367E509F07592
:10A2900008008022E50812A2C0E0F50AA3E0FDE56F
:10A2A0000A88828983A3A3F0A3ED12A417EE2403E6
:10A2B000FE50010F0508E508C3950940D70284DC6C
:10A2C00075F003A4F8A9F0EA28F8EB39F98E828F2B
:10A2D000832274F6120CB512A2E2600312A2EF02FE
:10A2E000967B12A24A7A027B00121B34EA4B22129E
:10A2F000A1D912A2FCA312A1DDA3F022F08E828FBD
:10A30000832274F4120CB58A828B83A3A3A312A3B5
:10A31000618A828B83A3E014F5082405FAE43400F3
:10A32000FB1282E4603212A367A3E508F078008094
:10A33000218E828F83E0C0E0E8FC8A828B83A3A316
:10A34000A3E02CF9A3E034008982F583D0E0129FCA
:10A35000CC08E8C3950840D90284DC850C82850DC1
:10A3600083E0FEA3E0FF2212A1D9129FD08A828B44
:10A3700083A32274F2120CB512A402F508A3E034F0
:10A38000FFF50974027808121443E508F508F50A88
:10A39000750B007402780A121387E50A12A3FD35C3
:10A3A0000BFB1282E4605312A367E508F07C008087
:10A3B00043ECF50A750B007402780A121387EA253C
:10A3C0000AF8EB350BF98E828F83E0F50CA3E0F5EC
:10A3D0000BE50C88828983A3A3F0A3E50B12A417D5
:10A3E0008E828F83A3A3A312B0A9A3F0EE2404FE50
:10A3F00050010F0CECC3950840B7029DE12402FA0E
:10A40000E4228A828B83A3A3A3E0FEA3E0FF8A82D7
:10A410008B83A3E024FF2212A26188828983A3A3F5
:10A42000A3A3F02274E8120CB574F812125B12B2F6
:10A43000D9E0F512A3E0F513851282F583E075F0FB
:10A4400006A4A9F02401FAE4391287A37005790063
:10A4500002A5CB851282851383129A2D750A00EE10
:10A460002402F516E43FF517800B850E82850F83D5
:10A470007486F0050A85128285138312AE7040033C
:10A4800002A584A80AE875F006A4FAABF0E5082A4C
:10A49000F582E5093BF583A385820C85830DE828C9
:10A4A000F8E433F9E51228F582E51312A5DC12A6CB
:10A4B000001298A1E50C2402F50EE4350DF50F12FB
:10A4C000A966A818A9198814891578141211958AF3
:10A4D000828B8312A97E85108285118312A8421275
:10A4E000A5E51285DE1211C3E96401600302A46AC6
:10A4F00074051214A9E0A2E6401A85168285178316
:10A5000012A84A74051214A9E0A2E720F001B34092
:10A510000302A46AA2E050618E828F8312A5F7E83D
:10A520002406F510E439F51174051214A9E0A2E42B
:10A53000501812ACC112A5D060107901AC18AD1939
:10A54000AA10AB11120E2DE980027400850E8285CF
:10A550000F83F0600302A47374061214A912A600FC
:10A56000A3A3A3A31298A174041214A9E0850C82DA
:10A57000850D83A3A3A302A472850E82850F837425
:10A580008F02A47212A96612AD4C121199750A01BC
:10A59000780A12119985168285178312AD4412111B
:10A5A00099780812119585108285118312A97AE590
:10A5B0001012B0DB3511FB12A5E5121C84740512D4
:10A5C00011C3AA08AB09121B3A7901740802AC98AE
:10A5D000121CD28A828B83E58245832239F583A3BC
:10A5E000AA82AB8322E51012ACB73511F583E0F9EE
:10A5F00022850A82850B8312A5FB22129E7DF922F9
:10A6000012A5FB850C82850D832274E8120CB574AB
:10A61000F612125B8A0A8B0BC2007E0012AE5B350B
:10A620000BF583E0F516A3E0F5178A828B83A3A3CD
:10A63000A3A3A3A3A3E064027018851682851783E1
:10A6400012AD1D8A0C8B0DEA4B7005790002A756DE
:10A65000D2007F008010A200500B851482851583E4
:10A66000748612A8630F851682851783E0F8EFC3FE
:10A6700098400302A6F7EF75F005A4F8A9F0E516D7
:10A6800028F582E51739F583A3858208858309EECD
:10A6900075F003A4F8A9F0E50C28F582E50D39F56D
:10A6A00083E5822402F510E43583F511A385821435
:10A6B00085831512ACE4740212122B881289137868
:10A6C0001212119585088285098312AD7E1211C37D
:10A6D000E96083850A82850B83A3A312A84A7407C5
:10A6E0001214A9E0A2E720F001B3406F851482851F
:10A6F0001583748612A863A2005059EE850C8285DA
:10A700000D83F0700BA3E4F0850C82850D8304F0BB
:10A71000850A82850B8312A361850A82850B83A338
:10A72000A3A3A3A3A3129318121199750801780883
:10A73000121199850A82850B83A3A3E012A8331214
:10A740001199780C12119512AD5C1211C3AA0CABC1
:10A750000D121B3A7901740A02AC988508828509AA
:10A7600083A3A3E0F874061214A9E068600302A8AA
:10A770002112ACE474081214A912965B6069850E6C
:10A7800082850F83A3A3A3A3E064037002A3E070F8
:10A790004785088285098312965B703C850882850F
:10A7A0000983A3A3A312A96A75120078101211914C
:10A7B0007C027D007403121233129D6B1211C3854B
:10A7C0000A82850B8312A852F98518828519831293
:10A7D000A84612323E02A66578081211957404123A
:10A7E000123B12ACCB801F850882850983A3A3A3EB
:10A7F000120FE0740412123B12B0D9350FFB12ACE9
:10A80000B1350F12A97274021211C3E9A2004003FC
:10A8100002A665700302A66585148285158302A6CB
:10A8200062A200400302A665851482851583748D9B
:10A8300002A662131313541F64015401F50878082B
:10A8400022A3A3A3A3A312B2F42212AF6AA2E0929E
:10A85000F022E0F812A85822A3E0C812ACBB38F5E9
:10A8600083E02212934DF8A3E0F9851082851183CD
:10A87000E8F0A3E9F00E2274EC120CB574F8121291
:10A880005B8A0A8B0B8C128D13750800741C1214D2
:10A89000A912A96A802C850A82850B8312A3618A7A
:10A8A0000C8B0D780C121195740212123BEE12B043
:10A8B000DB3FFBEE12ACB33F12A97274021211C35C
:10A8C0000508C3E5089510E49511400302A962E567
:10A8D0000875F005A4F8A9F0E51228FEE51339FF84
:10A8E000850A82850B8312AE62A818A919880E8981
:10A8F0000F780E1211958E828F8312A97E850C829D
:10A90000850D8312A842E50C12ACB3350DF583E03A
:10A910001285DD1211C3E96049EE2403F50CE43F12
:10A92000F50D850C82F58312A84674061214A9123F
:10A93000A361EE4F700302A89674041214A9128941
:10A94000898A0E8B0FAC0EAD0F850C82850D83129C
:10A950009D71121191EEFAEFFB129D6B1211C30261
:10A96000A8C07408801E8E828F83E0F510A3E0F5E6
:10A970001122F583E0F9121D2622A3A3A3A312AD91
:10A98000A322740A1211C37F0C020F1374E8120C75
:10A99000B574F412125B8A0C8B0D751000751100E2
:10A9A0007E0012AE5B350DF58312A5F7740212140A
:10A9B000A91298A174021214A912ACD812AD1D8A62
:10A9C000088B09EA4B700302AA817F00803C12AD1C
:10A9D0002E12A97E8882898312A84212ACC1121D50
:10A9E0001485188285198312B33F851882851983CF
:10A9F000E0A2E0500312ACA8851882851983E025F7
:10AA000010F510A3E03511F5110F74021214A912FC
:10AA1000AD025042EF75F005A4F8A9F074021214CB
:10AA2000A912AD0B12ACF212122B881289137812F4
:10AA300012119512AD781211C3E9704A850882850A
:10AA40000983A37486F012A5F1850882850983A382
:10AA5000A31298A17E01EE850882850983F0600328
:10AA600002AC5D75F005A4FF2510FAE43511FB1268
:10AA70001B348A168B17EA4B705CAA08AB09121BB1
:10AA80003A790002AC9674081214A912AD3BA3A344
:10AA9000E069600B850882850983A3748D80A674A4
:10AAA000091214A9E0A2E1400B850882850983A35D
:10AAB00074888091A2E5500B850882850983A37470
:10AAC0007E8082740A1214A9128994700302A9CE9E
:10AAD000121D0202A9E1EA2FF510E43BF5117F00F7
:10AAE0008022851882851983E0A2E0500312ACA869
:10AAF00085188285198312A5F7E51028F510E51150
:10AB000039F5110F74021214A912AD02400302AC00
:10AB100045EF75F005A4F8A9F074021214A912AD5E
:10AB20000BE51628F514E51739F51512ACF21212DB
:10AB30002B88128913781212119512AD781211C355
:10AB4000E9700302AC4512A5F185148285158312C4
:10AB500098A1851482851583A3A3A3E510F0A3E52E
:10AB600011F0740A1214A912965B6036A818A9197C
:10AB7000880E890F780E121195740612123BAA10D6
:10AB8000AB11121D0874021211C3850C82850D834E
:10AB900012ACEA780A121195740612123B12ACCB71
:10ABA000805A850C82850D8312ACEAA818A91988F1
:10ABB00012891378121211957810121195850A8254
:10ABC000850B8312A97E850E82850F8312A84212FF
:10ABD000ACB1350FF583E0F9121D1A74041211C3DC
:10ABE00012AD2EA3A3A3120FE0740612123BE812BB
:10ABF000B0DB39FBE812ACB33912A972740212113E
:10AC0000C3E9FAEA700302AAE2EE75F003A4F8A918
:10AC1000F0E50828F8E50939F9EA88828983A3F084
:10AC2000850A82850B8312B33A0EEFF50A750B0085
:10AC3000780A121195AC16AD17AA0CAB0D121D7A3D
:10AC400074021211C3EE850882850983F07007A390
:10AC5000E412ACA004F0AA16AB17121B3A12A35BC5
:10AC6000850C82850D8312AD50121199750A0178F9
:10AC70000A121199850C82850D83A3A312AD44128B
:10AC80001199780812119512AD5C1211C3AA08AB84
:10AC900009121B3A7901740C1211C37F10020F13B1
:10ACA000F0850882850983222401F0A3E03400F0B6
:10ACB00022E50E12ACB72212ACBB222414F582E4BA
:10ACC00022E812ACB739F583E0F92212B0D9350F7A
:10ACD000FB12AD93121D202212ACDC22129E7DF5D8
:10ACE00083888222850A82850B83E0F50EA3E0F536
:10ACF0000F22850C82850D83E0F50EA3E0F50F741D
:10AD0000042212ACDCE0F8EFC39822E028FAA3E0BA
:10AD1000398A82F583A385820A85830B22E075F048
:10AD200003A4A9F02401FAE439FB121B3422850C98
:10AD300082850D8312AD3822E0F8A3E0F9850A82FE
:10AD4000850B832212AF62F50A780A228E828F83E6
:10AD5000A3A3A3A3A3A3E0F50A780A228E828F837C
:10AD600012AD9FEE12B0DB3FFBEE12ACB73FF583A6
:10AD7000E0F9121C8A740522850A82850B8312ADC4
:10AD8000A3850E82850F8312B2F012AD93121CC6FA
:10AD9000740222E50E12ACBB350FF583E0F922A355
:10ADA000A3A3A3E0FCA3E0FD2274F0120CB574F69B
:10ADB00012125B12AE573F12A151750A008508822C
:10ADC000F58312A5F7851882851983E8F0A3E98039
:10ADD00010050A851882851983E02401F0A3E03468
:10ADE0000012ACA0A3A312AE7050328E828F8312D9
:10ADF000AE62740212122B880E890F780E12119512
:10AE0000740212122B880E890F780E1211958E8201
:10AE10008F83A3A312AF771211C3E970B48E828F10
:10AE200083A3A3A3A3A3A3A3E0F8740C68700FA942
:10AE30000AAC08AD09EEFAEFFB121D8C80127415F6
:10AE400068700DA90AAC08AD09EEFAEFFB121D926D
:10AE50007901740A0295B0EAFEEBFFEA240CF58250
:10AE6000E422129E7D880CF50D22851082851183C7
:10AE7000E0F8E50AC3982274EC120CB574F61212CD
:10AE80005B8A0E8B0F8C0C8D0DE9FE7F0112AF4596
:10AE90008A088B09EA4B700302AF4212B0886077D0
:10AEA00012988F12B0B012122B88128913781212D6
:10AEB0001195740212122B881289137812121195AF
:10AEC00012AF711211C3E96026E50A75F003A4F808
:10AED000A9F0E50828F8E50939F974041214A91253
:10AEE000B33A74061214A9128C7112B0F840B4125D
:10AEF000B09512122B880C890D780C1211957402E2
:10AF000012122B880C890D780C12119512B0E012D8
:10AF100011C3E960027F0012B112121199750C0180
:10AF2000780C12119912AF541211997808121195D8
:10AF300012B0BC121C9C74051211C3AA08AB0912F2
:10AF40001B3A02A98275F003A4A9F012A3FD39FBF4
:10AF5000121B342285108285118312AF62F50C78A2
:10AF60000C2212AF6A6401540122E0131313541F20
:10AF70002285108285118312B0F2FC850C82850D2A
:10AF80008312B2F0E50C12ACB7350DF583E0F9127F
:10AF90001CF074042274EC120CB574F612125B8A65
:10AFA0000E8B0F8C0C8D0DE9FE7F01F508750900E5
:10AFB00074027808121387E50812A3FD3509128779
:10AFC000A3700302B08512B088700302B05A1298C1
:10AFD0008F12B0B012122B881289137812121195A9
:10AFE000740212122B88128913781212119512AF63
:10AFF000711211C3E9603BE50AF50C750D0074028E
:10B00000780C121387E508250CF8E509350DF9745D
:10B01000041214A912B33A74061214A912B0A9F0BA
:10B0200074071214A9E0540788828983A312B0F828
:10B03000409F12B09512122B880C890D780C1211BA
:10B0400095740212122B880C890D780C121195122E
:10B05000B0E01211C3E960027F0012B1121211991F
:10B06000750C01780C12119912AF541211997808CD
:10B0700012119512B0BC121CA274051211C3AA08B9
:10B08000AB09121B3A02A982E50E2402F510E43541
:10B090000FF511EE2212B09B740222850E82850FED
:10B0A00083E0F50AA3E0F50B22128AA8A3A3A3224A
:10B0B000850E82850F83129C0E740222850A82857A
:10B0C0000B8312AD9FE50A12B0DB350BFBE50A12CC
:10B0D000ACB7350BF583E0F922E50E2406FAE4223D
:10B0E00085108285118312B0F212B31E121CF07407
:10B0F000042212AF6A540122A3A3A3A3F0050A8578
:10B100001882851983E02FF0A3E03400F0E50AC32C
:10B110009E22EF850882850983F0EEA3F012B09B92
:10B12000850E82850F83A3A3A3A3A3A3E0F50C78C8
:10B130000C2274EC120CB574F612125B12B2D91216
:10B140009C0A750800850C82F58312B2E0EA240798
:10B15000F510E43FF511EA2402F50EE43FF50F8007
:10B160000B0508851882851983E004F0850C82851B
:10B170000D83A3E0F8E508C398502612B2FA121224
:10B180002B881289137812121195740212122B88CF
:10B19000128913781212119512B3041211C3E970B7
:10B1A000C0AA087B00121B348B0BA90B7404121469
:10B1B000A912B33FEA49700302B2D4E50860617591
:10B1C0000900850C82850D8312B2E012B2FA1212C8
:10B1D0002B880C890D780C121195740212122B8891
:10B1E0000C890D780C12119512B3041211C3E96089
:10B1F0002F74081214A9E0C0E0A80974041214A95D
:10B20000E028FAA3E034008A82F583D0E0F0050953
:10B21000851882851983E004F0E509C3950840ABE1
:10B2200012B2FA12122B880C890D780C1211957437
:10B230000212122B880C890D780C12119512B3048E
:10B240001211C3E9600874011214A9E480077401A3
:10B250001214A97401F0851082851183E0C0E07496
:10B26000021214A9D0E0F074031214A9E50912B374
:10B2700045F508A3E0F50912AD4C121199750A01C4
:10B28000780A121199850E82850F8312AD4412112E
:10B2900099740412122B880A890B780A1211958569
:10B2A000088285098312A97AE50812B0DB3509FB0B
:10B2B000E50812ACB33509F583E0F9121C96740564
:10B2C0001211C3E9FE74041214A912B2E9EE70045B
:10B2D00079018002790002A98212AE573FF58322DC
:10B2E00012B2E422128789F02212B2F4121B3A221F
:10B2F000A3A3A3A3E0FAA3E0FB228E828F8312B064
:10B30000A1740622850E82850F8312B0F2FD85108E
:10B3100082851183E012B31E121CEA740422FC859C
:10B320000A82850B83A3A3A3A3E0FAA3E0FBE50AAB
:10B3300012ACBB350BF583E0F9221289B0A3A3EA66
:10B34000F0A3EBF02212A2FCE022C082C08390198D
:10B350001EE4F0A3F07CFE7D197A8C7B18121C2A67
:10B3600012277012253CD083D08202115774F2123A
:10B370000CB574FE12125BE9FEEAFF8B098C0874AF
:10B38000016E600874026E600302B4AAEA60087479
:10B39000036F600302B436122962E9605374036FCD
:10B3A000604E121A9E8A0A8B0B780A121195750A42
:10B3B00001780A121199750A00780A121199E508A4
:10B3C000F50A780A121199E509F50A780A12119915
:10B3D0009018A6120FDC901C4AE0F97CCD7D1990E4
:10B3E0001DBF12C1DB122560740A1211C302B4988A
:10B3F00079021220C2901C4AE0F99018A612149209
:10B4000012254EE9F89018B6E0A2E34010E9700D5D
:10B41000901920E004F06404700312B4C674036F42
:10B420007078901921E0F9740129F0E9C39405407E
:10B430006912B4C6806474016F706474016E790A15
:10B44000702E1220C27A007B04901AD2E0F9121CEE
:10B4500000AA18AB1979501223AA12C72D901A8589
:10B4600012CFE47900901A8512C1DB1225E48051D5
:10B470001220C2901D95120FDC7A007B209018AB31
:10B48000E0F9121BF474041211C3901C4AE0F99005
:10B4900018A612149212257EE9F8E8700D80227C1D
:10B4A000EF7D847A307B841216C090869A120FDC6E
:10B4B0007A017B009018ABE0F9121BF474041211AE
:10B4C000C3740202C9739018A6E4F0A374F8F0A341
:10B4D00074FFF0A37407F02274F6120CB5E9FFEACA
:10B4E000FE7AD1F9121AC28A828B83E58245837073
:10B4F0002A7A027B00121AA4EA4B700E7A107B00A3
:10B500009018ABE0F9121AE680148A828B8374D10A
:10B51000F0EFA3F0EEF9121AB08003EFA3F002B639
:10B52000A674F7120CB5890890040112CC71801F23
:10B530008E828F8312BC6DE0600BA3A312C1E8FA68
:10B54000A9081221288E828F8312C733E8FEE9FFF3
:10B55000EE4F70DC901D7EE0F47003A3E0F4600A0F
:10B56000901D7EE0FAA908122128122BE49018827F
:10B5700012BC9E122BDE7F01020F1374F4120CB565
:10B58000890B7D00740C1214A912C73380010DEDD4
:10B59000C3950B503D750A008002050AE50AC39C5D
:10B5A00050ECED25E0FEE433FFEA2EF582EB3F128E
:10B5B000B5D9F509AE0AEE2EFEE433FFE82EF5828A
:10B5C000E912C47565087004A3E0650970CC7901BF
:10B5D000800279007F04020F13F583E0F508A3E0F1
:10B5E0002202115774F6120CB512B68E7003A3E046
:10B5F0006D70177508B47509187808121195EEFA70
:10B6000012221874021211C3801A7508027509807B
:10B6100078081211958A088909780812119512B6CE
:10B62000691211C302B6A674F6120CB512B68E706A
:10B6300003A3E06D70177508C17509187808121119
:10B6400095EEFA12221E74021211C3801A750803B5
:10B6500075098078081211958A08890978081211ED
:10B660009512B6691211C3803DEE240EF582E43FB7
:10B67000F583E0FD7C80EE2402FAE43FFBEE240F2C
:10B68000F582E43FF583E0F912223074042212C4FB
:10B690009BF8E4C8F9EA28FCE439FD901882E06CD4
:10B6A0002274021211C37F02020F1374F6120CB53A
:10B6B00074FE12125BEAFEEBFF851882851983E4A3
:10B6C000F0A3F012C32112C4B8FBECFA888289837C
:10B6D000A3A3E0F9750900750800600574FF69709F
:10B6E00005750882802F901882E06A7003A3E06BD2
:10B6F0007015AA18AB1912327AE9FA12C3FD700359
:10B700007508838A09800E1224C4E96005750889CA
:10B71000800375088112C721A908EEFAEFFB1222F7
:10B7200024E509600E12C3FD60098518828519831E
:10B7300012BE6902B6A102115774F2120CB5EAFEEC
:10B74000EBFF75080075090012C32112B7B3888298
:10B7500012B7B9122BE4EA650A7003EB650B70129D
:10B7600012326EE914F50879017AEA7B1812326810
:10B77000800375098112C46FF50C780C121199754C
:10B780000CEA750D18780C12119578081211997839
:10B790000A121195E509F508780812119912C48D5D
:10B7A00012C472F97A057B8012222A740702C973C7
:10B7B00012CC83F58312BE7822F58312C97BF8E49C
:10B7C000C8F9EA28F50AE439F50B2274F6120CB52B
:10B7D000E9FF7E0080308A828B8312B5DBF8E4C8F3
:10B7E000F9E50828E439F509EE25E0F8E433F9EC49
:10B7F00028F582ED39F583E508F0A3E509F0EA24A0
:10B8000002FA50010B0EEEC39F40CB02B6A674E8BD
:10B81000120CB574F812125B74021214A912BC9EB9
:10B82000750F0075160075170075140075150074F6
:10B83000021214A9E012BC778E8212B7B98E828FE1
:10B8400083A3A3E0FA8E828F83A3A3A3E0F9EAF592
:10B8500008E439F50974021214A9E0240FF8A3E0F2
:10B860003400F974061214A912CFE474021214A958
:10B87000E02402F8A3E0340012CFDD74021214A910
:10B88000E0240EF8A3E03400F974041214A912CFD6
:10B89000E4AA0AAB0B122C7AE96401703B7404121F
:10B8A00014A912BC87121199E4F508F50978081259
:10B8B00011957808121199780A12119575088078F7
:10B8C0000812119974071214A912BC811214A9123A
:10B8D000BC8F1211C302BC55AA0AAB0B122C7AE919
:10B8E0007053901882E0650A7004A3E0650B604510
:10B8F000901DC1E060046401703874041214A91230
:10B90000BC87121199E4F508F509780812119578A9
:10B9100008121199780A1211957508817808121188
:10B920009974071214A912BC811214A912BC8F12A7
:10B9300011C302BC558E828F83A3A3A3A3E0F50B92
:10B94000EE2405FE50010FE50B602212BC5F8A1643
:10B950008B17EA4B6017AC16AD17EEFAEFFBA90B8D
:10B9600012215E8A0C8B0DAE0CAF0D8003750B009F
:10B970008E828F83E0F50AA3AE82AF83601A12BC79
:10B980005F8A148B15EA4B600FAC14AD15EEFAEF1D
:10B99000FBA90A12215E8003750A00900401804B06
:10B9A000E4F0A3F0EEFAEFFB851282851383A3A3E4
:10B9B00012B7B5F5838882A3A312C1E8F9121AB0B1
:10B9C000851082851183E0C0E0A80F74EA28F58213
:10B9D000E43418F583D0E0F0050FA2005007AA1058
:10B9E000AB11121B3A851282851383E0F512A3E096
:10B9F000F513E5124513700302BB9B851282851374
:10BA000083A3A312C733E8FAE98882F583E0FC60D8
:10BA1000D4851282851383A3A3A3A3A3A3A3A3E026
:10BA2000A2E050C1851282851383A3A312BC6DE5E9
:10BA3000824583600FECFA7901120E2D8A108B116A
:10BA4000D20080118A828983A3A3A3A3E0F510A367
:10BA5000E0F511C200E5104511700302B9DA851056
:10BA600082851183A3E065087004A3E06509600F77
:10BA700074FF6508700474FF6509600302B9DA8514
:10BA80001082851183A3A3A3A3A3A3A3120FE08510
:10BA90001082851183A3A3A3A3A3A3E0FCAA16ABE2
:10BAA00017A90B12213474021211C3E970388510E2
:10BAB00082851183A3A3A3A3A3A3A3A3A3A3120F6C
:10BAC000E0851082851183A3A3A3A3A3A3A3A3A3AB
:10BAD000E0FCAA14AB15A90A12213474021211C396
:10BAE000E9700302B9DAE50A250BC333240AFA7BAD
:10BAF00000121AA48A0C8B0DAE0CAF0DEA4F700326
:10BB000002B9C08A828B8374D212C738F5838882C7
:10BB100012C7338A828B83A3A312CFE48A828B83DA
:10BB2000A3A3A3A3E50B12D0C9EA2405F582E43F41
:10BB3000F583E50B6021EA240AFAE43F12BC9D85F7
:10BB4000160C85170D750E00780C121191AC0B12A6
:10BB5000CE701211C38004E4F0A3F0EE2408F58245
:10BB6000E43FF583E50A700302B9A0A80BE828F8C2
:10BB7000E433F9EE28F8EF39F9E8240AFAE4391247
:10BB8000BC9D85140C85150D750E00780C12119155
:10BB9000AC0A12CE701211C302B9A4E50F6047744B
:10BBA000041214A912BC871211997508EA750918B4
:10BBB0007808121195E50FF5087808121199901878
:10BBC00082120FE075080078081211997407121498
:10BBD000A912BC811214A912BC8F1211C3E9705BA7
:10BBE0007CAB7D85804E74021214A912CAFF70408E
:10BBF00074041214A912BC871211997508EA750908
:10BC00001878081211957508007808121199901883
:10BC100082120FE0780812119974071214A912BC4D
:10BC2000811214A912BC8F1211C37C407D84800440
:10BC30007C097D857A8E7B841216C0E516451760D7
:10BC400007AA16AB17121B3AE51445156007AA148C
:10BC5000AB15121B3A74081211C37F10020F131296
:10BC6000BC632225E0FAE433FB121B3422A3A312A7
:10BC7000BE788882F5832212CC84F58312CC71FFC2
:10BC80002212C727740D2212C1ECF508780822127F
:10BC9000C1ECF97A067B8012222A740722FBEAF0B3
:10BCA000A3EBF02274EF120CB574F412125B8A0845
:10BCB0008B09ECFEEDFF740B1214A97403F0121241
:10BCC00033121C2A12C3F1E508240CF50CE43509E3
:10BCD000F50D7403121233121C24E9601DEE2413B7
:10BCE000F50AE43FF50B850A82F583E0F51074034D
:10BCF0006510601174016510600B851882851983C9
:10BD0000748402BDF8EE2408F8E43F880EF50F882D
:10BD100082F583E0F9602374FF69601EEE2414FA53
:10BD2000E43FFBEAFCEBFD7403651070188A828B1C
:10BD300083E0F8600574FF68700B851882851983AD
:10BD4000748202BDF8EE2409FAE43FFBEE240BFEF8
:10BD500050010F850C82850D83E064217002A3E001
:10BD60007065851882851983748C12C96DE0F51091
:10BD70007810121199EEFCEFFD8A828B8312C1DBE1
:10BD8000850E82850F83E0F912287874011211C3A1
:10BD9000E97066851882851983E4F01220A4850A6B
:10BDA00082850B83E064037050740112123BEEFA3B
:10BDB000EFFB122896E970417D007C007900EEFAD5
:10BDC000EFFB1221EE80328C828D83E0F50A780A37
:10BDD000121199EEFCEFFD8A828B8312C1DB1228CF
:10BDE0007E74011211C3E98518828519837007E4F6
:10BDF000F01220A480037488F012CDE5E0F50A78F3
:10BE00000A121199740112122B880A890B780A12EE
:10BE10001195850C82850D83E0F50AA3E04480F539
:10BE20000B780A12119512C3DA1211C3740C121195
:10BE3000C37F09020F13C082C08374F312125B85A3
:10BE40001882851983E4F0041214A912BC9E7403AD
:10BE50001214A9AA82AB8312244CAA18AB1912247B
:10BE600088740D1211C302B36612C97BFB121B3A10
:10BE70002212C97BFBEA4B22E0F8A3E02274E8120D
:10BE80000CB574DB12125B8A168B177514007515CE
:10BE900000750A0012C313351712C1E6F50EAC186F
:10BEA000AD197A007B00799C1225B4901DC1E06029
:10BEB00004640170147A0479001224B2EAF50A8548
:10BEC0001882851983E02A80088518828519837471
:10BED00001F0E0F8E50EC398400302C14DE0C395C0
:10BEE0000EF509C394044003750903E50975F01ABA
:10BEF000A4FAABF0121B348A148B15EA4B700302C0
:10BF0000C150750B00AE14AF15850E0802BFAE7C94
:10BF1000087D0079FFAA12AB13121A86E50C2404DF
:10BF2000F8E4350DF9EE2416FAE43FFBEE2415FC97
:10BF3000E43FFDEE2414F512E43FF5138882898373
:10BF4000E0702E850C82850D8312C40385128285D4
:10BF500013837004E4F080087401F0901A98E014E0
:10BF600085108285118312C96D740212CC92E4800F
:10BF700033901A98E00485108285118312CDA4C3F2
:10BF80009403851282851383400302C05C740212FD
:10BF9000CDA46401700302C0688C828D8374011289
:10BFA000CC927401F0EE241AFE50010F050BE50B44
:10BFB000C39509400302C0CDE508C3950A400302BA
:10BFC000C070AA087B001224F48A0C8B0D0508901F
:10BFD0001A8512C1B9850C82850D8312C733EE24F0
:10BFE00012F582E43FF583E8F0A3E912C1ABEE2439
:10BFF00018F510E43FF511851082F58374FFF08584
:10C000000C82850D83A3A3A3A3A3A3A3A3A3A3E04F
:10C01000C0E012C1A1D0E0F074011214A9E4F085CF
:10C020000C82850D8312C73374021214A912CFE457
:10C03000EE240AF512E43FF51374011212331224B0
:10C0400076E96401600302BF0F74041214A9AC8284
:10C05000AD83AA12AB13121C2A02BF1C740112CDAD
:10C06000A46403600302BF998C828D83E402BF9FA6
:10C07000E50AC3950E40057508008058E50EC39586
:10C080000AF508804F850C82850D83E412C96DF096
:10C09000901A98E0148A828B8312C1AB741D12141B
:10C0A000A9E0C0E012C1A1D0E0F0EE2414FAE43F10
:10C0B000FB8882898312C4038A828B837003E480A5
:10C0C000027401F0EE241AFE50010F050BE50BC3BC
:10C0D0009509507C740E12123BAA087B00798712D6
:10C0E00025B4050874181214A912C1B974101214D9
:10C0F000A9AC82AD83EE240AFAE43FFB121C2AEEBF
:10C100002412F8E43FF9740E1214A912C1DB8882DC
:10C11000898312BC9EEE2418FAE43FFBEE2416FC41
:10C12000E43FFDEE2415F50CE43FF50D901DC1E054
:10C1300060076401600302C085850C82850D8374ED
:10C140000212C96D0412CC9274FF02C099750900E5
:10C15000750A00780A12119978141211957809124B
:10C160001199E50EF509780912119974051214A9AF
:10C17000E0FD7C00E51612C3043517FBE51612C37B
:10C18000093517F583E0F912223C74051211C3E555
:10C190001445156007AA14AB15121B3A742502BC8E
:10C1A00057EE2419F582E43FF58322F0EE2417F5CB
:10C1B00082E43FF5837402F02212BE78F98E828FFA
:10C1C00083E8F0A3E9F07C997D1AEE2402FAE43FBB
:10C1D000FB121C2A2285188285198312C97BFB2237
:10C1E0001211C302C73FF58312C1EC22E0F8A3E0AD
:10C1F000F5838882E02274EE120CB574FE12125B95
:10C200008A0C8B0D75100075110012C313350D12B9
:10C21000C1E6F50AAC18AD197A007B0079A31228A3
:10C2200084AA0A12C72DC3EA98E499501E85188281
:10C23000851983E0C39AFEA3E09400FFC3EE940443
:10C24000EF940040647E037F0080627E00750B00E7
:10C25000EEF975080078081211997810121195E915
:10C26000F5087808121199E50AF50878081211996D
:10C2700074051214A9E0FDAC0BE50C12C304350DD6
:10C28000FBE50C12C309350DF583E0F91222427467
:10C29000051211C3E51045116007AA10AB11121B5E
:10C2A0003A74021211C302CE08EE4F60A0EEFAEF0C
:10C2B000FBEA75F015A4FAA8F075F015EBA42812A6
:10C2C000C9808A108B11EA4B6032750B00750E0025
:10C2D000C3E50E9EE49F400302C250AC08AD09A81E
:10C2E0000AE50E28FAE43400FB79A2122884E50856
:10C2F0002415F50850020509050E80D4750BB57993
:10C300000002C2522402FAE422240FF582E4228AB7
:10C31000088B09EA12C32722740102B6A3EAFEEBD6
:10C32000FF12C3263F22EA2413F582E42274F4129A
:10C330000CB574FA12125B12C30F350912BC7AEEF7
:10C34000FAEFFB122452E9600F12C3F1EEFAEFFB91
:10C35000121C24E96401700A74011214A9E4F0A308
:10C36000800974011214A9EEF0A3EF12CDF1FEA220
:10C37000E6500874031214A97401F0EEA2E7500805
:10C3800074041214A97401F074051214A9E412C4FF
:10C39000B0F0F50A780A121199740112122B880A6A
:10C3A000890B780A121195750A34750B80780A1278
:10C3B000119512C3DA1211C374011212331225A29D
:10C3C000EEA2E7400D74011214A912C40370031207
:10C3D000321474061211C302B5D47901E50824029F
:10C3E000FCE43509FDE508240FFAE4350912C4869A
:10C3F00022122BDE8A0A8B0BAC0AAD0B2285188227
:10C4000085198312BE78F9E8492274F6120CB574C6
:10C41000FF12125B12C31D12C1E6F50874FF650816
:10C4200070037508FEA90812256CE9851882851924
:10C4300083F0122962E96005A9081222E4EE240BB8
:10C4400012C47270277508007808121199740112CD
:10C45000122B880889097808121195750836750914
:10C4600080780812119512C47A1211C302C318EE13
:10C47000240EF582E43FF583E022790112C48DFA9F
:10C48000E43F12C48622FB1221E2740522EE24024C
:10C49000FCE43FFDEE240F22021157EAFEEBFFEA17
:10C4A00012CE28E0F8A3E08882F583E0FAA3E02228
:10C4B000F08518828519832212CCC4FCA3E0227473
:10C4C000F0120CB574D812125BEAFEEBFF908617DF
:10C4D000742012123B74081210D3901A87E0F8747B
:10C4E00008686008740468600302C71CAC18AD19C2
:10C4F0001221CA122DA074021214A9AC82AD8312AB
:10C50000C1D5122CAAE96401700302C71C74181269
:10C510001233122BF074021214A9AC82AD8374187A
:10C52000121233121C24E9602C122BEA8A088B09A0
:10C53000A808A909851882851983E0687003A3E01B
:10C5400069601212C72D901A7B12CFE47A7B7B1A96
:10C55000794B1223B0122BE48A088B09A808A90989
:10C56000EE241112C472687003A3E069604874027B
:10C570001214A9AA82AB8312C961601CA3A3A3A34E
:10C58000E0F87401686005740268700C740212149B
:10C59000A9AA82AB831224E8901B1512C40360166B
:10C5A000901DAEE06401700E12C1D5901B16E0F52F
:10C5B000838882120E2D790012C1D51226EC901AB2
:10C5C0008512C72712C1D5122D58740B1214A9E475
:10C5D00012C738F9740C1214A912CFE4740B12129A
:10C5E00033122476E9603F7C087D007900741812CC
:10C5F0001233121A86740E1214A9AC82AD83741809
:10C60000121233121C24E9601D74021214A9AC82A8
:10C61000AD83740E1214A9AA82AB8312244C740B3E
:10C6200012123312248874021214A9AC82AD8374DE
:10C630000E1214A9AA82AB8312244C740B1212336B
:10C6400012247CE9602A740C1214A912C7338518CD
:10C6500082851983E0687003A3E069601312C72D17
:10C66000740C1214A912CFE4740B12123312248822
:10C67000901DC1E060076401600302C71C7A107B53
:10C6800000901A4FE0F9121C068A0C8B0D8C0E8D4F
:10C690000F742012122B88088909750A0078081275
:10C6A00011917C087D0074051214A9A982AA837BCC
:10C6B00000121A8074031211C3E9FE75086275092D
:10C6C0001A78081211917C0B7D0074031214A9A929
:10C6D00082AA837B00121A8074031211C3E9F8E561
:10C6E0000C450D450E450F6014EE6011E9600E7AA1
:10C6F000107B00901A4FE0F9121C00801F901A6006
:10C7000012C403601712C72174021214A9AA82ABC3
:10C7100083901A61E0F5838882120E2D742802C17D
:10C72000E0851882851983E0FCA3E0FD228518824C
:10C7300085198312BE78F92212C4B012BE78227F06
:10C7400008020F1374EA120CB574F712125B8A1008
:10C750008B11750F007508007509001221D08A0C25
:10C760008B0DEA4B700302C8CE750E00801A8E82C4
:10C770008F83A3A3A3A3A3A3A3A3E50AF0A3E50B1D
:10C78000F0AE14FF050F050E850C82850D83E0F8D1
:10C79000E50EC398400302C81AE50EF50A750B00B2
:10C7A0007403780A121387E50C250AF582E50D3526
:10C7B0000BF583A3858212858313AA12AB1312246F
:10C7C000DC8A0A8B0BA90BEA4960BB8A828B83A3A4
:10C7D000A3A3A3E0FA74016A600574026A70A7E576
:10C7E0000A241BF582E439F583E0640170987A0A23
:10C7F0007B00121B348A0A8B0B8A14AC12AD131205
:10C80000C98FE4F0A3F0E5084509600302C76EAEE6
:10C810000AAF0B8E088F0902C784E50F700302C8A8
:10C82000C774081214A97402F0851082851183A3BD
:10C83000A312B7B512CFDD750E00E50FF50A750B23
:10C84000007403780A121387AA0AAB0B12CDDB60BF
:10C85000708028AE08AF09AC08AD09E50EF5087583
:10C86000090074037808121387E50A2508FAE50B16
:10C870003509FB121C2A050E12C8D8E508450970B7
:10C88000D2750800780812119975081F750980780B
:10C8900008121195780A121195A90F740512123B0E
:10C8A000E510240FFAE43511FB12220C7405121165
:10C8B000C3AA0AAB0B121B3A800DAE08AF0912C80F
:10C8C000D8E508450970F3AA0CAB0D121B3A7409A0
:10C8D0001211C37F0E020F138E828F83A3A3A3A313
:10C8E000A3A3A3A3E0F508A3E0F509EEFAEFFB127A
:10C8F0001B3A2274F2120CB51221D08A088B09EA75
:10C900004B605B750A008041E50AF50C750D0074FB
:10C9100003780C121387E508250CF582E509350D1F
:10C92000F583A3AE82AF83EEFAEFFB12C961601705
:10C93000A3A3A3A3E0F874016860057402687007FC
:10C94000EEFAEFFB1224E8050A850882850983E0E8
:10C95000F8E50AC39840B1AA08AB09121B3A02C90C
:10C96000761224DC8A828B83E582458322F08C82D6
:10C970008D83221211C37F06020F13E0FAA3E02277
:10C98000FB121B348A088B0922240EF582E4221242
:10C990001C2A850A82850B83A3A3A3A3A3A3A3A315
:10C9A0002274F6120CB5ECFEEDFF12CC7F12B5D955
:10C9B000F509AC08FDEEFAEFFB12CA1B8E828F83DD
:10C9C000A3A3A3A3A3A3A3A3F0E5082409F50850F8
:10C9D000020509F58285098312CE5812CFE5850834
:10C9E00082850983A3A3E0F8EE12CE22E508240392
:10C9F000F5085002050912CE177010AC08AD0912E7
:10CA0000CA1BC0E012CE0DD0E0800C8508828509DB
:10CA10008312CE3FF0A3E9F002B6A6121C2A8508C5
:10CA200082850983A3A3A3A3A3A3A3A3E02274F2F3
:10CA3000120CB5750A00EA241312CC76EA2410F51C
:10CA400082E43BF583E0C3940C4009888289831219
:10CA5000CAFFF50AA80AE828F8E433F9E8240D1219
:10CA6000CE31700302CAF88E828F8312BC7C8E8214
:10CA7000F583E0F88A828B8312CDB8AE82AF8370E3
:10CA800077EEFCEFFDEA240312CB0D50010FF58287
:10CA900012D16112CFE5E508240BF8E43509F9E875
:10CAA000FAE9FB8882F583E4F0E50A604BE50824A7
:10CAB0000DF8E43509F98E828F83A312CE7C12CD56
:10CAC000BFC0E012CDCED0E0F0EE2404FE50010F46
:10CAD000850A0B8E828F83E0FCA3E0FBEC888289C1
:10CAE0008312BC9FE82402F8500109EE2402FE5094
:10CAF000010F150BE50B70DBAA08AB0902C9761212
:10CB0000BE78C8240BF582E438F583E022FAE435D8
:10CB100009FB121C2AEE2408FE2274F6120CB51230
:10CB2000CC9C600302CC30E812C30439FBEC240334
:10CB3000FEE43DFF8A828B83E05407F5088E828FE6
:10CB400083E054F84508F50912CC3AA2E3E433F542
:10CB500008A2E0E433333333F50874F75509450888
:10CB60008E828F8312CC3AA2E4E433FAA2E0E4335B
:10CB7000C4FA8E828F83E054EF4AF0E82403FAE48B
:10CB800039FBEC24040EE43DFF8A828B83E054F8E9
:10CB9000F5088E828F83E054074508F50812CC3AD9
:10CBA0005407FA74F855084A8E828F8312CC508C41
:10CBB000828D83A3A3A3A3A312CC3FA312CD9D1266
:10CBC000CC5612CC3312CC5612CD9D12CC6712CC5F
:10CBD0003312CC67A312CC33A3A3A3A3A3A3A3A311
:10CBE000A3F0E8240AF8500109F582898312CC7178
:10CBF000FBEC240BF582E43DF583EE12BC9F8882AA
:10CC00008983A3A3E0C0E0EC240DF582E43DF58325
:10CC1000D0E012CC3FE0C0E0EC12C9893DF583D0F2
:10CC2000E012CC50C0E0EC12C3093DF583D0E0F037
:10CC300002B6A6E08C828D83A32212CC96E022124B
:10CC4000CC432212CC4722F088828983A3A3A3225B
:10CC500012CC43A3E02212CC5A22A3A3A3A3A3A3E2
:10CC600012CC47A3A3A322A3A312CC5AA3A322F5B9
:10CC700083E0FEA3E022F8E43BF9E8FEE9FF22129C
:10CC8000CC8322EA12C3273B228A82F583E08C827E
:10CC90008D8312CC9622F08A828B832212CC83124F
:10CCA000CCC48C828D83F088828983A3A882A983D7
:10CCB00012CC71FBEE8C828D83A3F0A3EBF08C82FF
:10CCC0008D83E022F583E0F8A3E0F98882F583E024
:10CCD0002274F0120CB512CE4AF50DA385820A8596
:10CCE000830BA3A3E0F50CF50812CE6B3400FB1206
:10CCF0001B348A0E8B0FAE0EAF0FEA4F60458A824F
:10CD00008B83E50DF0850A82850B8312CD4A8E82D6
:10CD10008B83A312CFE58E828B83A3A3A3E50C1292
:10CD2000CD54A3A3A982AA83890C8A0D880E780CFE
:10CD3000121191AC087D00EE12CE6B3FFB12CE7645
:10CD40001211C3EEFAEFFB02C73FE0FAA3E0F8E4EA
:10CD5000C8F9EA2212CD5822F0850A82850B83A3F6
:10CD60002274F7120CB5EA2413F8E43BF98882F533
:10CD70008312C97BF5838A8212CD9E12CDA4F8A3BB
:10CD8000E0F98882F583A3E0FA88828983A3A3E08F
:10CD9000F9EA8C828D83A312CFE502B576A3E08CED
:10CDA000828D832212CDA822F088828983E022F02E
:10CDB000A3E912CDB8A3E022F08E828F83A32212C2
:10CDC000CDC4E02212CDC82212CDB8A3A322E5081B
:10CDD000240CF582E43509F58322FB121B348A0A00
:10CDE0008B0BEA4B22E508240EF582E43509F58326
:10CDF0002212CDF9A3A3A3E02212CDC8A3A322F04F
:10CE00008A828B83A3A3A3227F0A020F13EE24142A
:10CE1000F582E43FF58322EE240BFAE43FFB740332
:10CE2000682212CE28E8F0222413F582E43FF5832D
:10CE300022FAE439FB121B348A088B09EA4B22E000
:10CE4000FCA3E0F9EC8A828B832212D0C1F50AA3FD
:10CE5000E0850A82F583E02212C97BF9EA8E828F8F
:10CE600083A3A3A3A3A3A3A3A3A3222404FAE4223A
:10CE7000EC2CFCE433FD121A74740322A3E08A82C2
:10CE80008B832274F0120CB5EB8C088D0912CC89BF
:10CE9000A3AE82AF8312D028A312CFE5EE2402FE08
:10CEA00050010FF5828F8312CFCF12CDAFC4540F34
:10CEB0008C828D83A3A3A3A3A312CDBFF50CEE2474
:10CEC00004FE50010F8C828D83A3A3A3A3A3A3E52B
:10CED0000CF0EC2407F50AE43509F50BE50C60527B
:10CEE00012CFC7A80EA90F850A82850B8312CFD651
:10CEF00049700302CF837A0080328E828F83E0F5FF
:10CF00000EA3E0FCE4CCFDE50E2CE43DF50FEA2594
:10CF1000E0FCE433FDE82CF582EB3DF583E50EF013
:10CF2000A3E50FF0EE2402FE50010F0AEAC3950CB0
:10CF300040C88E828F83E0F50CA3AE82AF83850854
:10CF400082850983A3A3A3A3A3A3A3A3A3F06072D1
:10CF500012CFC7A90F850882850983A3A3A3A3A322
:10CF6000A3A3A3A3A312CFD649701C850A82850B65
:10CF70008312BE71600D121B3A850A82850B83E411
:10CF8000F0A3F07901803D7A0080318E828F831288
:10CF9000B5DBFCE4CCFDE5082CE43DF509EA25E031
:10CFA000FCE433FDE50E2CF582EB3DF583E508F05E
:10CFB000A3E509F0EE2402FE50010F0AEAC3950C26
:10CFC00040C9790002C73F12BC638A0E8B0F221240
:10CFD000D02CA3A3A322EAF0A3EBF0EA22F9851850
:10CFE00082851983E8F0A3E9F02274F6120CB58C5F
:10CFF000088D0912B7B0FF8882F58312D02812CFAE
:10D00000E5E82402FE50010FFCEFFDE50812C30421
:10D010003509FB121C2A8E828F83A3A3A312D13E53
:10D02000A3A3A3A3F002B6A612D02C22E0FAA3E099
:10D03000F9EA8C828D832274F2120CB5EA12BC7765
:10D04000EA240CF582E43BF583E0641F7004A3E05E
:10D05000648070098E828F83A3AE82AF838E828FAD
:10D0600083E0F50DA3AE82AF83F508750900740364
:10D070007808121387E5082401FAE4350912CDDA9D
:10D0800060388A828B83A38582088583098A828B94
:10D0900083E50DF0750C00801AEEFCEFFDAA08ABDD
:10D0A0000912CB1250010FE5082408F508500205BB
:10D0B00009050CE50CC3950D40DFAA0AAB0B02C9AC
:10D0C0007612C3263BF583E02212CDFFA3A3A3A3D0
:10D0D000E50AF02274F6120CB58C088D0912CC7F8B
:10D0E00012D17185088285098312146E8E828F8316
:10D0F000A3A3A3A3E0FAE5082404F8E43509F9EAB8
:10D1000088828983F0C3940650098E828F8312D15E
:10D1100043802774FE6A600574FF6A701E8E828FDA
:10D120008312D13EF0EE2406FE50010F88828983DF
:10D13000E0F4700712D155F0A3E9F002B6A612D1BF
:10D1400043A322A3A3A3A3A3E0850882850983A305
:10D15000A3A3A3A3228E8212D161A3A3A3A3A3A3FB
:10D16000228F83E0FAA3E0F9EA850882850983A388
:10D170002212CC6FFF7904EEFAEFFB121A92EAF852
:10D18000EBF9ECFAEDFB2274F7120CB5E99018AB51
:10D19000F090188A7402F090188274FEF0A304F0E4
:10D1A000122BDE12211C7A737B1D1232AA1220B6BA
:10D1B000121FC602D5FF74F7120CB574F012125B81
:10D1C00089081222DEE508603A901AA1E0703490D6
:10D1D0001D9DE06401702C9019D5E06026AC18AD5F
:10D1E000197A627B0012235C7900AA18AB19122904
:10D1F000B079001229B67C107D007900AA18AB190D
:10D20000121A8612E6D9601812D225FEA3E0FF1288
:10D21000D45AEFF99018B1EEF0A3EFF0EE4970E8B0
:10D22000741002D5FC9018B1E0F8A3E0F583888271
:10D23000E02274F2120CB5890AEAFEEBFF5480700A
:10D240002DEAA2E0504079011220C27C0F7B0F90A2
:10D2500018AFE0FA9018B4E05407F9122122EE64F6
:10D260000102D337121FBAAA08AB09121AAA9018E2
:10D27000ABE0F9121ABC8A088B09EA4B70E6EEFAA9
:10D28000EF648002D36254026009121FA2EE6402AE
:10D2900002D337EA5420602B9018ACE0701D901830
:10D2A000AEE06406700579071220C27900121BD027
:10D2B000901DAEE0640170031220C812E95DEE64B7
:10D2C000208074EB5440600B12209EEEFAEF644015
:10D2D00002D362EB542060349018AEE0640C700D01
:10D2E00079021220C212208C901D95800B790C12AD
:10D2F00020C2122092901D91120FDC7A007B201226
:10D30000DE681211C3EEFAEF64208056EA54106012
:10D310002A9018AEE0F912212E9019C8E06401702D
:10D32000139086C2120FDC7A007B08901AD212DEAC
:10D330006B1211C3EE6410FAEF8027EA54086006FE
:10D34000EA6408FA8037EB5401601A901A87E0F813
:10D3500074086860057404687003121FAEEEFAEF7B
:10D360006401FB8018EA5404600A7A0379FF1223EF
:10D37000981214B3EEFAEFFBA90A121F8A02E60014
:10D3800074F0120CB5EAFEEBFFEA5440607712E647
:10D39000D9606D12EB09A3A312E5761222EA12D22C
:10D3A00025F508A3E0F50912D45A9018B112E61633
:10D3B000E5084509604A850882850983A3A3A3A3DC
:10D3C000E0F50CA3E0F50D8014850882850983A3A0
:10D3D000A3A3A3C3E0950CF0A3E0950DF08508820C
:10D3E000850983E0F508A3E0F509E508450970D94A
:10D3F000E4F50EF50F780C12118D12DE641211C3D4
:10D40000EE6440801AEA54806019121FD8121FA8D7
:10D41000790112316C7A0179031231D8EE6480FA05
:10D42000EF802BEB5402600A121FDEEEFAEF64026B
:10D43000801CEB5408600A12236EEEFAEF64088039
:10D440000DEB5404600B122374EEFAEF6404FB80BE
:10D45000047A007B007F08020F139018B1E0FAA352
:10D46000E0FB121B3A2274F0120CB574F712125B37
:10D470008A0A8B0B89097508017E007F009018AE1F
:10D48000E08518828519837008E4F0F912238C80F6
:10D49000037401F0AA18AB1979521223B01220CEEE
:10D4A0009018B6E0901A72F09018B3E06404707AA5
:10D4B000E4F0122C14122C1A1223807401650860F7
:10D4C0000302D59E121F9C121A9EEA547FF8E50AA9
:10D4D00028F8E4350BF9E82464FEE439FF9019B22A
:10D4E00012147A9018A612146E7A0279FF122398F9
:10D4F00079011215D0901A7874FEF0A304F0901AF6
:10D500007B14F0A304F0901A85F0A3F07C087D0052
:10D5100079007A997B1A121A867900122C327401DA
:10D520006509703B7A007B008048121F96E9F50878
:10D530007080121FB4E9F508750C018E0D8E0E8EE9
:10D540000F901A7AE0780C1211139018A6E50CF0DF
:10D55000A3E50DF0A3E50EF0A3E50FF002D4BB7C2C
:10D56000087D0079007401121233121A86740112B8
:10D57000123312237A750C64750D1A780C121195FA
:10D58000750C6E750D00780C1211957C007D007A7B
:10D590002112D5D71211C37A027900122398A90853
:10D5A000121F7E74FF650A700474FF650B60109093
:10D5B00018AE7401F0121FFCEEFAEFFB12207A9005
:10D5C00018B6E0F9122C74A90874091211C302D418
:10D5D000557C007D007A827B00121BB87404227493
:10D5E000F7120CB57E00122392E9F8A2E150077EF3
:10D5F00001790012316CEEF9800574051211C37FB8
:10D6000001020F13C082C083901DC1E0700E9018FC
:10D61000AF7402F09018B4E054F880369018B4E07B
:10D6200054F8F8901DC1E06401700474018007E0B3
:10D63000640270077402489018B4F07AFE7B1912E5
:10D640002DBEE99018AF7003E480077403F0901DBD
:10D650007204F002DEEDC082C0839018ACE0704529
:10D660009018AEE06408703312206E79091220C25F
:10D6700090040FE06405700A79011231D2121FD8AC
:10D68000800CE0640770077A0179071231D8901D89
:10D69000AEE0640170081220C8800312E95D7900D1
:10D6A000121BD08030122C68E97900241050010937
:10D6B000C394FFE99400A2D265D0335013122C68B2
:10D6C000E9F8741029F9122C6E7A0112E95F8005CD
:10D6D00079001231D202DEEDC082C0839018AEE034
:10D6E00064057035121FF612E88060097B007A002D
:10D6F000790012259C1220A4121FDE122098901887
:10D70000B6E0A2E35008901DAEE06401700E901DDB
:10D710007A121492122C0280031220A402DEEDC0B1
:10D7200082C083790F122C267A0279001223980284
:10D73000DEED74F7120CB5122C14E9FE703F122CBA
:10D7400020E96030122BE490188212EB48F9EA4984
:10D7500070079018B4E054F8F0901DC1E064029096
:10D7600018AF70097403F0901A87E48002740112F4
:10D77000DFA280027E09901A43E4F0A3F0EE700469
:10D7800079008002790102D5FF74F6120CB58A8205
:10D790008B83E014602B14605B24E8600A244760EC
:10D7A0000B24D6600C807C12225A807A121FC08013
:10D7B000759018E212E6DC606D12EB09120E2D80F6
:10D7C000659018AEE06402705D901DC1E064016078
:10D7D00005E0640270501231CCE960061231C0E9F4
:10D7E0006044122B00EA4B60047901800279001238
:10D7F00031BA8032901DC1E064016005E0640270BE
:10D800002590040FE064076005E06408701090182C
:10D81000ACE0700A7A0190040FE0F91231D8121FBF
:10D82000D28003121FCC80227508AD7509187808C4
:10D8300012119575080175090078081211957C0080
:10D840007D007A8512D5D71211C37F02020F13749F
:10D85000F6120CB574EB12125B12E91CE0F508A38A
:10D86000E0F5097808120E81020021002200A5D8F7
:10D87000008001807AD80000B7D81221AC8A088BCA
:10D8800009AF09EA4F60308A828B83E0700EEA2488
:10D8900003FCE43FFDA312E576122170AA08EFFB1A
:10D8A000121B3A8012AC18AD191221A6AC18AD1992
:10D8B000EEFAEFFB12216A7415808CC082C0837A65
:10D8C0000112D8DA7A0012D8DA7A217B0012D8DC79
:10D8D0007A227B0012D8DC02DEED7B809018ABE070
:10D8E000F912224E22C082C0838A828B83E024FCFC
:10D8F000600A24FE601824FE6021802F901DC1E084
:10D9000064016005E0640270221232BC801D901D2B
:10D91000C1E0640170151222FC8010901DC1E0640A
:10D92000016005E06402700312230202DEED74F66A
:10D93000120CB59018AEE06403600FE0640A7071D9
:10D940009018B4E054076401707E9018ACE07059F0
:10D9500012E95D7901121FEAE9700979051220C206
:10D96000790180479018AEE0640A700D12E8856076
:10D9700024901A877408F0801CE06403701712204A
:10D980009890040FE06402700C790112316C7A01F6
:10D9900079021231D812E880700302DAA77B007A8C
:10D9A00000790012259C02DAA779001231A802DA68
:10D9B000A7E064046012E0640E600DE0640F60088C
:10D9C000E0640D600302DA9E9018ACE0706090187D
:10D9D000B0E4F07901121FEAE9700F79051220C254
:10D9E0007A107B27121FF002DAA779061220C27A7A
:10D9F000007B2012DAAA9018B6E0A2E3501D901D19
:10DA0000AEE0701790874A121492122C027A007BB3
:10DA100000122C087A007B00122C0E12E885600997
:10DA20007B007A00790012259C122098807990184A
:10DA3000AFE0640170379018B0E004F0C394045074
:10DA40001F901A85E0F47003A3E0F4601B9018AFF8
:10DA50007403F090188B7401F0901D727404800CA4
:10DA6000901A06E0640170059018AFE4F0122D40A2
:10DA700012255A9018B6E0A2E35008901DAEE0645B
:10DA80000170249018AFE06403701C901D8FE0F5C6
:10DA900008A3E0AA08FBE4FCFD122C028009E06068
:10DAA0000612209812E95D02D84A9018ABE0F912EC
:10DAB0001C002274F1120CB574F412125B7E007516
:10DAC000089975091A8E0A80010E903A94E493F829
:10DAD000EEC398400302DB89A818A919880C890DA8
:10DAE000780C121195750C0C750D00780C121195AF
:10DAF0007C007D00EE2475FAE43400FB12DCCF12CA
:10DB000011C374041214A9A982AA83890C8A0D7501
:10DB10000E00780C1211917C087D00A908AA09ABAF
:10DB20000A12DCBD1211C3E9705F7C08790074042D
:10DB30001214A9AA82AB83121B1CE9608CEEFF7839
:10DB4000081211917C087D0074071214A9AA82ABF7
:10DB500083121A7474031211C3851882851983E421
:10DB6000F0A3F0A3F0A312E0C612119575080C758E
:10DB7000090078081211957C007D00EF2475FAE405
:10DB80003400FB12D5D91211C302DCC374F1120C9C
:10DB9000B574DF12125B740C1212331229AA740CC2
:10DBA00012122B88088909780812119575081575C5
:10DBB0000900780812119512D5D11211C375080009
:10DBC00080020508AE087F00903A94E493F8EEC313
:10DBD00098507DEE2475FE50010FA818A919880AE7
:10DBE000890B780A121195750A0C750B00780A12C8
:10DBF00011957C007D00EEFAEFFB12DCCF1211C311
:10DC000074041214A9A982AA83890C8A0D750E00C6
:10DC1000780C12119112DCB31211C3E960A4741DC7
:10DC20001214A912147A85188285198312146EA809
:10DC300018A91988088909780812119575080C75B2
:10DC4000090078081211957C007D00EEFAEF8045FE
:10DC50007C087D0079FF74041214A9AA82AB831298
:10DC60001A86741D1214A912147A851882851983D4
:10DC700012146EA818A91988088909780812119534
:10DC800075080C8F0978081211957C007D00EE2430
:10DC900074FAE43400FB12D5D91211C3901A43E48C
:10DCA000F0A3F07C15FDF9740C121233121A86746D
:10DCB0002180127C087D0079997A1A7B00121A80E3
:10DCC000740322740C1211C37F07020F137B00121E
:10DCD0001BBE74042274F1120CB574F412125B753D
:10DCE00008008046A818A919880A890B780A121119
:10DCF00095750A0C750B00780A1211957C007D0051
:10DD0000EEFAEFFB12DCCF1211C374041214A9A9AE
:10DD100082AA83890C8A0D750E00780C121191125B
:10DD2000DCB31211C3E970250508E5082475FEE48B
:10DD30003400FF903A94E493F8E5089840A68518DB
:10DD40008285198312147AE8494A4B60589018AAC0
:10DD5000E070527401F090875278081214528518BE
:10DD600082851983780812133B85188285198312DE
:10DD7000147A901A3B12146EA818A91988088909F8
:10DD8000780812119575080C75090078081211951C
:10DD90007C007D00EEFAEFFB12D5D91211C3901A68
:10DDA00043E4F0A3F002DCC374F5120CB574DB128B
:10DDB000125B7E00121FE4741012122B880889096E
:10DDC00078081211957508158E0978081211957C3E
:10DDD000007D007A8212DCCD1211C3E970327C1012
:10DDE00012DE1C8E0A78081211917C107D007414CA
:10DDF0001214A9A982AA8312DCBB1211C3E9701004
:10DE00007E017C157D0079007410121233121A867F
:10DE1000EEF974251211C37F03020F137D00790000
:10DE2000AA18AB19121A86A818A9198808890922F4
:10DE300074F4120CB512DE4F7012E4F50AF50B788B
:10DE40000812118D7A0412DE661211C302E0C18A33
:10DE5000088B097A047B009018ABE0F9121C06EAE3
:10DE60004B4C4D227A407B009018ABE0F9121BF42A
:10DE7000740422C082C0837A047B0012DAAA7A0476
:10DE80007B009018ABE0F9121AEC02DEED74F6128A
:10DE90000CB59018ADE4F07508AD75091878081246
:10DEA00011957C017D007A857B00121BAC740212F7
:10DEB00011C3E9701C7808121195750801750900E5
:10DEC00078081211957C007D007A8512DCCD121144
:10DED000C302D84A74F6120CB5E9FE9018AD74016D
:10DEE000F06E70037403F002D8281211C3D083D0EF
:10DEF0008202115774F6120CB5E9FE1220027A88DC
:10DF00007B131227B87A007B01901AD212DAAD7A0D
:10DF1000007B01901AD2E0F9121AEC901DC1E06466
:10DF200002704474016E7028901D8712147A901D3F
:10DF30007A12146E901D8D12E92E9019EAE8F0A362
:10DF4000E9F0901D8B12E92E9019ECE8F0A3E9F0AE
:10DF500090874A121492122C027A007B00122C0E27
:10DF60007A007B00122C0874016E702C9018AE742D
:10DF700002F09018AF04F090188B740112DFA29099
:10DF80001A877402F012255A121A9EEA547F2464EA
:10DF9000FA7B0012207A80077A887B13121FF00226
:10DFA000D84AF07C997D1A7A8C7B18121C2A22742C
:10DFB000F1120CB574E612125B8A088B09ECFEEDC7
:10DFC000FF890AECFAEDFB1222A2EEFAEFFB122215
:10DFD0006C90043412E6DC603374111214A97403DB
:10DFE000F08E0C8F0D750E00780C1211917C087D4F
:10DFF00000740C121233121A7474031211C37409D0
:10E0000012123390043412EB06120E2D7401121406
:10E01000A9E4F0A3F074031214A912E61674051211
:10E0200014A9EEF0A3EFF074071214A97402F074AF
:10E03000291214A9E0705C122962E9705674121258
:10E04000123B7A007B0079AB122884E4F50CF50DC5
:10E05000780C121195740212123BEEFAEFFB1229A2
:10E060003E74021211C3901DBEE064017017851842
:10E0700082851983E0700E74081214A9E4F004126A
:10E08000123312294474081214A97401F0121233C5
:10E09000122944A90AEEFAEFFB122C807900AA0893
:10E0A000AB091226EC901A85E0FCA3E0FDAA08ABB0
:10E0B00009122D5812206E741A02DCC57404121154
:10E0C000C37F04020F13F0A818A9198808890978DA
:10E0D000082274ED120CB5890C8A0E8B0D8C0A8DFA
:10E0E0000BAE0DEBFA7B00121AA48A088B09EA4BDF
:10E0F0006035EE6020E50A450B601A850A10850B35
:10E10000117512007810121191EEFC7D00121A7434
:10E1100074031211C3850882850983E50EF0AA08ED
:10E12000AB09A90C121AB07F0B020F13C082C08377
:10E1300074FD12125BE9851882851983F090189896
:10E1400012E7146009AA18AB19120E2D801274027E
:10E150001214A9E4F00412123B7B027A0112E16767
:10E160007900740302DEEA9018ABE0F91220142261
:10E1700074F7120CB574EF12125BE99018ACF060F2
:10E180000302E262790112316C901DC1E0700B90C4
:10E1900018AEE0701279081220C2901DC1E060072D
:10E1A0006401600302E262908460740112123B74A5
:10E1B000101210D3122962E9700302E2627A997B8D
:10E1C0001A122DBEE9700B7C7F7D0B7A997B1A1297
:10E1D0001C2A7A007B0079F01223B07A787B1A79B6
:10E1E000531223B0901A72E0A2E35004D2F08002DE
:10E1F000C2F0A2F0E433851882851983F0AA18AB27
:10E200001979521223B0901A877408F0122C2C122C
:10E210001FE4901A3B12147AE8494A4B700D901A89
:10E220003B7401F0A3E4F0A3F0A3F07A007B0312A7
:10E23000E961740112123312230E79007401121273
:10E24000331229B0901AA1E0700579001229B67C2A
:10E25000107D0079007401121233121A86790112AE
:10E2600031D27A0212E95F741102D5FC74EE120CFD
:10E27000B58A088B0990189A12E7146006120E2DC1
:10E2800002E4D8901AD312E60E901AD3E0F50AA34E
:10E29000E0F50BEA2404F50EE43509F50FEA240253
:10E2A000F50CE43509F50D802B12E92A850C8285E1
:10E2B0000D83E0687003A3E06970128E828F83A3E0
:10E2C000A3E0F8850E82850F83E06860678E0A8F71
:10E2D0000B12E605EE4F70D17A167B00121B348AC2
:10E2E000108B11AE10AF11EA4F700302E4D87C1608
:10E2F0007D007900121A868E828F83A3A3A3A3A325
:10E30000A3A374FEF0A304F08E828F83A3A3A3A320
:10E31000A3A3A3A3A3A3F0901AD312E6DC700590E5
:10E320001AD3800BE50A2414F582E4350BF583EE4D
:10E33000F0A3EFF0850882850983A3A3A3A3A3A379
:10E34000A3A3A312E4DDA3F0E5082408F8E435094B
:10E35000F98882F58312E4DDF0850E82850F83E073
:10E360008E828F83A3A3F0850C82850D8312E576C0
:10E370008E828F8312EB48E508240CF582E4350980
:10E38000F583E0C0E0EE2413F582E43FF583D0E0AE
:10E39000F0EE240BFAE43FFB88828983E06401609D
:10E3A0000EE508240DFCE43509FD121C2A80097CC9
:10E3B000087D0079FF121A86E508240AF8E4350979
:10E3C000880AF50B8882F583E0F8901CA2E0C398D8
:10E3D000400302E4D8850882850983A3A3A3A3A3ED
:10E3E000E0640160091231CCE9700302E4D8C2F0A4
:10E3F000850A82850B83E0F50CEE2409F8E43FF9E9
:10E400008882F583E0F50DEE240AFAE43FFBE50887
:10E41000240BFCE43509FDE50DC3950C500C8C82F2
:10E420008D83E0C3941440198019E50D650C7013B9
:10E430008A828B83E0F50C8C828D83E0C3950C502F
:10E4400002D2F0E5082406F50CE43509F50D850C3B
:10E4500082F583E0701B850882850983E0F50EA3B1
:10E46000E0F50F901A7BE0650E7004A3E0650F7075
:10E4700039A2F05035850882850983E0F50EA3E0C6
:10E48000F50F8E828F83A3A3A3A3A3A3A3E50EF00E
:10E49000A3E50FF0850A82850B83E088828983F0EB
:10E4A0008C828D83E08A828B83F085088285098344
:10E4B000A3A3A3A3A3A3A3E0600B8E828F83A3A334
:10E4C000A3A37401F0850C82850D83E0600A8E821F
:10E4D0008F83A3A3A37401F07F0A020F13E08E823F
:10E4E0008F83A3A3A3A3A32274F7120CB5E99018FA
:10E4F000ACF0700B9018AEE0700579061220C27A6D
:10E500002012E95F02D5FF74F7120CB574FB1212EA
:10E510005BE9FE9018ACF070149018AEE0700579CD
:10E52000031220C2901D7A121492122C0290189C91
:10E5300012E6DC602FEE851882851983F0901A7838
:10E5400012E57674011214A912EB48901A7B12E5B9
:10E550007674031214A912EB48AA18AB19888289A1
:10E5600083120E2D7C007D007B027A0212E167028D
:10E57000D5FA8E828F83E0FAA3E0FB22C082C083AB
:10E5800074FF12125BE9851882851983F09018A236
:10E5900012E7146007AA18AB19120E2D740102DEDF
:10E5A000EA74F2120CB58A088B0990040112E60E87
:10E5B0001220A412E95D8041EE2402F8E43F880AAB
:10E5C000F50B8882F58312D22860277A047B00122B
:10E5D0001AA4EA4B601C8A828B8374D6F012E6146C
:10E5E000850A82850B8312EB06A3A312D228F912A7
:10E5F0001AB08E828F8312E60EEE4F70BB122098F7
:10E600007F06020F13EE2414F582E43FF583E0FE4B
:10E61000A3E0FF22A3A3E508F0A3E509F02274F02C
:10E62000120CB512DE4F6005790102E6D61220A465
:10E6300074101214A9E0F8600D7401686008740287
:10E6400068600302E6D47A067B00121B348A0A8BC8
:10E650000BAE0AAF0BEA4F70047910807912E6D93D
:10E660009018B17006EAF0A3EB801BE0FAA3E080FB
:10E6700003E8FAE9FB8A828B8312E6DC70F38A8274
:10E680008B83EEF0A3EFF07A407B009018ABE0F9BB
:10E69000121C068A0C8B0D8E828F83E4F0A3F08E01
:10E6A000828F8312E6147458C3950CF87402950D8A
:10E6B000F98E828F83A3A3A3A3E8F0A3E9F0745893
:10E6C000687003740269700C908756120FDC12DEBA
:10E6D000641211C3790002D4559018B1E0F8A3E098
:10E6E000F9E8492274F7120CB574FB12125B12EBB5
:10E6F0004274021214A9ECF0A3EDF074041214A9F0
:10E70000E9F090189612E7146007AA18AB19120ED8
:10E710002D02D5FAE0F8A3E08882F583E5824583EF
:10E720002274F4120CB5EAFEEBFF122BDE8A088B82
:10E7300009AC08AD09EE240BF50AE43FF50BEE2415
:10E7400002F508E43FF509AA08FB121C24E964015C
:10E75000701890189E12E714600BEEFAEFFB120E81
:10E760002DEA4B703212E874802D850A82850B8366
:10E77000E0F50A780A1211998E828F83A3A3A3A3CE
:10E78000A3A3A3A3A3A3E0F9AC08AD0912E57212F9
:10E79000200E74011211C302E0C174F2120CB574A0
:10E7A000FD12125BEAFEEBFFEA240BF8E43F880857
:10E7B000F509EA240C08E43F880AF50B8A828B836A
:10E7C000A3A3A3A3A3A3A3A3A3A3E06401703D7485
:10E7D000021214A9E4F08882850B83E0701F740193
:10E7E0001214A9E4F0850882850983E085188285E2
:10E7F0001983F0123214AA18AB191225A812E87462
:10E80000740212123379521223B08051122BEA8A09
:10E810000C8B0D850882850983E0F912E572E50C01
:10E820006A7003E50D6B7018740169600E12E8855B
:10E83000700E850A82850B837401F012E874801DC6
:10E84000850A82850B83E0F5087808121199EE2479
:10E8500002FCE43FFD12200E74011211C39018A0B7
:10E8600012E7146007EEFAEFFB120E2D740312117B
:10E87000C302E600850A82850B83E0F91220082294
:10E8800079061220C29018B4E054076402220211E3
:10E8900057C082C08312266802DEEDC082C0831298
:10E8A0002BE402DEEDC082C0837A007B0112DE57CA
:10E8B00070031220A402DEED74F6120CB512E91CEE
:10E8C00012E92E54807052EA240BF582E43FF5835E
:10E8D000E070467413687001E9603EE8F508E944A9
:10E8E00080F5097808121195E4F508F50978081201
:10E8F0001195EA240EF582E43FF583E0FD7C84EA7D
:10E900002402FAE43FFBEE240FF582E43FF583E0B6
:10E91000F912223074041211C302D84AEAFEEBFF46
:10E92000EA240CF582E43FF583228E828F83E0F89F
:10E93000A3E0F92274F4120CB5EA4B60188A088B34
:10E9400009E4F50AF50B780812118D7A0112DE66DA
:10E950001211C380057A0112E95F02E0C17A107BCF
:10E96000009018ABE0F9121AE622C082C0837A0048
:10E970007B0112DE5770031220A402DEED74F71241
:10E980000CB5E9FE9018B6E0A2E1501A901D9BE08C
:10E990006E60139018B4E054F84402F09018B67406
:10E9A0000CF0F9122C7402D5FFC082C0839018AE0F
:10E9B000E064016005E064027011901D717401F063
:10E9C0007A007B0012207A79018002790002DEED64
:10E9D000C082C0839018AEE06401600AE064026007
:10E9E00005E0640C7009901D71E4F07901800279F2
:10E9F0000002DEED74F6120CB57A007B001227B827
:10EA0000122BDE8A088B09AE08122BE475080078F9
:10EA1000081211999018B6E0F9EEFCAD0912220621
:10EA200074011211C37A007B001227B802D84A740D
:10EA3000F4120CB574F612125BAA18AB1912253633
:10EA40008A088B09EA4B6054851882851983E06037
:10EA50004474091214A9740FF074011214A974FCFF
:10EA6000F0A374FFF0750A00780A121199750A1F55
:10EA7000750B00780A121195780812119574051219
:10EA800014A9E0F9740612123B7A227B1912220CA7
:10EA900074051211C3AA08AB09121B3A740A02E0EA
:10EAA000BEC082C083901A72E0A2E140097A007B66
:10EAB0000112E961801090875A120FDC7A007B0105
:10EAC00012DE681211C302DEEDEA24010A50010BC6
:10EAD00002115774F7120CB574FB12125B12EB4261
:10EAE00074021214A9E9F074031214A9ECF0A3ED56
:10EAF000F090189412E6DC600AAA18AB1912EB0920
:10EB0000120E2D02D5FAE0F8A3E0F583888222C028
:10EB100082C0837A00EA25E012EB54E4F0A3F00A05
:10EB2000EAC3940940EF02DEEDC082C083E9C394DA
:10EB300009500A12EB4E12EB48790080027902026A
:10EB4000DEED851882851983EAF0A3EBF022E9292E
:10EB500012EB5422F8E433F9749428F582741839CE
:10EB6000F5832274F7120CB5E9FE9018AEE06E60E2
:10EB700005E9F012E95D02D5FF74F4120CB5121A22
:10EB80009EEA5410F508EB5427F509E4F50AF50B55
:10EB900090876E7808121315780812118D7A007B11
:10EBA000409018ABE0F9121BF402E0BC74E8120CC0
:10EBB000B574FF12125BE9851882851983F08A0CFF
:10EBC0008B0D8C0E8D0F7A007B00F510E4F511F59E
:10EBD00012F513741B1214A9E0FC741C1214A9E0A2
:10EBE000FE741D1214A9E0FD80050AEA70010BEC09
:10EBF000F8C3EA9812EC6C5069ED6003EA8007EA0A
:10EC0000F874FF2CC398FF85101485111585121612
:10EC1000851317850C08850D09850E0A850F0B785D
:10EC2000087914120C46E5142430F508EFF874192D
:10EC30001214A912F21CE508F0C3943A4004E0242F
:10EC400007F085100885110985120A85130B780CC9
:10EC50007908120C46EE7092E50C450D450E450FF5
:10EC6000708874011211C37F10020F13EB9400A27D
:10EC7000D265D0332274EE120CB5EAFEEBFF8C089D
:10EC80008D09890D7C007D0074121214A9E0F50E27
:10EC90008042ECF8EDF97A027B00120B6512ED2B45
:10ECA000F510751100EA333354FC78101213E4E5C3
:10ECB00010540FF8743028F8AA0CE5082AF582E4FD
:10ECC0003509F583E8F0C3943A4004E02407F00CDA
:10ECD000EC70010DA80DC3EC98ED12EC6D5047E5FA
:10ECE0000E6003EC8008ECF874FF250DC398F50C5A
:10ECF000ECF8EDF97A027B00120B65E50E6093EA01
:10ED00004B7005750A048003750A00ECF8EDF97A7A
:10ED1000027B00120B6512ED2BA80AB8000280914D
:10ED2000C313D8FC808B7F0A020F138911EE28F5DC
:10ED300082EF3511F583E02274EC120CB574FF12EA
:10ED4000125B8A0C8B0D8C0E8D0F750800750908EF
:10ED5000750A00750B007A007B0074151214A91255
:10ED6000FDC7850C10850D11850E12850F137810C7
:10ED7000790812139AE5104511451245138518823A
:10ED80008519836004742A8002742DF0E0C0E0ECE1
:10ED90002AF582ED3BF583D0E0F07401780812117A
:10EDA000130AEA70010BC3941012EC6C40B4EC240B
:10EDB00010F582E43DF583E4F0041211C37F0C02E8
:10EDC0000F1374F6120CB590183912FDF37069E543
:10EDD00008121065000A00F6ED012FEE06FDED07A2
:10EDE00021EE0B0CEE0C13EE0D1AEE0E05EE1228B2
:10EDF000EE142FEE38EE90183974068037901839DB
:10EE0000E4F0A38032901839740180289018397486
:10EE10000F80219018397410801A9018397411805D
:10EE2000139018397412800C90183974158005905D
:10EE300018397407F0A3E4F07F02020F13C082C0F8
:10EE400083901840E0703D901CCDE06037901840F2
:10EE50007401F0901838E4F090183B04F0121F068B
:10EE6000901845E06406600AE064096005E0640704
:10EE7000700A90183E7473F0A37486F0901CCDE075
:10EE8000F912322C02F3F174F6120CB512F20C7A6C
:10EE9000D17B1C7901123238E9901CCEF08099C0E8
:10EEA00082C08390183612FE2F600F901CE312FE72
:10EEB000679018397401F0A3E4F002F3F1C082C046
:10EEC00083901CE37400F0A37480F09018397403ED
:10EED000F0A3E4F002F3F174F4120CB5901CCC74BE
:10EEE00001F090183DE4F0901839E0640F7002A32F
:10EEF000E070067C417D1C80047C3D7D1CEB54044D
:10EF0000600590183CE4F0750800750908750A0062
:10EF1000750B0090183CE07808121113EAA2E0503B
:10EF20000B8C828D8378081213C0801254106015E8
:10EF300078081213F48C828D83780812134E90187F
:10EF40003D7401803EEA5402600DE0C3940F50040A
:10EF5000E004802FE4802CEA5408600AE060031487
:10EF60008021740F801DEA54046019901839E06400
:10EF70000F7002A3E09018397004740B8002740CB7
:10EF800012F08FF07F04020F1374F4120CB5901C72
:10EF9000CCE4F090183DF0EB5404600690183C74FB
:10EFA00006F0EA5411700302F02F90183CE0F87458
:10EFB00009C398333354FCFC901DBF12FDF3F509CF
:10EFC000EC7808121443E508540FF9EAA2E0500D5A
:10EFD000E9C3940F50030980107900800C5410602D
:10EFE00008E96003198002790F75080F750900752B
:10EFF0000A00750B00EC7808121113E508F4FAE525
:10F0000009F4FB901DBFE05AF0A3E05BF08908E42F
:10F01000F509F50AF50BEC7808121113901DBFE005
:10F020004508F0A3E04509F090183D7401805CEAC2
:10F030005402600D90183CE0C39409504FE00480E6
:10F040004AEA5408600D90183CE0C39407403DE044
:10F05000148038EA540460347A837B00121BB28A2D
:10F06000088B09750ABF750B1D780A12119578086F
:10F070001211957C007D007A837B00121BB874040A
:10F080001211C3901839740D12F08FF002EF84F052
:10F09000A3E4F0901CCC74FF2274F0120CB5EAFECD
:10F0A00090183DE4F0EB5404601E90184AE4F09090
:10F0B000184674D1F0A3741CF09018487410F090A6
:10F0C00018497401F012F20C90184AE0FAEE54114B
:10F0D000FC700302F18FEA2401F508E43400F5091D
:10F0E000901846E064D17004A3E0641C9018497045
:10F0F00005E060058009E06006EAF879008004A870
:10F1000008A9097A027B00120B65EA333354FCFA32
:10F1100090184AE0C313F8901849E060048808800A
:10F1200009901848E014C398F508A80890184612EA
:10F13000F21CE0FBF50A750B00EA780A1213E4E50D
:10F140000A540FF8EEA2E0500DE8C3940F500308E4
:10F1500080107800800C54106008E860031880026A
:10F16000780F880CE4F50DF50EF50FEA780C121106
:10F1700013A90C750C0FF50DF50EF50FEA780C12AE
:10F180001113E50CF45B49F090183D74018042EED8
:10F1900054026028901848E025E0F8E433F9E824A8
:10F1A000FF18E934FFF9C3EA98E499A2D265D03395
:10F1B00090184A5004E0048018E48015EE5408606A
:10F1C00011E0600314800A901848E0C333149018CB
:10F1D0004AF090184AE0C4540F901CCCF090184AA2
:10F1E000E0540F90183CF0901839E064157002A3B9
:10F1F000E07006EC600312F20CEE54046009901803
:10F2000039741212F08FF07F08020F137AD17B1C31
:10F210001222F6EA901CE1F0EBA3F022E028F8A31A
:10F22000E034008882F5832274F6120CB590183908
:10F2300012FDEB120ECD08000258F241F249F251D4
:10F24000F2901CCDE06404800E901CCDE06402803E
:10F2500006901CCDE06408F002EE38C082C08390B6
:10F2600018417401F012320E02F3F174F7120CB56A
:10F27000901CCCE0F508901841E0600302F34E903A
:10F28000184BE0F874FF6A700374FF6B7006E8FEB9
:10F290007F008009E86A58F9EAFEEB49FF901CCC30
:10F2A00074FFF090183912FD92E875F006A4F8AAE0
:10F2B000F075F006E9A42AF9901CE3E028F8A3E031
:10F2C00039F9EE5402601D88828983E0FA74FF6A7E
:10F2D000601274FE6A7030901839E02401F0A3E0E7
:10F2E0003400802AEE5408602B88828983A3E0FAD8
:10F2F00074FF6A601F74FE6A700D901839E024FF75
:10F30000F0A3E034FF8007EA901839F0A3E4F0128C
:10F310001F06803588828983A3A3E05EFAA3E05F9D
:10F32000FBEA4B601E88828983A3A3A3A312FD97E7
:10F330008882F583E58245836009EEFAEFFB120EC1
:10F340002D80CCE508901CCCF0EE90184BF07F019E
:10F35000020F13C082C08390183BE4F08A828B8333
:10F36000A3E0605F14602C14600514604B805E9015
:10F370001CCF747DF0A37487F08A828B83E0704D7C
:10F3800090183E12FE2F704E90183E747DF0A374BC
:10F39000868022901CCF7480F0A37487F08A828BC1
:10F3A00083E0702990183E12FE2F702A90183E7448
:10F3B00078F0A37486F0801E901CCF7483F0A37441
:10F3C000878009901CCF7486F0A37487F08A828BA3
:10F3D00083E0640160188A828B83A3A3E0700F909E
:10F3E0001CCF747AF0A37487F0901840E4F0121FD9
:10F3F00006D083D08202115774EE120CB574C61277
:10F40000125B7E0074071214A9E4F074181214A998
:10F41000E4F074291214A9E4F0740712122B12FEFE
:10F420006174181214A9A882A98374021214A91273
:10F43000FE6774291214A9A882A98374041214A95E
:10F4400012FE6790183012FD9C90182FE0F9121CE4
:10F4500000901CE312FF23E0687003A3E0697020B2
:10F4600090183912FE2F700302F4FAAA18AB199003
:10F470001839E0F990183412FDA6120E2D02FD0C79
:10F480007ACC7B82750C55750D828E0E750866756B
:10F4900009828E0A901839E0F510A3E0F511781072
:10F4A000120ECD0000150CFD91F554F5DBF54AF96F
:10F4B000BCFA62F5B4F50AF808F52EF5D4F458F95B
:10F4C0007BF9E4F9FAF49EF9C1F94FFA18F856F805
:10F4D000FAF4DFF8901CCDE0A2E3500678EF7985CE
:10F4E000800478A2798574021214A912FE6D121498
:10F4F000A974BCF0A3748102FAB874041214A9743C
:10F500000FF0A3748402FAB8901CCDE0A2E250067A
:10F5100078EF7985800478A2798574021214A91293
:10F52000FE6D1214A97433F0A3748202FAB8901C11
:10F53000CDE0A2E1500678EF7985800478A2798544
:10F5400074021214A912FE6D1214A97444F0A3746B
:10F550008202FAB874041214A974FEF0A374830230
:10F56000FAB8901841E0601B8518828519837451A0
:10F57000F0A37485F074021214A9749DF0A374842E
:10F5800002FAB874041214A974EDF0A3748302FA99
:10F59000B890184212FD9212FE6174021214A974FE
:10F5A000DCF0A37483F074041214A974CBF0A37478
:10F5B0008302FAB885188285198374BAF0A374831C
:10F5C000F074021214A974A9F0A37483F0740412E5
:10F5D00014A97498F0A3748302FAB890183BE06001
:10F5E0001A75088775098378081211917C117D00BE
:10F5F00074031214A912FD9C02F7007508767509B0
:10F600008378081211917C117D0074031214A912E1
:10F61000FE581211C3901CCF12FDEB1211917C0207
:10F620007D0074031214A912FE581211C3851882AA
:10F63000851983E02403FAA3E03400FB901845E029
:10F640006406601AE064096015E0640760107508DC
:10F65000C675098578081211917C0802F6FE90188B
:10F660003E12FE2F602490183E12FDEB12119112F3
:10F67000FD881211C385188285198312FD97C8244D
:10F6800007F582E438F5837420F0901845E06409AA
:10F690006005E06407706F122566E9FF85188285B2
:10F6A0001983E02408FAA3E03400FBE960437508FD
:10F6B0006E750986780812119112FD881211C38E99
:10F6C00008780812119975080178081211997508BF
:10F6D00003780812119974031214A9E0240C12FE85
:10F6E00039121195790AEF12FE1E1211C37E0180A4
:10F6F0001575082F75098678081211917C067D0012
:10F7000012FD8C1211C375086575098378081211F2
:10F71000917C117D0074051214A912FE581211C3B8
:10F720007508007808121199750801780812119966
:10F73000750803780812119974051214A9E02402BF
:10F7400012FE39121195790A90183212FDA612FE96
:10F75000491211C37C007D0074061212331214C8C2
:10F760007508007808121199750801780812119926
:10F77000750803780812119974051214A9E0240A77
:10F7800012FE39121195790A740B1214A912FE197E
:10F790001211C375080078081211997508017808CC
:10F7A000121199750802780812119974051214A99A
:10F7B000E0240E12FE39121195790A90183812FEC3
:10F7C000191211C312FE29701D74061214A9E070DB
:10F7D00015901CCFE0647A7004A3E064877007EE94
:10F7E000A2E092F08002D2F074041214A97454F0D2
:10F7F000A37483F0A2F0400302FD0C9086EE120F7A
:10F80000DC12FDDA1211C302FD0C74041214A97487
:10F8100043F0A3748302FAB87508017808121199AD
:10F82000791074011214A912FDCD1211C3780812B7
:10F830001199791074031214A912FDBA1211C3128E
:10F84000FE0D1214A912FDF974041214A97432F0F9
:10F85000A3748302FAB885188285198374C8F0A34B
:10F860007484F0901CCEE0601004701B74021214BB
:10F87000A974B2F0A37486800B74021214A974F7F1
:10F88000F0A37485F0804A75082175098378081201
:10F8900011917C117D0074051214A912FE581211E9
:10F8A000C38E087808121199750801780812119909
:10F8B000750802780812119974051214A9E0240938
:10F8C00012FE391211957910901CCE12FE191211E8
:10F8D000C374041214A974FFF0A3748202FAB875F9
:10F8E00008017808121199791074011214A912FDF7
:10F8F000CD1211C37808121199791074031214A94A
:10F9000012FDBA1211C312FE0D1214A912FDF975DF
:10F9100008EE75098278081211917C117D00740738
:10F920001214A912FE581211C37508017808121199
:10F9300099790474051214A912FDC77AE17B1C128F
:10F940001EB274011211C302FD0C74041214A974C6
:10F95000DDF0A3748202FAB812FE751214A9120F18
:10F96000E0901C4112149212FD821211C374041211
:10F9700014A974AAF0A3748202FAB812FE751214C4
:10F98000A9120FE0901C3D12149212FD821211C3B5
:10F9900074041214A97499F0A3748202FAB812FEC6
:10F9A000751214A9120FE0901C4112149212FD82DC
:10F9B0001211C374041214A97488F0A3748202FA99
:10F9C000B812FE751214A9120FE0901C3D12149289
:10F9D00012FD821211C374041214A97477F0A37477
:10F9E0008202FAB8901DBFE0F47003A3E0F4701631
:10F9F00078081211917C117D0074031214A912FE73
:10FA0000581211C3803C780C1211917C117D007446
:10FA1000031214A912FE581211C38E08780812118D
:10FA2000997508017808121199750804780812115F
:10FA30009974031214A912FE3612119512FE441283
:10FA400011C374041214A97411F0A3748280699014
:10FA50001DBFE0F47003A3E0F47016780812119152
:10FA60007C117D0074031214A912FE581211C38078
:10FA70003C780C1211917C117D0074031214A912B0
:10FA8000FE581211C38E0878081211997508017872
:10FA90000812119975080478081211997403121448
:10FAA000A912FE3612119512FE441211C3740412EB
:10FAB00014A97400F0A37482F002FD0C7886790B0F
:10FAC0007A0088828983E0C4540FFCEAFE74012E18
:10FAD000FAECC3940A50047B3080027B37EC2BC0D5
:10FAE000E0851882851983E02EFBA3E034008B8229
:10FAF000F583D0E0F088828983E0540FFCEAFF743C
:10FB0000012AFAECC3940A50047B3080027B37EC64
:10FB10002BC0E0851882851983E02FFBA3E0340019
:10FB20008B82F583D0E0F0E824FF18E934FFF9EA8E
:10FB3000C39410408D85188285198312FDF97508CC
:10FB4000BB75098278081211917C117D0074051231
:10FB500014A912FE581211C37508007808121199E1
:10FB6000750801780812119975080478081211991E
:10FB700074051214A9E0240112FE391211957910AE
:10FB8000901A8512FE491211C374021214A912FDB3
:10FB9000A6A3A3A3A3A37420F075080078081211EC
:10FBA00099750801780812119975080278081211E0
:10FBB0009974051214A9E0240712FE3912119579DF
:10FBC0000A901A7A12FE191211C374021214A912A1
:10FBD000FD97C82409F582E438F5837420F0750890
:10FBE00000780812119975080178081211997508A2
:10FBF00004780812119974051214A9E0240B12FE5E
:10FC0000391211957910901A7812FE491211C375A4
:10FC100008DE75098178081211917C117D00740746
:10FC20001214A912FE581211C374041214A912FD61
:10FC30009C901845E024FA604814601824FE600384
:10FC400002FCC475088975098778081211917C0235
:10FC50007D008024122962E960087508DF75098536
:10FC600080067508E775098578081211917C077D73
:10FC700000EC1214A912FD9C12FD8C1211C302FD9E
:10FC80000C75084B75098678081211917C0512FDD8
:10FC90008A1211C375080078081211997508017845
:10FCA0000812119975080478081211997407121432
:10FCB000A9E0240512FE391211957910901A7B12D1
:10FCC000FE5080427508BD75098578081211917C37
:10FCD0000812FD8A1211C37508007808121199756F
:10FCE000080178081211997508037808121199749F
:10FCF000071214A9E0240412FE39121195790A9012
:10FD00001845E0FAE4FB12FE211211C3901CCCE06E
:10FD1000F4604690183DE0702D90183CE0FA901C7D
:10FD2000CCE025E0F8E433F9851882851983E58273
:10FD300028F582E58339F583E02AF8A3E0340088CA
:10FD400082F5837420F090183DE06401F090870AFA
:10FD5000120FDC12FDDA1211C31216EA79018518AE
:10FD60008285198312FDB37902E91214A912FDB339
:10FD7000790374041214A912FDB3743A1211C30268
:10FD8000ED26121EB87402227C047D00121A7474CF
:10FD9000032212FD97F922E0F8A3E02212FDA0222F
:10FDA000E0FAA3E0FB2212FDAA22E0F8A3E0F5832B
:10FDB00088822212FDA01216B42212FDC77AD97BC6
:10FDC0001C121EB2740122E0FCA3E0FD2212FDC74A
:10FDD0007AD17B1C121EB274012290183012FDA041
:10FDE00090182FE0F9121BF474042212FDF3F509A8
:10FDF000780822E0F508A3E02212FDFD22E0F8A336
:10FE0000E0C82410F582E438F583E4F022851882F6
:10FE100085198312FDFD740222E012FE1E22FAE40F
:10FE2000FBFCFD121EAC74052290183212FDAA12C2
:10FE3000FD97F9E84922E02406F508A3E03400F52F
:10FE4000097808227910901DBF12FE5012FE21225F
:10FE500012FDF3AA08FBE42212FDA0121A74740327
:10FE600022851882851983E8F0A3E9F022E8F0A33F
:10FE7000E9F0740422851882851983EAF0A3EBF077
:10FE8000740222C082C0838A828B83E0901844600F
:10FE900005E0D2E08003E0C2E0F07CE87D03E0F81A
:10FEA00074E528F582E4341CF583E0FB7A007901DF
:10FEB000121714121F067A007B0002F3F174F71276
:10FEC0000CB5E990182FF0901830EAF0A3EBF0741D
:10FED000091214A912FD9290183212FE67740B12C7
:10FEE00014A912FD9290184212FE67740D1214A903
:10FEF00012FD9290183412FE67740F1214A912FFAB
:10FF00002312FE677A0C7B1F79071220BC7A187BBC
:10FF10001F1214C27A1E7B1F1214CE790012322CCB
:10FF200002F34E12FD97F990183622C082C0831258
:10FF3000FE29600F7CE87D037B327AFF790112177E
:10FF40001480077A00790112170E02F3F1C082C003
:10FF500083901838E0F46003E004F002F3F174F7E2
:10FF6000120CB5E9901845F024FA601614601324B9
:10FF7000FE600F7CE87D037B327A00790112171452
:10FF800080077A00790112170E121F0602F34EC085
:10FF900082C0837A187B00121B349017C6EAF0A344
:10FFA000EBF07C187D007900121A8679001230225D
:10FFB0007901122A887902122A7079031216667959
:10FFC0000412277679051227CA7906121F78790755
:10FFD0001220E07908121C307909123250790A1285
:10FFE0001F2A790B121E4CD083D0820211570211A6
:10FFF00057021157021157FFFFFFFFFFFFFFFFFFDF
:020000040005F5
:1080000074F7120CB5E9FE900404F07A027B80123A
:10801000224E7A017B80EEF912224E7A047B80EEAA
:10802000F912224E7A3C7B311215FA901A5274F4EE
:10803000F0A37415F0901A54748EF0A37415F09098
:108040001A567406F0A37416F0901A587494F0A39C
:108050007415F0901A5A7400F0A37416F0901A5C1C
:1080600074E8F0A37415F0901A5E74EEF0A3741522
:10807000F0901A60742AF0A37416F0901A62744C8F
:10808000F0A37404F012158E02877F74F6120CB5FB
:10809000EAFEEBFF7A077B00121B34EA4B60238E6B
:1080A000828F83E08A828B83F0A3A374CEF0A374C3
:1080B000171280C5EEF0A3EF1280C5A3A3E4F0125F
:1080C00032AA029317F08A828B83A3A3A3A32274FC
:1080D000F4120CB574F812125BEAFEEBFF8908A8E3
:1080E00018A919880A890B780A1211957C007D005D
:1080F0007A037B00A908121CC674021211C3E9603E
:108100004A74061214A9128F07E06E7003A3E06F81
:108110006039EE4F888289836017EEF0A3EFF0900C
:10812000869A120FDC7A007B201292531211C380C0
:108130000AE4F0A3F0FA7B20128CF090041F129254
:10814000666008A908128F13120E2D7408028A1394
:1081500074F7120CB574F812125B8908EAFEEBFF93
:108160007C087D007900AA18AB19121A86EE4F60C0
:108170003E9019B1E4F0E508600E14601314600D30
:1081800014601D146017802712292C801E7401F0C2
:10819000AC18AD19EEFAEFFB123232800E7401F01A
:1081A000AC18AD19EEFAEFFB122932E9F980027929
:1081B0000274081211C302877F74F2120CB574F0B6
:1081C00012125BEAFEEBFF8C088D09EA4F601FEC90
:1081D0004D601B1222F68A0A8B0BEE2410FAE43F44
:1081E000FB121A8CEA650A7003EB650B60047902D6
:1081F0008035A818A919880A890B780A1211957573
:108200000A90750B00780A121195EEFCEFFD7900CB
:108210007A007B001229F274041211C3AC08AD0974
:10822000AA18AB1912293274101211C37F06020F5B
:108230001374F4120CB574EC12125B89085308CE57
:10824000901C48E070097A047B0012873660209009
:108250001C4BE0600CE508A2E15006128EFC63089E
:1082600002743F5508F8901C48E048F00283DC7423
:108270003F5508FE901C48E04EF0900413E0600368
:108280000283B874011283E1121195750A01750B0E
:1082900000780A1211957C007D007A557B00121B34
:1082A000BE74041211C3901C4BE06401600302838E
:1082B000B8901DC1E064016008E0640260030283BD
:1082C000917C087900901A0712943B121B1CE960FC
:1082D00003028391122962E96003028391A818A91D
:1082E00019880A890B780A121195750A01750B0015
:1082F000780A1211957C107D007A117B01121BBE49
:1083000074041211C3901D82E070030283918518DA
:1083100082851983E064FD6078E0640260737C13F9
:108320007D0079007401121233121A86741112142E
:10833000A974FFF0740112122B880A890B780A12B3
:108340001195750A13750B00780A1211957C007D42
:10835000007A117B011288501211C3901996E4F033
:10836000A3F0A3F0A3F0A3F0A3F0A3F0A3F0901C5C
:108370004B1283E1121195750A01750B00780A12F0
:1083800011951288481211C37A0379FF122398803D
:108390003B90040F7407F074104EF8901C48E048AE
:1083A000F079007A007B00121F90E9602F790012AB
:1083B000316C7A007907800F901C48E0700E9004B1
:1083C0000F7407F07A00F91231D8801090040FE48E
:1083D000F07A04FB900404E0F9121AE67414028A9D
:1083E00013F0750A4B750B1C780A2274F6120CB543
:1083F00074FD12125B74011214A9E9128ACA128F59
:108400005B121195128CF91211C37403029314C0FC
:1084100082C083E9901C4C028793C082C08379009C
:1084200012316C7A0379FF122398028794C082C0BC
:108430008374FB12125B901C4BE06021901C48E09F
:10844000A2E540197C057D007900AA18AB19121A23
:1084500086123214AA18AB191225A2800A123214FD
:108460007AF47B01121FF074051211C30287940283
:10847000115774F6120CB574FC12125BE9FEEAFF98
:1084800090040FE06E6013E06408600302872D9093
:108490000412E06406600302872DE914700302856C
:1084A000411470030286A014601B1470030285A29D
:1084B0001470030285CC14700302861B147003022F
:1084C00086D0028703901DC1E064016008E0640269
:1084D000600302870390876A120FDC12924F121119
:1084E000C3EF601F90040F7401F08003128AC390E1
:1084F000041412926670F590869A121492122C024D
:1085000002872D851882851983E4F090869A1214CB
:1085100092122C02901C477402F01214A97401F0FC
:1085200090040FE4F0901C48E0C2E112874312204F
:10853000C29004141292667003028703128AC380E9
:10854000F0901DC1E064016008E0640260030287EE
:1085500003EA60277A03790012239890040F7404C9
:10856000129271120FDC12924F1211C390869A125E
:108570001492122C02128CEC02872D74021214A990
:108580007401F0901C477407F0128CEC901C48E4C6
:10859000F090875E120FDC7A021292511211C30220
:1085A000870374021214A97401F0EA600A901C4750
:1085B000E4F079071220C212926D120FDC12924F72
:1085C0001211C3901C48E0C2E10287027402121427
:1085D000A97402F0EA901C47600CE4F07A03F912E7
:1085E00023987907801D7408F0901DC1E060046431
:1085F000017013901C4BE0700D851882851983E47F
:108600001287431220C212926D120FDC12924F1287
:1086100011C3901C48E0C2E202870274021214A93E
:108620007403F0901C47E070069004187401F090F9
:108630000403E0600302872D12923B600302872D42
:10864000128732600302872D90040BE4F0A3F090B0
:10865000040DF0A3F07A097B0412315A7A007B40B2
:10866000128CF0900418E0600A901C47E0640B70D4
:1086700002E4F0900418E4F090040FE06406700E39
:10868000129270120FDC12924F1211C3800A9004E2
:1086900012E064067002E4F0901C48E0C2E38062DD
:1086A0007900122B2474021214A97404F0EF600CE8
:1086B000901C47E4F0A3F079071220C212926D12C9
:1086C0000FDC12924F1211C3901C48E0C2E08032BE
:1086D00074021214A9E4F0EA601C121FE4901C4713
:1086E000740DF090040FE4F090874E120FDC12929C
:1086F0004F1211C38006901C477402F0901C48E092
:10870000C2E4F09004191292666022901C47E0C007
:10871000E074011214A9D0E0F0740112122B880841
:1087200089097808121195128CF91211C374040288
:1087300093147A007B40900404E0F9121C06EA4B83
:108740004C4D2212883D1232141225AE790022744B
:10875000F7120CB5E960047A01801F901C50E060AC
:1087600017901C3D12147AE8494A4B600B901C503C
:10877000E4F0F912319080077A0079051231D87F40
:1087800001020F13C082C083901C4BE0F98005EA00
:10879000F0A3EBF0D083D082021157790002115779
:1087A00074F6120CB574FF12125B7E00901A64E02E
:1087B00004F075086475091A780812119575080196
:1087C0008E0978081211957C007D007A2112884E5E
:1087D0001211C37900121FEAE96401700479048060
:1087E00002790E1220C2901A78E064FE7003A3E0B2
:1087F000F470027E01901A85E0F47003A3E0F47037
:10880000047E018033EEA2E0402E85188285198314
:10881000740112883D7901121FEAE96401901A7A05
:10882000700BE0F97A8C7B181225848009E0F97AC4
:108830008C7B1812258AE9FEEEF9029312F0AA1831
:10884000AB1979521223B0227C007D007A557B004F
:10885000121BB874042274F6120CB574FF12125B6A
:10886000851882851983E4F0E9601BA818A9198886
:1088700008890978081211957C017B007A03128C13
:10888000FF1211C38030901C50E06023901C3D12F9
:10889000147AE8494A4B6017901C50E4F0901C3D54
:1088A0001214921231967A327B0012207A80077A63
:1088B0000079031231D802931274F4120CB57508C2
:1088C00000750A00750900122B009004141296C15D
:1088D000122B0690041480050508128A091294329E
:1088E000EE4F70F49004141292667003028A07909F
:1088F000041D129266600EA90812943890041E128C
:108900008F13120E2D900414129432EE4F70030246
:1089100089FB750B008022E06402700874016870A6
:1089200003750901E50A7009EEFAEFFB1231A21591
:1089300008050B128A09129432E50BC3950840030F
:108940000289FB7A8C7B18122DBEE964017013EE4C
:10895000240BFCE43FFD7A8C7B18121C24E9702167
:1089600080C6901DBFE0F47003A3E0F460138E8214
:108970008F83129236901DBFE0687003A3E0697088
:10898000A7901A7B1292368E828F83A3A3A3A3A3F0
:10899000A3A3E0687003A3E069700A74FE68700323
:1089A00074FF697018E5098E828F83A3A3A37006F4
:1089B000E0700A028928A3E070030289288E828F62
:1089C00083A3A3A3A3A3E0F8901A75E06860030251
:1089D00089318E828F83A3A3A3A3A3A3E0F8901D64
:1089E0009BE0687003028931E0640160030289172B
:1089F0007402686003028924028921050AE50AC31A
:108A000094025003028905800DEE128B2B3FF583F3
:108A10002274041211C37F04020F1374F6120CB5F2
:108A200074FF12125B900414129266900411601786
:108A3000128A6812319CE9602C851882851983128C
:108A40008A681231A28005E4128F3CF0A818A91997
:108A50008808890978081211957C017B017A031234
:108A60008CFF1211C30293127401F0128A6F2290CC
:108A70000414E0FAA3E0FB2274F6120CB574FF12A2
:108A8000125B901C477403128ACAF0E960047B00F1
:108A90008017900417E0C394035004E00480071289
:108AA0008AC3900417E4F07B01A818A919880889E3
:108AB0000978081211957C017A03128CFF1211C3F8
:108AC000029312128A6F1231A222F0851882851940
:108AD00083740122C082C0839004148007E8FCE9FB
:108AE000FD128B31129266603DEA687002EB69708C
:108AF000EC129438E86A7002E96B700FEA128B2B63
:108B00003BF58312943B900414800D128B31129428
:108B10003BEC128B2B3DF5831296C1E8FAE9FB1270
:108B20001B3A7900800279020287942414F582E4CA
:108B300022E8128B2B39F5832274F6120CB5EAFE6B
:108B4000EBFF79031220C28E828F83A3A3A3A3A37A
:108B5000A3E0F91220868E828F83A3A3A3A3A3A3ED
:108B6000A3A3A3A3E0F50878081211998E828F833E
:108B7000A3A3A3A3A3A3A3120FE09018B6E0F50844
:108B800078081211998E828F83A3A3E0F98E828FC9
:108B900083E0FCA3E0FDEE240BFAE43FFB122596F4
:108BA00074041211C3E9FE70599018B6E0A2E350A4
:108BB0002E901DC1E0600F6401600BE06402704202
:108BC000901DAEE0703C90874A121492122C027AEB
:108BD000007B00122C087A007B00122C0E80239060
:108BE00018AFE0701D901D8712147A901D7A121430
:108BF0006E901D8FE0F508A3E0AA08FBE4FCFD12CF
:108C00002C02EEF902931774F4120CB58A088B0942
:108C10008C0A8D0B9019B278081214349018A6782B
:108C2000081214347508B27509197808121195756F
:108C3000080475090078081211957C007D007A847B
:108C40007B00121BB8028A1174F4120CB5E9FE9075
:108C50001C50E0601C901C417808121452E5084535
:108C600009450A450B600AAA08AB09AC0AAD0B809E
:108C70000B901C50E4F0901C3D121492123196900F
:108C800019B212147AE8494A4B6012EE6004790076
:108C9000800279017A647B00121F90800EEE7A00C8
:108CA00060047903800279051231D8028A1674F4BF
:108CB000120CB574FF12125B7E00EA900410F0E90A
:108CC000600A128CEC901C4DE4F080027E01A81822
:108CD000A919880A890B780A1211957C01EEFB7A92
:108CE00001128CFF1211C37401028A137A007B10E7
:108CF000900404E0F9121C00227C037B007A0A90A5
:108D00000404E0F912314E740222C082C08374F769
:108D100012125B85188285198374FCF0A374FFF02E
:108D200074081214A9740FF07D007C0179B4AA189C
:108D3000AB19122236740902846974F6120CB574E8
:108D4000F512125B901C48E0A2E1503990040F74B8
:108D500004F0901C49E0A2E05028901C4BE0600514
:108D6000128EFC801D901DC1E064016005E064026C
:108D70007010128F447403F079011231907901124E
:108D80003220028EF7A2E2503190040F7405F09069
:108D90001C49E0A2E15019901C4BE07013128F4463
:108DA0007405F079001231907902123220028EF7A8
:108DB0007A0079051231D8028EF7A2E34003028EC1
:108DC000F790040F7406F0901C4BE07003028EB510
:108DD0001232028A088B09AE08AF09EA4F7003020B
:108DE0008EB5128F19F8A3128F13A3E0A2E14003EE
:108DF000028E90740312122B8808890978081211C8
:108E0000957C007D007A037B008E828F83E0F912CF
:108E10001CC674021211C3E9606C74091214A91201
:108E20008F07C3E094B5A3E094005039888289830A
:108E300074B4F0A3E4F090869A120FDC7A007B20E1
:108E40001292531211C390041F1292666017901C65
:108E500057E0F4700479FF80068E828F83E0F91268
:108E60008F10120E2D128F2B40047909801F740170
:108E70001214A9128F3A7409128F5B121195128C79
:108E8000F91211C3800A128F2B4005790E12236844
:108E9000128F192401F8A3E03400F98882F583E0E9
:108EA000A2E0505390043012924970108882898356
:108EB000E0A2E14042790E122368803B8E828F83CC
:108EC000E0F91214D4E96005790E122368900403C6
:108ED000740CF0908736120FDC7A40129251121106
:108EE000C374011214A9128F3A740A128F5B121103
:108EF00095128CF91211C3740B0293141231847AF7
:108F00000179041231D822129231F98882F5832234
:108F1000900420E0F583888222128F1D229004079E
:108F2000129231F5838882A3A3E022128F1DF8A349
:108F3000E0F5838882A3E0A2E0227403F085188222
:108F400085198322901C507401F07C047D00790007
:108F50007A0F7B04121A8690040F22F0A818A91920
:108F60008808890978082274F0120CB574F312127B
:108F70005BEAFEEBFFEA5404604090040FE0600DF2
:108F800014600F24FD601424FE6015802712317ECA
:108F900080227A01790112318A8019128EFC8014A4
:108FA000901C47E4F090040F129271120FDC1292A1
:108FB0004F1211C3EE6404029140EB5480706EEBCB
:108FC000541070030290A1901DC1E064016008E09C
:108FD0006402600302909990040FE0147003029001
:108FE0009124FE6003029099900411E064026003F2
:108FF0000290997401F079001231A8029099740AD4
:10900000687023901C48E08A828B83A3A3A3A3F0FB
:10901000900419129266600EEA2402FAE43509FB04
:10902000128F13120E2DAA08AB09121AAA9004046B
:10903000E0F9121ABC8A088B09EA4B604C8A828BD1
:1090400083E0F874D3687032EA240CF582E43509C1
:10905000F583E0F50AA3E0F50B780A120ECD018046
:1090600003269075906B902690709012317280B6A6
:109070001231F080B11231FC80AC90040FE06860D6
:1090800003028FFE123154809DEEFAEF648002924B
:1090900020A3E0FA790012318AEEFAEF641002920E
:1090A00020EA54806007EA6480FA029227EA5402B8
:1090B000603A901DC1E064016005E0640270287CA4
:1090C000057D007900AA18AB19121A8679001231B1
:1090D0006CAA18AB191225A2E9600C7A027B0090E9
:1090E0000404E0F9121AE6EE64028054EB540860BE
:1090F00006EB6408029220EA544060491232028A68
:10910000088B09EA4B602B900403E014F0602912ED
:109110008732701012923B700B850882850983E0BC
:10912000F91214D4908736120FDC7A401292511241
:1091300011C3900403E07005790B122368EE6440BC
:10914000FAEF029220EB5420700302921390040570
:109150001292318808F509750C008024901C47E4B0
:10916000F090041F129266600E850A82850B83E0E0
:10917000F9128F10120E2D85088285098312930A29
:10918000E50845096069850882850983A3A31292D1
:10919000318882F58385820A85830BE060D9C39488
:1091A000F150D4740512122B880E890F780E12110B
:1091B000957C007D007A037B00850A82850B83E025
:1091C000F9121CC674021211C3E960AB740B1214BD
:1091D000A912923688821292476081EA24FF1AEB24
:1091E00034FFFB888289831296C1750C018088E563
:1091F0000C601290869A120FDC7A007B2012925338
:109200001211C380077A007B20128CF0EEFAEF6413
:1092100020800DEB5440600B1214E0EEFAEF644036
:10922000FB80047A007B00740D1211C37F08020FCB
:1092300013E0F8A3E022129231F922900409128A75
:10924000721214ECEA4B22F583128A72EA4B227AEC
:10925000047B00900404E0F9121BF4740422EAFE7B
:10926000EBFF8A82F583129231F9E8492290040FCC
:10927000E4F090876A2274F6120CB574DD12125B6A
:10928000EAFEEBFF901D82E0607C90040FE0640139
:109290007074122962E9706E8E828F83A3A312927A
:1092A000667063128CEC741312123BEEFAEFFB1231
:1092B00021B2741E1214A912930A740978081214A8
:1092C00043C3E508941595E0C365D03340097A029D
:1092D000790112318A802F74101214A974FDF0855F
:1092E00082088583097808121195750801750900AF
:1092F00078081211957C107D007A117B011288503C
:109300001211C31296C77423800AE0F508A3E0F592
:10931000092274011211C37F02020F1374F6120C9A
:10932000B5E9FE901C4BE06E7006900413E07029C6
:10933000E97005901C48E4F0E9901C4BF075084B6F
:1093400075091C78081211957508017509007808CF
:109350001211951288481211C380BC74F6120CB514
:1093600012925E700A1296B2EA49600312941C804F
:10937000A674F6120CB512925E7006123166029453
:1093800012EC4D606DE8FAE9FB8C828D83E0FCA362
:10939000E0FD8A828B83A3A3A3A3A3A3A3A3A3E03B
:1093A000FE8C828D83A3A3A3A3A3A3A3A3A3E06E98
:1093B00070348A828B83A3A3A3A3A3A3A3A3A3A391
:1093C00012942AA3A3A3A3A3A3A3A3A3A3E06E70B1
:1093D00003A3E06F70108A828B8312942AE06E7070
:1093E00003A3E06F6023EA240FF582E43B12924767
:1093F00070A0E8240FFEE439FF8E828F83129266FC
:1094000070F01296B2EA4970067A007B00800A1268
:10941000941C8E828F8312943B029317EA240FF5DB
:1094200082E439F583E4F0A3F0221294328C828D29
:109430008322E0FEA3E0FF22900414128A722274B9
:10944000F4120CB512925E60358A088B09801CEA12
:10945000240FF50AE43BF50B121B3A8508828509B7
:1094600083E4F0A3F0850A08850B09850882850945
:109470008312924970D98E828F83E4F0A3F0028A1E
:109480001674F6120CB574E612125B8A828B83E0B6
:1094900014700302952D24FE6003029628901DC1CE
:1094A000E064016008E0640260030296288A828B0F
:1094B00083A3A3E060061460180296288A828B8337
:1094C000A3E070051231B4805E79001231BA0296C1
:1094D000288A828B83A3E0700C9004117402F090B0
:1094E000872E02961B122BE474FE6A700374FF6BC6
:1094F000700D901A78E064FE7003A3E0F4601D74B0
:10950000071214A974FEF0A304F0901A7814F0A3C3
:1095100004F0740712123379531223B0122D401243
:10952000255A901A87E4F01231AE029628901DC198
:10953000E064016008E0640260030296288A828B7E
:1095400083A3E06011901C4DE004F0F8A3E0C39801
:1095500050047A00806D900410E014600C14606A6E
:109560001470030295E8029628901D82E0604D1267
:109570002962E97043901C4FE0702D74191214A9F0
:109580007402F074111214A9E4F0A3F0F50878083D
:1095900012119979027C007D00741212123312218B
:1095A000E874011211C3806D90041B1292666078FA
:1095B000128F13120E2D8070790180027900123201
:1095C0001A7A0179011231D8805E74031214A9E469
:1095D000F074041214A97404F014121233122950F6
:1095E000128CEC901D838033740912123B7A007B3D
:1095F0000079AB122884740912122B851882851900
:1096000083E8F0A3E9F074021214A97404F0AA1814
:10961000AB19122956128CEC90875E120FDC7A007F
:109620007B101292531211C3741A02931474EF1226
:109630000CB5890A8A0F8B108C0BEC6058741112D0
:1096400014A912930AE5084509604A74022CFA7BB2
:1096500000121AA48A0C8B0DAE0CAF0DEA4F6035C8
:1096600085080C85090D750E00780C121191AC0B54
:109670007D00EA2402FAE43FFB121A74740312110B
:10968000C38E828F83E50FF0A3E510F0EEFAEFFBB7
:10969000A90A121AB07F09020F13C082C083900476
:1096A0001902878FC082C083900416E004F0F9028B
:1096B00087947A117B00121B348B09A9098E828F43
:1096C00083EAF0A3EBF022790012321A7A017901D1
:1096D0001231D822C082C0837901901C48E0600218
:1096E0007900028794C082C08374FE12125B908757
:1096F0001A120FDC740412123B1232B074041211ED
:10970000C385188285198312943B7402028469749C
:10971000F4120CB574FC12125BEAFEEBFF8C088DA0
:1097200009A818A919880A890B780A1211957404D6
:1097300012123BAA08AB0912324A74021211C385F5
:109740001882851983120FE074121214A9120FDC0B
:1097500074081214A9E0FCA3E0FDEEFAEFFB12324C
:109760000874061211C38508828509831296C10206
:109770008A1174F7120CB58C828D8374FFF0A3F0FC
:109780008A828B83F0A3F07E108A828B83E0F8A21A
:10979000E050086421F0A3E06410F08A828B83E03B
:1097A000FCA3E0C313FDEC138A828B83F0A3EDF0DE
:1097B000E8A2E050098A828B83A3E04480F01EEE89
:1097C00070C78A828B8312923674091214A9E0FA48
:1097D000A3E0F5838A82E8F0A3E9F002877F74F4BE
:1097E000120CB57E017F008F088F098E0A8F0BEC5B
:1097F00014780A121387A80AA90B8022EA58FCEBF6
:1098000059FDEC4D600AEE4508F508EF4509F509EC
:10981000EE25E0FEEF33FFE9C313F9E813F8E8495A
:1098200070DAAA08AB09028A1674EC120CB58A0A1F
:109830008B0BECFEEDFF7508007509007414121413
:10984000A978101214528046850A82850B83E0FAAB
:109850007B00A385820A85830B7C087D001232265B
:109860007880EF5480FDEE25E0FEEF33FFEA58608C
:109870000474806DFDED600874216EFE74106FFF3E
:10988000C3E813F870DC0508E508700205098508CF
:109890000C85090DE4F50EF50F7810790C121414EF
:1098A00040A67C107D00EEFAEFFB123226EAF4FAB5
:1098B000EBF4FB7F0C020F1374F0120CB574DF1283
:1098C000125B8A0C8B0D74031214A9E4F07402125B
:1098D00014A9E4F074141214A9129D62A3F0740781
:1098E0001214A9129D62A3F074051214A9E4F0A346
:1098F000F0750E00750F007C09FDF9740B12123320
:10990000121A86E50C2420FEE4350D8E82F583E0E4
:10991000F8A3AE82AF83750B01740358C0E07404E2
:109920001214A9D0E0F0E8A2E6E433C0E07401121A
:1099300014A9D0E0F0740B1214A912A6E8E8A2E76B
:1099400050628E088F098E828F83A30EAF83750BB2
:1099500002850882850983E0A2E6E433F50FA2E0E0
:1099600092F074011214A9E0A2E082F05003029D6B
:109970005D850882850983E05407C0E0740B1214EA
:10998000A9D0E0129DA9131313541F540385188204
:10999000851983129DA9A2E5E433C0E07402121474
:1099A000A9D0E0F074041214A9E064017003029AD3
:1099B00034740B1214A9E07034129D827402F08E7C
:1099C000088F09750A0078081211917C047D0074D3
:1099D0000F1214A9AA82AB8312A9171211C3EE2485
:1099E00004FE50010F7404250BF50B8047640270D0
:1099F000438E828F83E0C0E074031214A9D0E0127A
:109A00009DA2AE82AF83050B129D827403F0E50C1C
:109A10002406F508E4350DF509750A0078081211D9
:109A2000917C087D00740F1214A9AA82AB8312A93D
:109A3000171211C3851882851983E0C39402404F21
:109A40008E088F09750A0078081211917C047D0038
:109A5000740A12123312A9171211C3EE2404F8E487
:109A60003FF974051214A9E8F0A3E9129DBE24F889
:109A7000F50EF874051214A9129D751211917C044B
:109A80007D00741712123312A9171211C38020E03F
:109A9000701D74051214A9EEF0A3EF129DBEF50E11
:109AA000129D8EFC74071214A9ECF0A3129D62742F
:109AB000041214A9E064018518828519837062E09C
:109AC0006003029D5D74051214A912AB4DE0C394AE
:109AD000F0504B74011214A9E0A2E0402674181251
:109AE00014A9E4F074191214A9E4F0A3129DB2129F
:109AF0000FDC7C017900741C121233122A3A7404B0
:109B00001211C3E50E2431FAE43400FB121AA48AC0
:109B1000088B09AE08AF09EA4F700E029D5D029DE9
:109B20005DE0640170DD029D5D8A828B837404F0C8
:109B3000A3E4F0EA12A1D7F0E50C241C129D92C018
:109B4000E0EA240EF582E43FF583D0E0F0E50C2452
:109B50001D129D92C0E0EA240FF582E43FF583D008
:109B6000E0F0129D8EC0E0EA2410F582E43FF58318
:109B7000D0E0F0E50C240E129D92F8EA2419F5824B
:109B8000E43FF583E8F07402687018850C82850D57
:109B900083A3A3A3A3A3A312AB58F9EA2411129D94
:109BA000698027E064037022740C1214A9A982AAA8
:109BB0008389088A09750A0078081211917C087D4A
:109BC00000EE241112A9131211C3E50C2418129DE2
:109BD00092F8A3E0F9EE241A129D69740B1214A9ED
:109BE000E0C0E0EE241CF582E43FF583D0E012A94A
:109BF0004CC0E0EE12A8F6D0E0F074021214A9E016
:109C0000C0E0EE241EF582E43FF583D0E0F074015D
:109C10001214A9E0C0E0EE241FF582E43FF583D0E2
:109C2000E0F0EE12A92DE50FF0740C1214A9121435
:109C30007A12A1DD12146E74031214A9E0C0E0EED2
:109C40002425F582E43FF583D0E0F074071214A9CF
:109C500012147A12AF1812146E74141214A912147A
:109C60007A12AF2212146E12A1BFE4F0F9122A5E2A
:109C7000E98E828F83A3129D9BE4F0129D9BA3A388
:109C800074FFF0A3E4129DB212147A8E828F83A324
:109C9000A3A3A3A3A3A3A3A312146E7A137B0012FE
:109CA0001AA48A0C8B0DEA4B700AEEFAEFFB121A1B
:109CB000AA029D5D7C4B7D1AEEFAEFFB122A4C85C1
:109CC0000C82850D837407F0A3E4129DA2A3E0C06B
:109CD000E0E50C2412129D86D0E0F074051214A960
:109CE00012A4AF121191AC0E12A90E1211C3EE24E0
:109CF0002FF582E43FF583E50EF074031214A9E01A
:109D0000C0E0E50C240B129D86D0E0F07402121422
:109D1000A9E0C0E0E50C240D129D86D0E012A94C0C
:109D2000C0E0E50C240C129D86D0E0F074071214FC
:109D3000A912147A129D8212146E740B12122B88BF
:109D400008890978081211917C097D00E50C24022C
:109D500012A91D1211C3AA0CAB0D12A02974210265
:109D6000A484E4F0A3F0A3F022F582E43FF583E8B5
:109D7000F0A3E9F022E028F508A3E03400F5097823
:109D80000822E50C240EF582E4350DF58322E50C5E
:109D9000241EF582E4350DF583E022A3129DA2A3D3
:109DA000A322F08E828F83A322F085088285098307
:109DB000E022129D63850C82850D83A3A322F0E52A
:109DC0000C241FF582E4350DF583E0C3950B227456
:109DD000F7120CB574FC12125BE9FEEAFF74056E13
:109DE000702E12A03C6F702874031214A9EAF0744C
:109DF000021214A97405F012A9D7600AAA18AB19A7
:109E000012AB47120E2DAA18AB19121A1412A04A3F
:109E100074041211C37F01020F1374F0120CB57495
:109E2000FE12125BEAFEEBFF74011214A97401F03A
:109E3000750B00750E00750F018A828B83A3A3A397
:109E4000E0A2E04003029F127C037D0079FFEA2438
:109E500010FAE43FFB121A868E828F83A3A3A3A37A
:109E6000E06003029F0979048E828F83A3A3A3E09D
:109E7000C2E5F0851882851983E4F0F50C901A503C
:109E800012A9B87003029F9D12A032E0F88E828F53
:109E900083A3A3A3A3E0686003029FA4EE2405129A
:109EA000A902121191E9FC7D00901A5112A032A36F
:109EB000A982AA837B00121A8074031211C3E9706D
:109EC00003029FA48E828F83A3A3E0704A8E828FA9
:109ED00083A3A3A3A3E06402702A8E828F83A3A32B
:109EE000A3E0A2E5501EEE240D12A8DAF8901A5055
:109EF000E0F9A3E0C9240DF582E439F583E0686058
:109F000003029FA4750C0180176402700579080292
:109F10009E73790102A02412A6D1E07008750B018E
:109F2000750E01801F8E828F83A3A3A3E0A2E5504C
:109F300010EE240D12A8DAF9901A5112A6DC6970FD
:109F400063750B01E50CA2E092F0E50BA2E072F064
:109F500050457A047B00121AA48A088B09EA4B60E8
:109F60003612A05B12A03C8A828B83A3A3A3F012BB
:109F7000A04AE50B850882850983A3A3600F7401BD
:109F8000F0750F00901A50EEF0A3EF80027404F009
:109F9000AA08AB0912A029E50E70128007740112FD
:109FA00014A9E4F08518828519837401F08518825C
:109FB000851983E0A2E092F0E50BA2E092F1E50EB4
:109FC000A2E072F1B382F050597A047B00121AA415
:109FD000EA4B604E12A05BEE240F12A8DA8A828B45
:109FE00083A3A3A3F074011214A9E0A2E040288E79
:109FF000828F83A3A3E06015901A50EEF0A3EFF0D8
:10A00000750F008A828B83A3A3740280118A828BCE
:10A0100083A3A3740480078A828B83A3A3E4F01232
:10A02000A029A90F740202A484901A4FE0F9121A11
:10A03000B022E0F5838A82A3A3A3A32212AB55C862
:10A04000240FF582E438F583E022901A5012A9B269
:10A05000121AAA901A50E4F0A3F0228A828B83A3EA
:10A06000E4F08A828B837406F02274F4120CB574C7
:10A07000F712125B8A088B098A828B83A3A3A3E061
:10A08000F9122A648A0A8B0BAE0AAF0BEA4F7003EF
:10A0900002A1A7850882850983A3A3E06038146024
:10A0A0001A14600614600D02A138EA12A1CA7404E1
:10A0B000F0EA804612A1B17007801B12A1B1600BBB
:10A0C00012A1C97403F012A1E78015EE243012A882
:10A0D000DAC394F040107C4B7D1AEEFAEFFB790165
:10A0E000122A2E02A1A7EE241D12A8DA600612A1E0
:10A0F000C9E48004EE12A1D7F0EE2430FAE43FFB6D
:10A100008A82F583E0C0E012A1BFD0E0F0EE242FF8
:10A11000FCE43FFD8C82F583E014F0EE243112A9BB
:10A12000021211918C828D83E0FC7D0012A917121E
:10A1300011C312A1E7122A2EEE12A9286069EE249B
:10A140001CF8E43FF98882F583E08518828519833D
:10A15000F088828983E0701012A1DD12147A7401F4
:10A160001214A912146E801912A8FF1211917C0802
:10A170007D0074041214A9AA82AB8312A9171211CC
:10A18000C38E828F83A3A3A3A3A3A3A3A3A3120F0E
:10A19000DC7C00EE242512A8DAF9740412123312C2
:10A1A0002A3A74041211C374091211C37F04020FF6
:10A1B00013E5082414FCE43509FD122A82E922EE95
:10A1C000242AF582E43FF58322EE12A1CE22240D4B
:10A1D000F582E43FF5832212A1CE740122EE242100
:10A1E000F582E43FF58322EEFAEFFB901A4FE0F997
:10A1F000121AB07C4B7D1AEEFAEFFB79002274F54F
:10A20000120CB5890A8A088B09ECFEEDFF8C82F5E9
:10A210008312A9DA602CEA687002EB6970298C82DB
:10A220008D83A312A6BA12A498E50A600A8C828DC7
:10A230008312A9AE121AAA8E828F83E508F0A3E5D5
:10A2400009F07F03020F13888289838008EAF8EB04
:10A25000F98A828B83A3A3A312A9B860E5E84960B9
:10A26000E1E5086A7003E5096B70E28A828B83A3DB
:10A27000A3A3E0FCA3E0FD88828983A3A3A3ECF061
:10A28000A3EDF0E50A60BB121AAA80B674F0120CB6
:10A29000B574FB12125B74011214A9E9F0EC851875
:10A2A00082851983F074041214A9EDF08A828B83DD
:10A2B0007402F0141214A9E0A2E750208A828B8362
:10A2C000740312A94C131313541F54036402600542
:10A2D00012A4A070078A828B83740BF07415121479
:10A2E000A912A49874011214A9E0540370178508E8
:10A2F00082850983E064028A828B837004E0048093
:10A3000003E02404F0741F1214A9E0F88A828B83FE
:10A31000E028F0FA7B00121B3474021214A9EAF050
:10A32000A3EBF074021214A912A9DA700302A47A42
:10A3300074011214A9E088828B8312A4C1740112E3
:10A3400014A9E0A2E75010851882851983E08E8257
:10A350008F83F0A30EAF8374011214A9E05403702D
:10A3600061850882850983E06402700A740412140E
:10A37000A912A4BC804CA3AA82AB83780812145201
:10A380008E828F8312A4C8121452E5098E828F83A5
:10A39000A312A4CA121452741078081212128E82D8
:10A3A0008F83A3A312A4C81214527418780812122F
:10A3B000128E828F83A3A3A3E508F0EE2404FE503F
:10A3C000010F74011214A9E0A2E7503B12A48C60A3
:10A3D0000512A4A0703174171214A978081214522F
:10A3E00012A4D21212128E828F83A3A3E50CF074F2
:10A3F0001878081212128E828F83A3A3A3E508F0A7
:10A40000EE2404FE50010F74221214A912A4BC748D
:10A41000201214A912A4AF12119174221214A9E0EF
:10A42000FC7D00EEFAEF12A9161211C3741F12146C
:10A43000A9E0F8EE28FEE43FFF74011214A9E0A29F
:10A44000E7503712A48C600512A4A0702D741B1263
:10A4500014A9780812145212A4D21212128E828FEA
:10A4600083A3A3E50CF0741878081212128E828F61
:10A4700083A3A3A3E508F0EE240474021214A91226
:10A48000A9AE74051211C37F08020F1385188285C7
:10A49000198312A4A6640222E0F508A3E0F50922BC
:10A4A00012A4A6640322E0131313541F540322E0E2
:10A4B000F508A3E0F509750A00780822E08E828F7E
:10A4C00083F0A3AE82AF8322E508F08A828B837883
:10A4D00008228E828F83E508F0A3E509F085080C39
:10A4E000F50D850A0E850B0F7410780C2274F0128E
:10A4F0000CB574EC12125BEAFEEBFF890C8C0B744A
:10A50000011214A912A6E88A828B83E070597C0498
:10A51000901A5012A9DA604C12A6BAA3E0F88A8207
:10A520008B83E068703EA3A982AA8389088A097593
:10A530000A0078081211917D0012A6D1A3A982AA5F
:10A54000837B00121A8074031211C3E960168E8295
:10A550008F83E06402701B74FF650C601512A6D631
:10A56000650C600E02A6A9640270047C0880A1023A
:10A57000A6A974131214A9E4F074021214A974FFAA
:10A58000F0A3F0740A1214A97402F012A6BEE4F04B
:10A5900004650B702675080178081211997508007A
:10A5A0007808121199780812119978081211997D7A
:10A5B000007C0079017A007B00802E851882851945
:10A5C000837480F075080178081211997508007875
:10A5D00008121199780812119978081211997D00C2
:10A5E0007C00A90B7404121233122A407404121155
:10A5F000C3E9F912AB55C8240E12A6AE12119990F8
:10A600001A50E02414129D7712119512AB55C824EC
:10A610001312A6AE12119990874A120FDC90874A46
:10A62000120FDC901A50E02404129D77121195123B
:10A63000A6D6FD7C00740F121233122A34740E1247
:10A6400011C38A088B0974241214A9120FDC12A0FA
:10A650003CF50A780A1211997808121195740812BB
:10A6600014A9E0F50A780A121199750EFF750FFF0B
:10A67000780E121195740C12122B880E890F780E19
:10A68000121195901A85E0FCA3E0FD7417121233A5
:10A6900012A6BEE0F9122A04740C1211C3E9640177
:10A6A0007007AA08AB09121B3A741402A484F5823D
:10A6B000E438F583E0F50878082212A6C82212A62D
:10A6C000C222901A50E0F8A3E0F5838882A3A3A3E6
:10A6D0002212A6C2A322901A50E0F8A3E0C8240DCB
:10A6E000F582E438F583E022E4F085188285198349
:10A6F000F02274F7120CB5740C49F9EC6004E9D23D
:10A70000E6F9EA4B603DE9D2E7F9740C1214A9E0CE
:10A71000F8A2E0E4331313FF740B1214A9E0C4335E
:10A720003354C0FE740A1214A9E0C43354E0F87420
:10A73000091214A9E033333354F84D484E4F8A823E
:10A740008B83F0029E1574F1120CB574FF12125B2C
:10A75000EAFEEBFF8C0A8D0B74101214A912A49858
:10A76000E5084509700302A860850882850983749D
:10A7700002F0EA241C12A8DA700A8508828509838F
:10A780007406800C6402700985088285098374034D
:10A79000F0850882850983E02404F0750C00780CAC
:10A7A000121199EA12A928F50C780C121199EA24D1
:10A7B0001E12A8E2121199EA241D12A8E2121199A0
:10A7C000EA241C12A8DAFDEA241F12A8DAFC790098
:10A7D0007404121233122A4074041211C3E9F50EE4
:10A7E00012A8EE7060850882850983E012A93660A0
:10A7F0006B850A82850B83E0F50CA3E0F50D850CD3
:10A8000082F583E50E12A94C850C82850D83A3F099
:10A81000E50C2402F50C5002050DEE241C12A8DAFA
:10A820007042EE242112A9021211917C047D00AA2B
:10A830000CAB0D12A9171211C3E50C2404F50C5032
:10A840004B050D8047E06402701612A8D7F8850802
:10A8500082850983E028F012A93670957901806D10
:10A860007902806964027024EE242512A902121173
:10A87000917C017D00AA0CAB0D12A9171211C385A2
:10A880000C82850D83A385820C85830DEE24261210
:10A89000A9021211917C047D00AA0CAB0D12A9171C
:10A8A0001211C3EE241D12A8DA6402701EEE2430C9
:10A8B000F508E43FF509780812119112A8D7FC7D3C
:10A8C00000E50C240412A91D1211C37900740112B1
:10A8D00011C37F07020F13EE242FF582E43FF583A7
:10A8E000E022F582E43FF583E0F50C780C22EE12CD
:10A8F000A8F6E0640322241DF582E43FF58322EEEE
:10A900002411F508E43FF509750A007808227D0056
:10A91000EE2430FAE43FFB121A74740322FAE43591
:10A920000DFB121A7474032212A92DE0222420F5C3
:10A9300082E43FF58322FA7B00121B34850A82856C
:10A940000B83EAF0A3EBF0E50A450B22F0851882B1
:10A95000851983E022C082C083901A4B12A9DA8C39
:10A96000828D83601B12AB58F988828983A3A3A3CD
:10A97000E0FCA3E0FDEC4D88828983A3A3A370E5EE
:10A98000EAF0A3EB8038C082C083901A4B12A9B8BA
:10A99000601A800A8A828B83A3A3A312A9AE8A823B
:10A9A0008B83A3A3E0696004EA4B70E8801112A9CD
:10A9B000B222E0FAA3E0FB2212A9B2EA4B22F0D0C5
:10A9C00083D082021157C082C083901A5012A9DA34
:10A9D000600312A04A80E8901A5212AB58F9E84975
:10A9E0002274F2120CB57E007F008E088E09E96099
:10A9F0000514600E801675086475092A7E4D7F1A4D
:10AA0000800A75086A75092A7E4E7F1AE50845098D
:10AA10006004EE4F70047900801D8E828F83E0F514
:10AA20000A04F0A90A850882850983120E2DEA4BD3
:10AA300070E8E50A60E4F97F06020F13C082C08364
:10AA4000901A4B80078A828B83A3A3A312A9B860B4
:10AA50000A8A828B83A3A3E06970EA02A9BF7A0005
:10AA60007B00021157C082C083E9901A4FF0901A00
:10AA700050E4F0A3F0901A4BF0A302A9BE74F712B1
:10AA80000CB5EAFEEBFF5480600B122A7CEEFAEF65
:10AA9000648002AB39EAA2E050091229FEEE64019B
:10AAA00002AB3754026013901A5612A9DA600612EC
:10AAB000AB47120E2DEE6402807DEA5404601390C1
:10AAC0001A5812A9DA600612AB47120E2DEE640472
:10AAD0008065EA54086013901A5A12A9DA600612C7
:10AAE000AB47120E2DEE6408804DEA5410604D9075
:10AAF0001A6212A9DA603D7508017808121199905E
:10AB00001A62E0F8240AF582E439F583E0F9901A34
:10AB100062E02402FCA3E03400FD12AB4712A9AEB0
:10AB200012220674011211C3901A6212AB4D74FE08
:10AB3000F0A304F0EE6410FAEFFB80047A007B00CF
:10AB4000029E15EEFAEFFBE0F58388822212AB58E5
:10AB5000F583888222901A50E0F8A3E02274F41260
:10AB60000CB5750801901A4FE0F9121ABC8A0A8BCD
:10AB70000BAE0AAF0BEA4F700302AC398A828B83AB
:10AB8000E0700EA3A3E0FA8E828B83A3E0F9122A71
:10AB90000A8E828F83E064017007EEFAEFFB122ABF
:10ABA000108E828F83E064027007EEFAEFFB122AA8
:10ABB000168E828F83E064087007EEFAEFFB122A8C
:10ABC000288E828F83E06405700AEEFAEFFB122A6A
:10ABD00022E9F5088E828F83E064047018901A5C75
:10ABE00012A9DA600912AB43120E2DE9F508EEFA4C
:10ABF000EFFB121A0E8E828F83E06406701212A988
:10AC0000D7600612AB43120E2DEEFAEFFB121A14A8
:10AC10008E828F83E064077015901A5E12A9DA6045
:10AC20000612AB43120E2DEEFAEFFB121A1AE508CC
:10AC30006007EEFAEFFB121AAA02A1AC74F0120C34
:10AC4000B574CF12125B74051214A9ECF0A3EDF0E9
:10AC5000EAFEEBFF851882851983E4F0A3F0740304
:10AC60001214A9E4F0A3F074021214A9E4F0908481
:10AC7000E2741412123B740D1210D3750F01EA1214
:10AC8000A8EF706DEA12A8D82404FAE43400FB128D
:10AC90001B34851882851983EAF0A3EB12A94CF8BE
:10ACA000A3E0F9E8497005790102AEFF12AF04EEA6
:10ACB000243012A902121191850C82850D83E0FCCB
:10ACC0007D0074031214A912A9AE12A9171211C3A0
:10ACD00012AF22120FDC850C82850D83E0F874041C
:10ACE0001214A9E028FAA3E03400FB12AF121211EB
:10ACF000C3EE241C12A8DAC0E074071214A9D0E035
:10AD0000F0701012A1DD12147A74081214A9121432
:10AD10006E801D6402701912A8FF1211917C087DCB
:10AD200000740B1214A9AA82AB8312A9171211C3C3
:10AD300012AF18780812145274201214A97405F076
:10AD400074071214A9E0702874081214A9120FDCF9
:10AD5000741C1214A912AF0E1211C374081214A994
:10AD6000120FDC741812123312AF121211C38028A2
:10AD70006402703474081214A9A982AA83890C8A07
:10AD80000D750E00780C1211917C087D007417125D
:10AD9000123312A9171211C3780812118D742012E0
:10ADA00014A912AF0E1211C3740212122B88088953
:10ADB000097808121195740512123BEEFAEFFB1296
:10ADC0002A4674021211C374051214A912A9AE12F4
:10ADD0002E12901B197418F0A3742EF012A8EE60B6
:10ADE0000302AE85742112122B8808890978081293
:10ADF000119574071214A9120FE074061214A91207
:10AE0000AF2C12119574091214A9120FE012A8D7D1
:10AE10002404F508E43400F5097808121195740A41
:10AE20001214A9120FE07B02742012123B7A0479EB
:10AE300001122E3C740C1211C3E9F50F703E12AFD3
:10AE40000485188285198312A4AF121191850C8292
:10AE5000850D83E0FC12A90E1211C3850C82850DAD
:10AE600083E0F8851882851983129D751211917CF3
:10AE7000047D00EE242B12A9131211C385188285BC
:10AE8000198312AF35EE241D12A8DA64027066121F
:10AE9000AF22120FDC741412123312AF121211C34C
:10AEA000742112122B8808890978081211957407E9
:10AEB0001214A9120FE074061214A912AF2C121169
:10AEC0009574091214A9120FE0750804780812117C
:10AED00095741A12122B8808890978081211957B2B
:10AEE00002742012123B7A047900122E3C740C1268
:10AEF00011C3E9F50F74031214A912AF35A90F7429
:10AF00003102A484EE242FF50CE43FF50D22AA8231
:10AF1000AB83121B10740422EE2426F582E43FF565
:10AF20008322EE242BF582E43FF58322E0F50875B9
:10AF3000090078082212A9B2121B3A22C082C083EB
:10AF4000E9901CB402B3D074F4120CB574AF1212B1
:10AF50005BE9FE90180EF07AC57B1C1232AA7508C8
:10AF60005875091E78081211957C197D007A197B95
:10AF700000121C6074021211C39017F17402F0A346
:10AF8000E4F09017F3F07C577D387A0B790E121CA1
:10AF9000667A017B80EEF912224E7C087D0079FFF3
:10AFA0007AE97B17121A8675084575090078081228
:10AFB0001195740E12122B880889097808121195C0
:10AFC000790190874A12149212173274041211C335
:10AFD0009087067808121452740C1214A97808127B
:10AFE000129C701C741A1214A912147A901CAE12BE
:10AFF000146E741E1214A912B892901CB212B8A446
:10B0000075080C7509007808121195740212122B3C
:10B01000880889097808121195790090870212141E
:10B020009212173274041211C374041214A912B8C4
:10B03000929017FE12B8A474061214A912B8929036
:10B04000180012B8A474081214A912147A901CAA39
:10B0500012146E7A067B80EEF912224E7A0EEEF909
:10B06000121C42121A9E8A088B09A808A9097A3074
:10B070007B75120B6D8A088B09E4F50AF50B908637
:10B08000FE7808121315780812118D7A047B00EEF1
:10B09000F9121BFA74041211C390875E120FDC7A46
:10B0A000407B00EEF9121BFA74041211C390182EA3
:10B0B000E4F074511211C37F04020F1374F1120CE7
:10B0C000B574EC12125B8908EAFEEBFF5480600352
:10B0D00002B169EAA2E0400302B1A712B3B760036C
:10B0E00002B1939017F3E06401600302B1A17A0208
:10B0F0007B18121E7602B1A1EA2417F50CE4350B79
:10B10000F50DA3A3A3A3A3A3A3E0640B7038850C40
:10B1100082850D83E0F8A3E0F5838882A3E064953F
:10B1200070249017F3E06402701C8A828B83A3A3BF
:10B13000A3A3A3A3E0F890182EE06870099017F37A
:10B14000E4F090182EF0850C82850D83E0FAA3E0E0
:10B15000FBEA4B600D121B3A850C82850D83E4F0EF
:10B16000A3F0AA0AAB0B121AAAA908121ABC8A0ADF
:10B170008B0BEA4B60158A828B83E024CC70030230
:10B18000B0F8246170DC121EA680D7EEFAEF64805E
:10B1900002B39112B3C0120FDC7A0112B89C1211E3
:10B1A000C3EE640102B38F750C18750D18750E008F
:10B1B0005402607012B3B770559017F3E0640460E6
:10B1C00010E06403705890182BE004F0C39403401F
:10B1D000077900121EA08046851882851983E4F045
:10B1E000780C1211917C087D0074041214A912B31A
:10B1F000AD1211C3AC18AD197A027B18121E6A90F9
:10B200008732120FDC7A027B00121E70800B12B3A1
:10B21000C0120FDC7A0212B3A274041211C3EE64DE
:10B220000202B38FEA541060249017F3E070187A8A
:10B23000037B00121AA4EA4B600D8A828B8374365A
:10B24000F0A3740112BE1FEE641002B38FEA54081B
:10B25000604790182AE004F0C3940B402F851882B1
:10B260008519837495F0780C1211917C087D007417
:10B27000041214A912B3AD1211C3AC18AD197A029D
:10B280007B18121E6A7995121EA080077A027B181D
:10B29000121E76EE640802B38FEA540460539017CE
:10B2A000F3E0704774091214A9E4F0740A1214A9A7
:10B2B0007478F0A37456F0740C1214A97434F0A3CB
:10B2C0007412F0901CAA12147A740E1214A912149B
:10B2D0006E740912123B7A027B18121E5E90876E02
:10B2E000120FDC7A1012B89C1211C3EE640402B380
:10B2F0008FEA5420600D7A027B18121E76EE6420CD
:10B3000002B38FEA5440606E74081214A9740FF0EF
:10B3100085188285198374FFF0A3F0901922E090BC
:10B32000182DF07509007809121199E4F50AF50B4A
:10B33000780A1211957809121199750AB7750B1CC4
:10B34000780A121195750A04750B01780A12119585
:10B3500079017CFF7DFF74081212331221FA740800
:10B360001211C39086EE120FDC7A8012B89C121173
:10B37000C3EE64408019EA548060197D007C007936
:10B3800000901802E0FAA3E0FB1221F4EE6480FAC8
:10B39000EFFB80047A007B0074141211C37F070254
:10B3A0000F137B0090180EE0F9121BF422AA82AB57
:10B3B00083121A7474032290181612B896E8492260
:10B3C000901816E024FFF0A3E034FFF09086FA22F4
:10B3D000F0D083D082021157C082C0838A828B83CF
:10B3E000A3A3E0F854036401704BE854047042E8EE
:10B3F000540870047981803F8A828B83A3A3A3A31E
:10B40000A3A3A3E0602424FE601B24FD601224FE9D
:10B41000600924FE701F121E9A8012121E94800D65
:10B42000121E8E8008121E888003121E82E9F98087
:10B4300006798380027901809874F4120CB574F552
:10B4400012125BEAFEEBFF8C088D0912B68BC0E08E
:10B4500074011214A9D0E012B69DC0E07402121457
:10B46000A9D0E012B67912B51AC0E074031214A97B
:10B47000D0E012B69DC0E074041214A9D0E012B658
:10B4800080120FDC74091214A912B5231211C3859E
:10B490000882850983E06401701DE5082409F8E449
:10B4A00012B51A8A828B8312B69D8A828B83A3F08F
:10B4B000EA2402FA50010B90180FE0F9740129F008
:10B4C000AC18AD198C088D09780812119574021208
:10B4D000123B8C0812B76D121195E9F50878081225
:10B4E0001199E4F508F509780812119578081211F8
:10B4F000997808121199750801780812119978083D
:10B500001211997C197D00EEFAEFFB790E121C7E68
:10B51000740B1211C3740B02B0B43509F98882F5AB
:10B5200083E022AA82AB83121B1074042274F212ED
:10B530000CB574E812125B8A088B098C0A8D0B1209
:10B54000B68BC0E074011214A9D0E012B69DC0E021
:10B5500074021214A9D0E012B67912B670C0E07469
:10B56000031214A9D0E012B69DC0E074041214A90D
:10B57000D0E012B680120FDC74091214A912B523A0
:10B580001211C3850A82850B83A3A3A3A3A3A3A33C
:10B59000A3A3120FDC12B5271211C3E50A240DF57F
:10B5A00082E4350BF583E08A828B83F0A3AE82AF11
:10B5B00083850A82850B83E0A2E05017E50A240EFA
:10B5C000FCE4350BFDEEFAEFFB121C2AEE2408FE1C
:10B5D00050010F850A82850B83E0A2E1501DE50A28
:10B5E0002416F8E412B6708E828F8312B69D8E8276
:10B5F0008F83A3F0EE2402FE50010F90180FE0F9A4
:10B60000740129F0AA18AB198A0A8B0B780A121157
:10B610009574021212338A0AEEC3950AF50AEF9561
:10B620000BF50B780A121195E9F50A780A121199AF
:10B63000E4F50AF50B780A121195780A1211997837
:10B640000A121199750A01780A121199750A03787C
:10B650000A1211997C197D00AA08AB09790E121CF7
:10B660007E740B1211C374181211C37F06020F13DC
:10B67000350BF98882F583E022F0EC2403F8E4220C
:10B68000F08C828D83A3A3A3A3A3228C828D83122B
:10B69000C0F08C828D83A3A882A983E022F08882E7
:10B6A0008983A3E02274F6120CB574F712125BEAD8
:10B6B000FEEBFF12B68BC0E074011214A9D0E012A9
:10B6C000B69DC0E074021214A9D0E012B6793DF91B
:10B6D0008882F583E0C0E074031214A9D0E012B6AA
:10B6E0009DC0E074041214A9D0E012B680120FDCE1
:10B6F00074091214A912B5231211C390180FE09007
:10B70000182EF090180F04F0A818A91988088909B4
:10B710007808121195740212122B880812B76D1254
:10B72000119590182EE0F5087808121199E4F508A3
:10B73000F5097808121195780812119978081211F4
:10B740009975080178081211997508067808121180
:10B75000997C197D00EEFAEFFB790E121C7E740BBA
:10B760001211C374091211C37F02020F13EAC395A9
:10B7700008F508EB9509F50978082274EC120CB568
:10B7800074141214A9780C121452850C08850D0932
:10B79000850E0A850F0B90873A781012145278089C
:10B7A0007910120C46901816E508F0A3E509F09000
:10B7B000873A7808121452780C7908120C46908651
:10B7C0009A780C1214527808790C120BC678081269
:10B7D000118D12B89E1211C37F0C020F1374F41254
:10B7E0000CB574E812125BEAFEEBFF901CB5E08525
:10B7F000188285198312BCA01214A912BCAA1214B3
:10B80000A912B8A4901CAE12147A74051214A912CD
:10B81000146E901CA612147A74091214A912146ED4
:10B820009018107808121452901CA678081212432F
:10B830007583867582EA78081211324021901CA621
:10B840007808121452A9089018107808121452E5BA
:10B8500008C399C0E0740D1214A9D0E08007740DDC
:10B860001214A97420F09017F812B89274161214DA
:10B87000A912B8A490875E120FDC7A0812B89C1245
:10B8800011C3AC18AD19EEFAEFFB121E6474180266
:10B89000B0B412B89622E0F8A3E0F9227B0012B30C
:10B8A000A4740422E8F0A3E9F02274F0120CB5EAC3
:10B8B000FEEBFF89099017F3E064016005799502BA
:10B8C000BB3E7A08790212170EE509F50A750B00DE
:10B8D000780A1211958E0A8F0B780A121195790148
:10B8E000901CA612149212173874041211C3750812
:10B8F0000080020508E508FA3395E0FBA809C3EAD1
:10B9000098EB9400A2D265D033400302BB3C901860
:10B910002CE0605114604E14604B14604814606752
:10B9200014700302B9A614700302B9B614700302AE
:10B93000B9D514700302B9F514700302BA46147035
:10B940000302BA5314700302BA6614700302BA7683
:10B9500014700302BA8F14700302BAA914700302A0
:10B96000BAE502BA1812BB43FA90182CE0F8741624
:10B9700028F582E43487F583E06A600302BAE19037
:10B98000182CE00402BA179086E6780C1214529034
:10B990001CA6780C12129C707F12BB4390181412D4
:10B9A000BB637405807112BB51901815E049F0908B
:10B9B000182C740680619086CE780C121452901C5C
:10B9C000A6780C12129C705012BB43901CB212BB92
:10B9D000637407804212BB51901CB3E049F0901889
:10B9E0002C7408F0901CB2E064027002A3E06003C3
:10B9F00002BAE18023901814E024FFF50CA3E03490
:10BA0000FFF50DE4F50EF50F901CA6780C12129CB4
:10BA1000700690182C7409F09086C6780C12145297
:10BA2000901CA6780C12133B901810780C1214522C
:10BA3000901CA6780C121404500302B8F39017F36C
:10BA40007402F002BB3C12BB4390182012BB63741B
:10BA50000A80C412BB51901821E049F090182612B8
:10BA6000BE13740B80B112BB43901822F0A3E412F2
:10BA7000BE16740C80A112BB567408780C121113F8
:10BA8000901822780C1213C090182C740D80881214
:10BA9000BB567410780C121113901822780C1213E4
:10BAA000C090182C740E02BA1712BB567418780C7A
:10BAB000121113901822780C1213C090182C740FC6
:10BAC000F0901810780C121452901CA6780C1212D8
:10BAD00043758318758222780C121132500302BA12
:10BAE00018799680599086C6780C121452901826B0
:10BAF000780C12133B901822780C121452901826CE
:10BB0000780C12129C600302BA1890182012B3BA73
:10BB1000600302BA1278FF79FF00E824FF18E934C5
:10BB2000FFF9E84970F37988121726E9700302BA21
:10BB30001279037AFC7B841216B480A579007F0801
:10BB4000020F1312BB4722EE2AF582EF3BF583E08A
:10BB50002212BB47F92212BB47F50CE4F50DF50E96
:10BB6000F50F22F0A3E4F090182C2274EE120CB51D
:10BB700074F512125B8A108B118A828B83A3A3A3A4
:10BB8000A3A3A3A3A3A3A3E024FEF8A3E034FFF997
:10BB9000C3E89409E99400400C7980740B1211C336
:10BBA0007F0A020F13901CB6E060069017F3E06066
:10BBB00004790180E68A828B83A3A3A3A3A3A3A312
:10BBC000A3E0FAA3E0FB8A82F583E0F50AA3E0F59F
:10BBD0000BEA2402FA50010B12BC91FEE439FFEA91
:10BBE0002402FA50010B12BC91F508E439F50979E9
:10BBF00004EA2402FA50010B12BE07851082851157
:10BC000083E0F8A3E0C82415F582E438F583E0600A
:10BC10004AE50A60329017FEE06E7003A3E06F7091
:10BC200035E50AC39402400E901800E065087004E0
:10BC3000A3E065097020E50AC39403400A901CAA9A
:10BC4000780C12129C600F121A9EEA75F06484A898
:10BC5000F0E50B985005790002BB9B851882851989
:10BC600083E412BCA01214A912BCAA1214A912B81F
:10BC7000A4901CAA12147A74051214A912146EACA2
:10BC800018AD1985108285118312C0C4121E5E8002
:10BC9000C5F5828B83E0FCA3E0F8E4C8F9EC282228
:10BCA000F09017FE12B896740122E8F0A3E9F09024
:10BCB000180012B89674032274F0120CB574F312C3
:10BCC000125B8A0A8B0B75080112C3CB7001E96005
:10BCD0000D7401687001E96005798002BDF3901769
:10BCE000F3E064017005790002BDF312C0CE600379
:10BCF00002BDC912C2E974011214A912C0F950019F
:10BD00000F12C2E574031214A912C0F950010F7981
:10BD10000412C0991214A912146E7904EE29FAE4DF
:10BD20003F12BE0674091214A9780C12143474035D
:10BD30001214A912C0AA7003A3E069600302BDC96E
:10BD400074011214A912C0B37003A3E069707A746D
:10BD5000051214A912147A901CAE12146E901810C9
:10BD6000780C121434901CA612BE13F09017F30432
:10BD7000F0850A82850B83E0F8A3E0C82406F582EB
:10BD8000E438F5837C027D18740C1210D30412146D
:10BD9000A9A982AA8389088A09750A00780812115C
:10BDA000917C087D007A187B1812B3B11211C3126E
:10BDB000C0BCF50B780812118D7A2012B89C1211B4
:10BDC000C37508FF7A1012BDFB901CB4E0F460212B
:10BDD0007A037B00121AA4EA4B60168A828B837462
:10BDE00036F0851882851983E08A828B83A312BE80
:10BDF0001FA908740D1211C302BB3E7B0090180EE0
:10BE0000E0F9121C0022FB121A928A0C8B0D8C0E88
:10BE10008D0F22E4F0A3F0A3F0A3F090182C22F0F1
:10BE20008A828B83A3A3E412BE2B22F0901CB4E081
:10BE3000F9121AB02274EC120CB574E712125B8A74
:10BE40000C8B0D9017F3E06401600302BF5D12C01C
:10BE5000CEEE2404F508E43FF509851882851983A0
:10BE6000E0600302BFC38A828B83A3A3A3A3A3A31F
:10BE7000A3A3A3A3C3E0940EA3E09400500302C0C5
:10BE8000948E8212C2E774011214A912C0F95001F3
:10BE90000F12C2E574031214A9EA12B8A50E0EAF70
:10BEA000097904EE12C0991214A912146EEE24043A
:10BEB000FE50010F7904FAEFFB121A927409121462
:10BEC000A91214868E828F83A3A3A3A3E0F50B741B
:10BED0000D1214A9E50BF0EE2405FCE43FFD740EF1
:10BEE0001214A9ECF0A3EDF074011214A9A982AA0E
:10BEF0008389088A09750A0074031214A912C0AA5A
:10BF00007003A3E069702374011214A912C0B37006
:10BF100003A3E0697014901CAE78101214527405DB
:10BF20001214A9781012129C603A7E969017F3E4CE
:10BF3000F078081211917C087D0074141214A91273
:10BF4000B3AD1211C374101214A9EEF074101212D2
:10BF50003B850C82850D8312C0C4121E6A79007461
:10BF60001902B7D5901CA678101214527409121435
:10BF7000A9781012129C70E5A90BECFAEDFB121EC9
:10BF80007CE9FE12C103EE70A39017F3E064027027
:10BF90001C78081211917C087D0074141214A912E7
:10BFA000B3AD1211C374101214A9E4809E12C0BC68
:10BFB000F50B780812118D7A2012B3A274041211B5
:10BFC000C3809A6497600302C07C8A828B83A3A398
:10BFD000A3A3A3A3A3A3A3A3E0640B7002A3E060A5
:10BFE0000302C0947904EEFAEFFB121A9274011264
:10BFF00014A9121486AE08AF097904EEFAEFFB1209
:10C000001A9274051214A9121486EE240450010F1A
:10C0100012C2E574091214A9EA12B8A5901CB5E081
:10C02000A2E1503274051214A97808121452740156
:10C030001214A97808121243E5084509450A450B70
:10C04000701474091214A9E09017F812B8A512C060
:10C05000BCF50A02BFB012C10374051214A9780816
:10C0600012145274011214A978081212437808129B
:10C07000118D7A017B00121E7002BFBCE0649570C6
:10C08000139017F3E4F090182A12C1077995121E45
:10C09000A002BF5D798002BF5FFAEFFB121A92EA3D
:10C0A000F8EBF9ECFAEDFB74052212B89690180043
:10C0B000E0682212B8969017FEE068229017F812F6
:10C0C000C2DDE422E02406FAA3E03400FB228A82E7
:10C0D0008B83A3A3A3A3A3A3A3A3E0FEA3E0FF8E4C
:10C0E00082F58312C0F08E828F83A3AE82AF83224B
:10C0F000E0851882851983F022EAF0A3E9F0EE24A6
:10C1000002FE2290182AE4F07A08FB12BDFD227488
:10C11000E8120CB574FA12125B9017FE12B8927402
:10C12000041214A912B8A490180012B89274021242
:10C1300014A912B8A4901CAE780C12145290182EA8
:10C14000E412C45EA3A3A3A3A3A3A3A3A3E06410C8
:10C150007002A3E06005798002C2D38A828B83A338
:10C16000A3A3A3A3A3A3A312C2DD850882F5831210
:10C17000C2E9EA85188285198312B8A5E508240268
:10C18000F50850020509F58285098312C3E0E50828
:10C190002402F508500205097904FAAB0912C3BF5D
:10C1A000E5082404F508500205097904FAAB0912E0
:10C1B0001A928A148B158C168D177904E50829FAC2
:10C1C000E43509FB121A928A088B098C0A8D0B90B0
:10C1D00017F3E064026015E06403600302C2D190CB
:10C1E0008692780812129C700302C2D1851882854B
:10C1F0001983E0F47003A3E0F4602874041214A916
:10C20000E0F47003A3E0F4601A85188285198312A4
:10C21000B89274041214A9E0687003A3E069600383
:10C2200002C2D174FF6E700374FF6F601F7402123C
:10C2300014A9E0F47003A3E0F4601174021214A9CD
:10C24000E06E7003A3E06F600302C2D19086927823
:10C250001012129C6013908692780C12129C600946
:10C260007810790C121287706890869278081212F2
:10C270009C6041750C00750D00750E00750F0078FF
:10C280000879141214145013780879141212EE85D8
:10C29000080C85090D850A0E850B0F9017F37404A1
:10C2A000F0780C12118D7A027B00121E7074041249
:10C2B00011C3801D9017F37403F0908732120FDCC6
:10C2C0007A027B00121E7074041211C390182BE4C2
:10C2D000F0790074061211C37F10020F13E0F50805
:10C2E000A3E0F50922F5828F83E0FAA3E0F9227436
:10C2F000EA120CB58A148B1512C3CB7001E9600DDC
:10C300007401687001E96005798002C3BA9017F37F
:10C31000E06401700302C3B88A828B83A3A3A3A342
:10C32000A3A3A3A3E0F50AA3E0850A82F583E0F8BE
:10C33000A385820A85830B707F12C3E0E50A24027D
:10C34000F50A5002050BF582850B8312C3E8F50848
:10C35000E439F509E50A2402F50A5002050B7904CF
:10C36000FAAB0B12C3BF7904E50A29FAE4350B12C4
:10C37000BE06901800E065087004A3E065097038F7
:10C380009017FEE06E7003A3E06F702C901CAE78E7
:10C3900010121434901810780C121434901CA6E467
:10C3A000F0A3F0A3F0A3F09017F304F085148285B6
:10C3B000158312C0C4121E7679007F0E020F13126D
:10C3C0001A928A108B118C128D13228A828B83A36E
:10C3D000A3A3A3A3A3A3A3A3A312B896740D682237
:10C3E00012C3E8FEE439FF22E0FAA3E0F8E4C8F95A
:10C3F000EA282274F4120CB5E9FE9017F3E4F090E9
:10C4000086CA7808121452901810780812129C608C
:10C41000129087727808121452901810780812122D
:10C420009C70027E01901CB4E0F460207A037B00D3
:10C43000121AA4EA4B60128A828B837436F0EEA340
:10C4400012C45EA3740112BE2B02B0B7EE70FA12D2
:10C45000172CC2AFC2AF75C9AB75C95B80FEF08A3D
:10C46000828B83A32274F5120CB5EA240CF582E4C6
:10C470003BF58312C2DD7808120E81000002000134
:10C480008089C40680D5C428C51221AC8A088B09CE
:10C49000AE08AF09EA4F700302C5288A828B83A3D6
:10C4A00012C52DE0687003A3E06970258A828B8332
:10C4B000A3A3A3A982AA8389088A09750A00780818
:10C4C0001211917C087D007AE97B1712B3B1121129
:10C4D000C3EEFA804EEA240FF582E43BF583E0F8E0
:10C4E00090182DE06870411221B88A088B09AF09B5
:10C4F000EA4F60348A828B83E07026A3A3A3E060B6
:10C500002090180A740212C45E12C52D12B8A48AB3
:10C51000828B83A3A3A3A3E090180BF07A4012BDF3
:10C52000FBAA08EFFB121B3A7F03020F1312B89607
:10C530009018022274F2120CB574F412125B8A087D
:10C540008B09ECFEEDFF890C7C0C7D007900AA18AC
:10C55000AB19121A8674091214A9E412D2E4E0C0CD
:10C56000E074081214A9D0E0F08E828F8312C6C640
:10C5700012D4B2901D80E024FFF50AA3E034FFF549
:10C580000B850882850983E0850A82850B83F07517
:10C590000D1E780D1211997808121195780A121152
:10C5A00095E50C2401F508E43400F509780812112A
:10C5B0009574211214A9120FE0901974E0F97C739C
:10C5C0007D1D740912123312328C74091211C37456
:10C5D0000C02C82974F4120CB5E9FF901D8012CC2E
:10C5E000E6E9FE740E1214A912D8E4801F8882892D
:10C5F00083E0850A82850B8312C875A882A983858A
:10C600000A82850B83A385820A85830B74FF2EFE25
:10C610000470DA74101214A9E09019746004744064
:10C620008001E4F0740C1214A9120FE0EFF912D596
:10C63000D91211C3E9F9901974E4F002C6D474F662
:10C64000120CB512C84CF0E9F5087509007808120B
:10C650001195790202CE2174F4120CB574F71212FE
:10C660005BEAFEEBFF890A8C0B901D8012D8D6FC8A
:10C67000EBFD7AFA7B1A121C24E9700A7408121472
:10C68000A912C8CD801274081214A97402F090186F
:10C690008212C6C6E8F0A3E9F0EEFCEFFDAA08ABF3
:10C6A0000912D1FAE50AF0A3E50BF0E4F508F50963
:10C6B0007808121195790A740212123B12D5D5121C
:10C6C00011C37409800B12D7C1F9851882851983AB
:10C6D000221211C37F04020F1374F6120CB574F703
:10C6E00012125B12D8DF74081214A97402F08518B4
:10C6F00082851983EAF0A3EBF0EA88828983F0EB64
:10C7000012C803F0EC88828983A3A3A3F075080103
:10C710007509007808121195790402C85874F2124C
:10C720000CB512D8DF74121214A9E0F508EE250832
:10C73000C3332406FFC3944F4005791002C8018A11
:10C74000828B83A3A3A3A3A3A3A3A3E0F509740FE0
:10C75000650960067402650970188A828B83E0F4AB
:10C760007003A3E0F4700B8A828B8374FDF0A374D2
:10C77000FFF074FF6C700374FF6D70047CFD7DFF2F
:10C78000EC88828983F0EDA3F0740E1214A912D202
:10C7900002EC88828983A312CEA612C803A3A3F059
:10C7A000E82405F8500109EE6019750900741012AB
:10C7B00014A912D20212C80D5001090509E509C3D6
:10C7C0009E40F288828983E508F0A3A882A983604D
:10C7D0001A75090074131214A912D20212C80D504E
:10C7E00001090509E509C3950840F17508067509B1
:10C7F000007808121195EFF9EAFCEB12D5D412116A
:10C80000C38029A3F0EE88828983A3A322E50912BD
:10C81000D059EC250AF50AED350BF50B850A821285
:10C82000D2BE12D09112D06C221211C37F06020F19
:10C830001374F6120CB512C84C12D1CA75080475DF
:10C8400009007808121195790302CE21901D8012FB
:10C85000D1BDEC12D2A5ED22740212123B12D5D535
:10C860001211C374091211C37F02020F131211C3F4
:10C870007F07020F1312C8792212CE86A32274F604
:10C88000120CB574F712125BE9FE74081214A912A7
:10C89000C8C812D1B6EA12D2A1EBF0901D80E024F4
:10C8A00002FAA3E03400FB121C2A12D7BEC8240AE5
:10C8B000F582E438F583EEF0750813750900780801
:10C8C000121195790B02C85812C8CDF022740FF0DE
:10C8D00085188285198374FDF0A374FF2274EA120F
:10C8E0000CB58A0C8B0DECFEEDFF891012D8E98C8B
:10C8F000828D83A3A3A3A3A3A3A3A3E0640F700BC0
:10C900008C828D8374FCF0A374FFF0750E01741893
:10C910001214A912CCE6741F650A70047480650BAA
:10C92000700B750E028A828B83E412D6048A088B00
:10C93000098A828B83E912D604750F0074161214CB
:10C94000A9E0F514A3E0F515901923E0F51275138D
:10C950000074037812121387E5142512FCE51535CF
:10C9600013FD121C2A901923E004F07408250EF51B
:10C970000EE0651070127401250F85088285098309
:10C98000F0901923E4F0804B050FE50FC3940A40A3
:10C99000B7850882850983740AF0901923E0C3954E
:10C9A000105030741F650A450B70051220C8802393
:10C9B000741F650A70047480650B701790872A12C3
:10C9C0000FDC7A007B409018ABE0F9121BF4740482
:10C9D0001211C3780A121195A90EEEFCEFFDAA0CF4
:10C9E000AB0D12D5D902D2B074E8120CB574EA12AC
:10C9F000125B8A108B11750AFE750BFF7E007F009B
:10CA0000EA240CF514E43511F515851482F583122A
:10CA1000D8ECEA4B70047C0880027C02E5102413F9
:10CA2000F516E43511F517851682F58312CE9B2C89
:10CA3000F582E439F583E0F50DE510240BF512E4F9
:10CA40003511F513EA4B704DE8FEE9FFE8FCE9FD0E
:10CA50007AFA7B1A121C24E9600990188212CCE63B
:10CA600002CB02EEFAEFFB1224DCEA4B700302CB9E
:10CA7000128A828B83A3A3A3A3E0F87401686008E1
:10CA8000740268600302CB128A828B8312CCE6E5C3
:10CA90000D706C806D88828983E0FAA3E0F9EA2E3C
:10CAA000F50AE439F50B901882E06A7003A3E06997
:10CAB00070067EFA7F1A804AAB0B1224D68B09A926
:10CAC00009EA49604D8A828B83A3A3A3A3E0640192
:10CAD000704074091214A9E412D1E0A312D8E474CE
:10CAE000141214A912D4B27409121233122482E956
:10CAF0006009740C1214A9AE82AF83E50D60037552
:10CB00000DFF74FE650A700474FF650B6004EE4F40
:10CB1000700C851282851383E0600302CCC612CCB0
:10CB2000D0750E0B74FE650A700474FF650B6024EB
:10CB3000EE4F6020E50D60067401650D7005750C03
:10CB400000803C750C80851282851383E06401703F
:10CB50002E02CCC6750C8112CCDB7008750AFF75ED
:10CB60000BFF801B7C087D0079FF740112123312C9
:10CB70001A86740112122B88128913AE12AF138514
:10CB80000882850983E50CF0A3858208858309EE78
:10CB9000FCEFFDAA08AB09121C2A8A088B09AE0813
:10CBA000AF098A828B83E50AF0A3E50BF074016577
:10CBB0000D600302CC8D901882E0650A7004A3E03A
:10CBC000650B600302CC8DE50C600302CC8D8518EB
:10CBD00082851983E4F0AA18AB191224EEEE240220
:10CBE000F8E43FF9E8FCE9FDEA4B700302CC84125B
:10CBF000CCDB700478098002780385168285178360
:10CC0000E028F508A3E03400850882F583E0F50804
:10CC100025E0F8E433F9EA28F8EB39F9851882853C
:10CC20001983E0F509E508C39509500DE0C395089F
:10CC3000F0C333240BF50E8002E4F0E08C828D8388
:10CC400012D2D2E508F0EE2404F508E43FF5090518
:10CC50000E050E80218882898312D1D112CE161240
:10CC6000CCEE50020509E82402F85001098518822B
:10CC7000851983E014F0851882851983E070D61237
:10CC80001B3A800988828983E4F0750E0C90197430
:10CC90007410F0851482851583E0F508A3E04480C4
:10CCA000F5097808121195A90EE5102402FCE43567
:10CCB00011FDE510240FFAE43511FB12D5D912113C
:10CCC000C3901974E4F074161211C37F10020F138D
:10CCD000901D80E0F508A3E0F509228514828515F2
:10CCE0008312CE9F4922E0F50AA3E0F50B228508C6
:10CCF00082850983A3F0E5082402F5082274F61260
:10CD00000CB5901D8012D4808E82F583E4F0ECA3E4
:10CD1000F0ED8E828F83A3A3F0740A1214A912CDB2
:10CD2000EC541F8E828F83A3A312CE158E828F8325
:10CD3000A3A3A3A312C87512D2CB12CDF612D2C6EA
:10CD400012CDF612D2CB12CE0112D2C612CE01A350
:10CD500012CDDF12CE1B12CDDFA3F0E82408FCE4D5
:10CD600039FD8C82F583E0F508EE240BF582E43F73
:10CD7000F583E50812D09BE0C0E0EE240CF582E4D8
:10CD80003FF583D0E012CE1BA3A3A3E0C0E0EE24C6
:10CD90000DF582E43FF583D0E0F0E8240BF582E462
:10CDA00039F583E0C0E0EE240EF582E43FF583D050
:10CDB000E0F0E8240CF582E439F583E0C0E0EE24ED
:10CDC0000FF582E43FF583D0E0F075080275098025
:10CDD0007808121195791012CE8C50010B804A12EE
:10CDE000D2CCA3A3A3A3A3A3A3A3A32212D7C1F925
:10CDF0008882F583E022A3A3A3A3A312C879A3A3E7
:10CE000022A3A3A3A3A3A3A312CE0C2212CE86A374
:10CE1000A3A3A3A322A312C879E02212CE0CA3A33A
:10CE200022EAFCEBFD7A227B1912D5D902C865747F
:10CE3000F6120CB512CE98FEE9FF8882F583E4F075
:10CE4000EC12CEA6F0740A1214A912CDEC8E828FC9
:10CE500083A3A3A312CE8612CCD3540FF9740C78FB
:10CE600008121443E508C4498E828F83A3A3A3A3A9
:10CE7000F07508037509807808121195790512CEAE
:10CE80008C50010B80A3F08882898322EA2402FC63
:10CE9000E43BFDEA240FFA22901D8012CE9F22E08F
:10CEA000F8A3E0F9E822A3F0ED88828983A3A32206
:10CEB00074EC120CB58A088B0912D8DFEC2409F542
:10CEC0000CE43DF50DEC2406F50EE43DF50FEE7097
:10CED00023EC4D601F850C82850D83E0FA850E8260
:10CEE000850F83E02AC333240CFAC3944F4007799B
:10CEF0001002D0547A04EE88828983F0E508241366
:10CF0000F50AE43509F50B850A82F583E0FBA3E019
:10CF1000F5838B8212D2BAA312D08CFBA3E0F583E7
:10CF20008B82A312D062F0E82403F582E439F58302
:10CF3000EAC39405500302D02D74FC2AF08C828D34
:10CF40008312D06212D09985820A85830B12D2BADD
:10CF500012D0A2F0EC2403F50AE43DF50B850A8219
:10CF6000F58312D06212D0A212D099A3A3A3A3E09A
:10CF7000540F88828983A3A3A3A3A3A3A3A3A3F08D
:10CF8000850E82850F8312D471A3A3A3A3A3F0E817
:10CF9000240BF8500109850E82850F83E060317BF8
:10CFA00000EC2407F50AE43D850A10F5118014EB26
:10CFB00012D05912D07912D14F12D07912D06850B4
:10CFC00001090B850E82850F83E0FFEBC39F40DFD5
:10CFD000850C82850D8312D14FA3A882A983850C6D
:10CFE00082850D83E060487B00EC240A50010DF53A
:10CFF0000A8D0B850C82850D83E0FCEBC39C502FC2
:10D00000EB25E0FCE433FD850A82850B83E02CFFF1
:10D01000A3E03D8F8212D2B812D08C2CFFA3E03D4A
:10D020008F82F58312D0685001090B80C6E4F07539
:10D030000A04750B80780A121195EAF9E5082402B2
:10D04000FCE43509FDE508240FFAE43509FB12D5A7
:10D05000D91211C37F0C020F1325E0F50AE433F552
:10D060000B2212D2C0A3A32212D06C22A3E088828A
:10D070008983A3F0E82402F822851082851183E0D9
:10D08000250AFFA3E0350B8F82F5832212D091E0B1
:10D0900022F0850A82850B8322A3A3F08C828D83E4
:10D0A000A322A3A3A3A3A312D2DF12D475A3227435
:10D0B000F1120CB574FF12125BE985188285198391
:10D0C000F08A0A8B0BECFEEDFF901D8012D1D97512
:10D0D00008047406650A70047480650B7005750990
:10D0E00010800375090074101214A912D14F741125
:10D0F0001214A912D1E774131214A9E0F98A828BD1
:10D1000083A3A3A3F06021740429F50874141214F6
:10D11000A912D716121191E9FC7D00EA2404FA50F5
:10D12000010B12D1561211C3E509901974F0780A57
:10D13000121195A908EEFCEFFD740212123312D5FC
:10D14000D91211C3E9F9901974E4F00402C86D1200
:10D15000D2C0F0227D00121A7474032274F7120CEC
:10D16000B574FF12125BE9851882851983F012D11C
:10D17000B6ECF0740A1214A912D8E4901D80E0FCF9
:10D18000A3E0F5838C82A3E812D1CA12D1B6A3A37F
:10D19000A3E4F0740C1214A9120FE07904EAFCEB7A
:10D1A000FD740212123312D5D91211C37401121177
:10D1B000C37F01020F13901D8012D1BD2212D1C175
:10D1C00022E0F8A3E0F58388822212D2A5A3E9F039
:10D1D00022E08508828509832212CE9FFAE9FB228C
:10D1E000F08A828B83A32212D70BA312D728F022B6
:10D1F00074011211C37F0A020F13121C2A8A828B38
:10D200008322E0FCA3E0FD2274F4120CB574F71243
:10D21000125BEAFEEBFF12D1B6E912D2A1ECF0EA02
:10D220004F606A8A828B83A3A3A3A3A3A3A3A3E0D3
:10D23000F87402686005740F6870528A828B8312DA
:10D24000D8E474FF68700374FF69601474FC68703C
:10D250000374FF69600A74FD68700374FF69702DC0
:10D2600074081214A97402F0122BE485188285192F
:10D2700083EAF0A3EBF0750A36750B00780A1211F9
:10D28000957902E912123B12D5D51211C3750A36EF
:10D29000750B00780A1211957902EEFCEFFD02C6BB
:10D2A000BC12D2A522F0901D8012D1C1A32274011C
:10D2B0001211C37F0E020F13F58312D2C022F58321
:10D2C000E0888289832212D2CCA322A3E08E828FAF
:10D2D000832212D2D622F08E828F83A3A3A322129E
:10D2E000D091A32212D2D6A3A3A3A3A32274EB129C
:10D2F0000CB574FF12125BE9851882851983F08AD8
:10D30000128B138D1474181214A912D480EC601EA1
:10D3100012D1B6EC12D4861211957901AC12AD136C
:10D32000740212123312D5D91211C302D4527417D7
:10D330001214A9E0F50D75F016A42404F50E12D50B
:10D34000CA7005791002D4528A828B83A385821019
:10D35000858311851008851109E4F0A3E514F074A4
:10D36000161214A912D467F0850882850983A3A335
:10D37000A3E50DF0E5082404F50850020509750C35
:10D380000002D425EE2402FCE43FFDAA08AB0912FA
:10D390001C2AEE240AFCE43FFDE5082408FAE435E3
:10D3A00009FB121C2A8A088B09A808A909EE241275
:10D3B000FAE43FFB8A8212D2B812D1E012D2BAA3A9
:10D3C000F0E82402FAE439FB12D5DFF0EE2415F57B
:10D3D00082E43FF583E0333354FCFC8A828B83E0A4
:10D3E0004CF0EE2416F582E43FF583E0C454F0FCE3
:10D3F0008A828B83E04CF0EE241712D45CF0EE248A
:10D400001812D45CA3F0EE2419F582E43FF58312E0
:10D41000D471F0E82406F508E439F509EE241AFE83
:10D4200050010F050CE50CC3950D500302D38490F9
:10D430001D80E510F0A3E51112D486121195A90EF6
:10D44000AC12AD13740212123312D5D91211C312D9
:10D45000D49074011211C37F0D020F13F582E43FC3
:10D4600012D2BEA3A3A322E0850882850983A3A3C9
:10D470002212D47522E088828983A3A3A3A3A322C6
:10D48000E0FEA3E0FF22F0750831750980780822DC
:10D49000E9FEAA0AAB0B12D6F9EEF92212D4A022A9
:10D4A0002401FAE43400FB121B342212D5ECA3A3AE
:10D4B000A322E8F0A3E9F02274EA120CB574FF127B
:10D4C000125BE9851882851983F08A148B158C12FA
:10D4D0008D0D74181214A9E0F50C75F015A4240430
:10D4E00012D5CA7005791002D5C78A828B83A385AD
:10D4F000820E85830FAA0EAB0FE512F0A3E50DF0A7
:10D5000074171214A912D5E8A3A312D7C6E50CF01C
:10D51000EA2404FA50010B75080475090074191205
:10D5200014A912D4808016740E2508F50812D60BA3
:10D53000FA50010BEE2415FE50010F0509E509C351
:10D54000950C505AEEFCEFFD121C2A8E828F83A39D
:10D55000A3A3A3A3A3A3A312D5E812D5FB88821289
:10D56000D5E612CE158A828B83A3A3F0EE2413F89E
:10D57000E43FF98882F58312D5F250010BEE240BBB
:10D58000FCE43FFD88828983E06403709A7415256A
:10D5900008F508121C2A12D5DF12D6048096901DB9
:10D5A00080E50EF0A3E50FF0750E33750F80780E51
:10D5B000121195A908AC14AD15740212123312D5CC
:10D5C000D91211C312D49002D2AE12D4A08A0A8BFF
:10D5D0000BEA4B22FD7A227B191221DC740222EE27
:10D5E0002414F582E43FF58312D5EC22E08A828B85
:10D5F000832212D4ABF0EA2404FA22F0EE2409F8D4
:10D60000E43FF922F0A3AA82AB83228C828D83129D
:10D61000D5ECF08C828D83A312D5ECA3F0EA240222
:10D620002274EE120CB574FF12125BE98518828524
:10D630001983F08A108B118C0F8D08740A2DF5094F
:10D6400012D49C8A0A8B0BAE0AAF0BEA4F70057995
:10D650001002D6EE8A828B83A385820A85830BE52E
:10D660000F12D60474131214A9120FDC121B1074BB
:10D67000041211C374171214A912D707F0E9A3F00A
:10D6800074191214A912D707A3A312D72312DA2CE4
:10D69000E508F0601C741B1214A912D71612119120
:10D6A000AC087D00EA2405FA50010B12D156121184
:10D6B000C3901D80E50AF0A3E50BF0741D1214A9B8
:10D6C000E0901974F0750A38750B80780A1211957C
:10D6D000A909AC10AD11740212123312D5D912116E
:10D6E000C3E9F50912D6F1901974E4F0A90902D141
:10D6F000F0EEFAEFFB12D6F922121B3A901D80745D
:10D7000025F0A37419F02212D70B22E0F8A3E0F958
:10D71000E88A828B8322E0F50CA3E0F50D750E00FC
:10D72000780C2212D728A322F0E98A828B83A3A344
:10D730002274F2120CB5890A8A088B0990197512A5
:10D74000D480EEF8EF802688828983A3A3E0650A5F
:10D75000701088828983A3A3A3E06A7003A3E06B9F
:10D760006053E8FEE9FF8882898312D7C1F9E8494E
:10D7700070D57A057B00121B348A0C8B0DA80CA97E
:10D780000DEA4960348A828B83A3A3E50A12D7C6C7
:10D79000E508F0A3E509F08A828B83E4F0A3F0901A
:10D7A000197512D8ECEA4B60068E828F8380039045
:10D7B000197512D4B279008002791002C82C901D1C
:10D7C00080E0F8A3E02212D7CA22F08A828B83A3DA
:10D7D000A3A32274EE120CB58A0A8B0B750C009071
:10D7E000197512D8D62410F510E4350BF51102D8AE
:10D7F000C8E50A240CF582E4350BF58312D8E485DC
:10D800000882850983A3A3A312D8ECE86A7002E911
:10D810006B601B74FF6A700374FF6B600302D8BFF8
:10D82000E95480700974136849600302D8BF8510F9
:10D8300082851183E02417FAE43400FB121AA48ACB
:10D840000E8B0FAE0EAF0FEA4F6074850A0C850B7E
:10D850000D750E00780C1211917C1712D154121113
:10D86000C3851082851183E0603AEE2417FAE43F05
:10D87000FBEE2413F582E43FF583EAF0A3EBF0E539
:10D880000A2413F582E4350BF583E0F50CA3E0F5EB
:10D890000D780C121191851082851183E0FC12D154
:10D8A000541211C38E828F8374D3F0EEFAEFFB858E
:10D8B0000882850983A3A3E0F9121AB0750C0185CB
:10D8C000088285098312CCD3E5084509600302D795
:10D8D000F1A90C02D1F5E0F508A3E0F509EA22E987
:10D8E000FE901D8012D7C1F922901D80E0FAA3E0BE
:10D8F000FB2274F6120CB574E912125B7E00740AF6
:10D900001214A9740212DA2CA3A312D8E47402121E
:10D9100014A912D4B2EA2415F582E43BF583E0C0E1
:10D92000E0740B1214A9D0E012DA2C12D8E4740CB3
:10D930001214A912D4B2EA2419F582E43BF583E06B
:10D94000C0E0740E1214A9D0E0F0EA2420F582E4BD
:10D950003BF583E014C0E074101214A9D0E0F0EAA3
:10D960002422F8E43BF98882F583E02401FCA3E05B
:10D970003400FD74131214A9ECF0A3ED12CE86123C
:10D98000D1B9E0C0E0740F1214A9D0E0F0EA24127B
:10D99000F582E43BF58312D8E474111214A912D471
:10D9A000B2EA2424F582E43BF58312D8E47415121C
:10D9B00014A912D4B2AA18AB19122254E9FC80019E
:10D9C0000EEEF5087509007402780812138774AF1B
:10D9D0002508F874383509F98882F583E493C0E0A6
:10D9E000740193F583D082AA82AB8374FF6A7003BB
:10D9F00074FF6B6028740C1214A9E06A7003A3E032
:10DA00006B70BDAA18AB1988828983A3A3E493C065
:10DA1000E0740193F583D082120E2D800AEC70071A
:10DA2000AA18AB19122074741702C86512D7CAA3BA
:10DA30002274F4120CB574F812125B7508007F00A2
:10DA40009017B4E4F07E79750A088F0B780A1211EA
:10DA500095740212123B7A007B00EEF912E33A123F
:10DA600011C3851882851983E0F47003A3E0F47074
:10DA7000139017B4E07004EEF080197A01EEF912F9
:10DA80001B46801074041214A9E0F47003A3E0F4A0
:10DA900060028E080EEEC3947F40ACE5089017B488
:10DAA0006017E0600FF9121B527A007B00A9081280
:10DAB0001B58800C12DF948007E06004F9121B529F
:10DAC0007E79EFFC7A007B00EEF9121B4CEA4B608A
:10DAD000047F017E780EEEC3947F40E6EFA2E05013
:10DAE000147E797C007A007B00EEF9121B4C0EEE5E
:10DAF000C3947F40EE9017B4E0703C7E007C00EC55
:10DB000012DB3D12ED0874F86A700374076B700441
:10DB1000ECFE8018EE12DB3D39F583C3E09AA3E0FA
:10DB20009B5002ECFE0CECC3940640D374792E900B
:10DB300017B4F0F9121B5279017408801025E0F82F
:10DB4000E433F974A828F58274172274021211C301
:10DB50007F04020F1374F7120CB574F812125B8570
:10DB60001882851983E4F0A3F0EA600874021214A5
:10DB7000A9E4800774021214A974FF12E1A67A00C6
:10DB80007B00121B7C74081211C37F01020F1374F7
:10DB9000EE120CB574F812125B890C8A0E8B0F8C86
:10DBA0000D750808750900750A00750B00751008D9
:10DBB0007511007810121195740212123BAA08AB6D
:10DBC00009A90C12E33A1211C3851882851983E062
:10DBD000F47003A3E0F4700302DD1074021214A9C0
:10DBE00012DFC040067EFC7FFF800612DF89FEE95F
:10DBF000FF74F8C39508F874079509F9C3E89EE91E
:10DC00009F5020E50A2400E50B3408F50BC3E50A14
:10DC10009508F50AE50B9509F50B750800750908D7
:10DC200002DD10E5082408F508E43509F509851832
:10DC30008285198312DFBA700302DCEEE50E450F10
:10DC40006047A80EE50F547FF9851882851983E097
:10DC5000687003A3E069600302DCF874061214A97B
:10DC600012E889E50F5480700F74FF68700374FF29
:10DC700069600302DCF8800A74FF68700374FF694E
:10DC80006076AA08AB0902DD2BAA08AB09A90C1221
:10DC9000DF7D74041214A9E0687003A3E069704387
:10DCA00074061214A912E889E50D602774FF6870E4
:10DCB0000374FF697042851882851983E0FAA3E036
:10DCC000448012ED9860317C019017B5E0F9121B89
:10DCD0006A802574FF68700374FF69601B7AFF7B9C
:10DCE000FF80487C01AA08AB09A90C121B6AEE242C
:10DCF00008F8E43FF912E50FE5082EF508E5093FBD
:10DD0000F509C3E50894F8E5099407500302DBAD73
:10DD1000A80CE82812DFA2E508F0A3E50912DD57F8
:10DD2000E50AF0A3E50BF07A007B0074088002742A
:10DD3000041211C37F0A020F1374F7120CB5E9FE27
:10DD400012168AEE2E12DFA27408F0A3E412DD5739
:10DD5000E4F0A3F002DB8AF074B628F58274163979
:10DD6000F5832274EE120CB574F712125B89088ADF
:10DD70000A8B0B7E007F00750C01750D00780C126C
:10DD80001195740212123BEEFAEFFB9017B4E0F912
:10DD900012E33A1211C3851882851983E0F46008F2
:10DDA00012DFB1790002DF780EEE70010FC3EF943D
:10DDB0000840C47E087F007401F09017B4E012DFC1
:10DDC000A0E0F50EA3E0F50F750C08750D00780CBA
:10DDD000121195740312123BEEFAEFFBA90812E33D
:10DDE0003A1211C374011214A9E0F47003A3E0F411
:10DDF000700302DF4C74031214A912DFC0400875CF
:10DE00000CFC750DFF800812DF89F50CE9F50D7427
:10DE1000F8C39EF874079FF9C3E8950CE9950D5077
:10DE20000302DF4C74F8C3950EF87407950FF9C31D
:10DE3000E8950CE9950D500302DF5AEE2408FEE444
:10DE40003FFF74011214A912DFBA700302DF3874A5
:10DE5000011214A9E0650A7004A3E0650B700302C7
:10DE6000DF38EEFAEFFBA90812DF7D74051214A962
:10DE7000E0687003A3E069600302DF3874071214DE
:10DE8000A9E0F47003A3E0F4700B7C00EEFAEFFB62
:10DE9000A908121B6A7509007809121199E4F51096
:10DEA000F511781012119574061214A912E87A74FB
:10DEB000041214A912ED0B9017B4E0F9121B94741C
:10DEC000031211C3E9700302DF5AE50E2408F50EB0
:10DED000E4350FF50F780C121195780E121195900C
:10DEE00017B4E0FCEEFAEFFBA908121B8E740412C3
:10DEF00011C374031214A912DFCB121B767405121E
:10DF000014A912E8A27002EB6D704FAA0EAB0F902D
:10DF100017B4E0F9121B708A108B11A810A91174A4
:10DF2000051214A9E0687003A3E069702D74011252
:10DF300014A912DFCB121BA0EE250CFEEF350DFF4E
:10DF4000C3EE94F8EF9407500302DDBA851882857A
:10DF50001983E0700F12DFB180168518828519834E
:10DF6000E4F080F1E50A450B700612E18412DF94BB
:10DF7000851882851983E0F9740902DD31121B7658
:10DF80008A108B11A810A91122EC2403F8E43DF9A2
:10DF9000E854FC22A908121B52E5089017B4F0229D
:10DFA00025E0F8E433F974AA28F582741639F5836C
:10DFB000229017B4E0F9121B522212E88DE8492290
:10DFC00012E87AC3EC94FCED94FF2212E87AAA0ED0
:10DFD000AB0F9017B4E0F92274F4120CB5EAFEEB23
:10DFE000800374804FFF7508797C00EEFAEFFBA97F
:10DFF00008121B4CEA4B6008E5089017B5F0801535
:10E000000508E508C3947F40E0EF548060D4901782
:10E01000B5E4F0FAFB02DB5074EE120CB574F612A4
:10E02000125B890A8A0C8B0D8C088D09C3EC94F461
:10E03000ED94FF400E85188285198374FCF0A3745B
:10E04000FF8019EC2403F8E43509F9E854FC2408AE
:10E05000500109851882851983F0A3E9F07F007CBF
:10E06000069017B4E004FEEEC3947F40027E7990E0
:10E0700017B4E06E603074872E25E0F8E433F9744D
:10E080009C28F582741712ED08E4C39AFA74089B71
:10E09000FB74A828F582741739F583E02AFAA3E007
:10E0A0003B12E18F50080E1CEC70BC02E17DEC705D
:10E0B0000302E17D741C1214A9E0F50EA3E0F50F34
:10E0C000EE12DFA012E893FA74089912E18F400370
:10E0D00002E15A7510088F1178101211957404120C
:10E0E000123B7A007B00EEF912E33A1211C3740678
:10E0F0001214A9E0F47003A3E0F4700B12E19F7A0C
:10E1000004FBEEF9121B82AA0CAB0DEEF9121B58A0
:10E11000E9606AE50AF50B780B121199780E121175
:10E1200095AC08AD09AA0CAB0D9017B4E0F9121B21
:10E130009474031211C3E960059017B4E0FFE50A77
:10E140007009EE850E82850F83800C12E184EEF952
:10E15000121B52EE9017B4F08023E50AF50B780BF2
:10E16000121199780E121195AC08AA0CAB0DEEF9AC
:10E17000121B9474031211C3E96002EEFFEFF974ED
:10E180000A02DD317A019017B4E0F9121B4622FB36
:10E1900085188285198312E88DC3EA98EB99228548
:10E1A0001882851983E4F0A3F0AC18AD192274F23B
:10E1B000120CB574F812125B89098C08EA24F8F580
:10E1C0000AEB34FFF50B750C08750D00780C121175
:10E1D00095740212123BAA0AAB0B12E33A1211C356
:10E1E000E508702274061214A9E4F0A3F074041276
:10E1F00014A9AC82AD83E50A2404FAE4350BFBA92B
:10E2000009121B7C803174021214A9E02403F8A3C4
:10E21000E03400F9E812E88012E19FAA0AAB0BA9EA
:10E2200009121B7CA809E828F8E433F974B628F52C
:10E230008274163912E24174081211C37F06020F6C
:10E2400013F583E02EF0A3E03FF02274F4120CB536
:10E2500074FE12125B851882851983ECF0A3EDF031
:10E260008908EA24FCFEEB34FFFFAC18AD19EEFA86
:10E27000EFFB121B82750A02750B00780A121195CA
:10E28000740212123BEEFAEFFBA90812E33A1211E4
:10E29000C385188285198312ED0B02DB4B74F012D3
:10E2A0000CB574FC12125B890C8A0A8B0BEDFF759E
:10E2B0000800750900EC2403F50EE43FF50F740225
:10E2C000780E121443AE0EAF0F12E64F6050750E6B
:10E2D00004750F00780E121195740212123BAA0AEF
:10E2E000AB0BA90C12E33A1211C3E50A2404F50A98
:10E2F000E4350BF50B7800E8FA851882851983E57B
:10E30000822AF582E43583F583E0FAE5082AF508E8
:10E31000E43509F50908E8C3940450AD80D9AA088A
:10E32000AB0974041211C37F08020F13E58228FCA5
:10E33000E43583FDAA0CAB0DA90E12167E740222E1
:10E3400074F4120CB575080175090078081211955E
:10E350008A088B0974027808121443E9F50A750BD0
:10E36000007409780A121387E5082400FAE50935D4
:10E370000BFB12168402DB4B74F7120CB574FC1203
:10E38000125B8C828D83E0851882851983F08C82E4
:10E390008D83A3E0C0E074011214A9D0E0F07402F0
:10E3A0001214A974FFF074031214A974FFF0AC18CE
:10E3B000AD19121B7C740402DB8774EE120CB57469
:10E3C000FC12125B8909EAFEEBFF8C0C8D0DEA54FE
:10E3D00003F50874161214A9E0F50AA3E0F50BE59D
:10E3E00008605E74FC5EFE750E04750F00780E12F8
:10E3F0001195740212123BEEFA12E33A1211C3E5C0
:10E400000C450D6028850A82850B83E0C0E0A808D2
:10E4100012E4FED0E012E51A0508E50C24FFF50C25
:10E42000E50D34FFF50DE508C3940440D2AC18ADFA
:10E4300019EEFAEFFBA909121B7CEE2404FEE43F5F
:10E44000FFE50C5403F508850C0E850D0F7402785A
:10E450000E121443850E0C850F0DE50C450D60481A
:10E46000780C121195AC0AAD0B8E0E8F0F740278DA
:10E470000E121443E509F510751100740978101295
:10E480001387E50E2400FAE50F3511FB121684748C
:10E49000021211C37402780C121387A80CA90DEE96
:10E4A00028FEEF39FF12E50FE508604F750C007587
:10E4B0000E04750F00780E121195740212123BEEC5
:10E4C000FAEFFBA90912E33A1211C38015850A82FB
:10E4D000850B83E0C0E0A80C12E4FED0E012E51A40
:10E4E000050C85080D74FF250DF5080470DFAC18C8
:10E4F000AD19EEFAEFFBA909121B7C02DD2F85187E
:10E5000082851983E58228F582E43583F58322E547
:10E510000A28F50AE50B39F50B22F0850A82850BEE
:10E5200083A385820A85830B2274EE120CB574FCDA
:10E5300012125B890E8A0C8B0D8C0B74161214A9A7
:10E5400012E89AE5085403F50A74181214A9E0FEBB
:10E55000A3E0FFE50A605EF8C3E50898F508E50961
:10E560009400F50975100475110078101211957456
:10E570000212123BAA08AB09A90B12E33A1211C30B
:10E58000EE4F602E7510017810121195A80A7402D2
:10E590001214A912E32C1211C3050CE50C7002052C
:10E5A0000D050AEE24FF1EEF34FFFFE50AC39404B5
:10E5B00040CE12E65EEE5403F50A8E108F117402FF
:10E5C0007810121443AE10AF118024751004751129
:10E5D000007810121195740212123B12E3341211DA
:10E5E000C3E50C2404F50CE4350DF50D12E65E12BE
:10E5F000E64F70D7E50A60547E007510048E1178DE
:10E6000010121195740212123BAA08AB09A90B1241
:10E61000E33A1211C3801E7510017810121195EEA5
:10E62000F874021214A912E32C1211C3050CE50CA4
:10E630007002050D0EAF0A74FF2FF50A0470D8ACF6
:10E6400018AD19AA08AB09A90B121B7C02DD2FEE2D
:10E65000F8EFF9E824FF1EE934FFFFE84922AC187F
:10E66000AD19AA08AB09A90B121B7CE5082404F517
:10E6700008E43509F5092274EC120CB574F812128D
:10E680005B890C8A0E8B0FECFEEDFFE929F508E49F
:10E6900033F50974AA2508F51074163509F51185A6
:10E6A0001082F583E0F50AA3E0F50B750D008518DF
:10E6B00082851983EAF0A3EBF074021214A9ECF03E
:10E6C000A3EDF0AC18AD19AA0AAB0B121B7C7512A6
:10E6D000087513007812121195740212123BAA0ADF
:10E6E000AB0BA90C12E33A1211C374021214A91253
:10E6F000E889851882851983E0650E7004A3E065BA
:10E700000F600302E827EE687002EF69600302E819
:10E7100027741E1214A9E0700302E802741C12147C
:10E72000A912E89A850882F583EEF8EFF9EE540312
:10E73000F50EE58245837015EE75F0FFA4F8AAF09A
:10E7400075F0FFEFA42AF9E8FAE9FB801F7A007B55
:10E75000008009E0FCEA2CFAE43BFBA3E8FCE9FDBD
:10E76000EC24FF18ED34FFF9EC4D70E7E50E601E68
:10E77000F87404C398F895E0F9E875F0FFA4F8ACD4
:10E78000F075F0FFE9A42CF9EA28FAEB39FB7404E0
:10E790001214A9EAF0A3EBF0E50A2408F50AE4351F
:10E7A0000BF50BE508450960177808121195EEFC8A
:10E7B000EFFDAA0AAB0BA90C121B8874021211C33D
:10E7C000EEFCEFFDAA0AAB0BA90C121B7674041227
:10E7D00014A912E8A27002EB6D702AAA0AAB0B1200
:10E7E000ECE574041214A9E0687003A3E0697015E5
:10E7F00085188285198312E87AAA0AAB0BA90C1234
:10E800001BA0750D0174021214A912E889C3E894C3
:10E81000F4E994FF40067EFC7FFF8049E824035022
:10E82000010912E880803EC3E894F4E994FF4006B1
:10E830007EFC7FFF8009E8240350010912E88085EF
:10E84000108285118312E893F8740899F9C3E89E41
:10E85000E99F5004E8FEE9FF74B62508F5827416B6
:10E86000350912E24185108285118312E243A90D18
:10E8700074081211C37F0C020F13E0FCA3E0FD2209
:10E8800054FC2408FEE439FF2212E88D22E0F8A3AC
:10E89000E0F92212E88DE4C39822E0F508A3E0F540
:10E8A000092212E87AEA6C22C082C0837900E92545
:10E8B000E0FCE433FD74512CF58274863DF583E071
:10E8C0006A7003A3E06B600709E9C3940340DFD0DB
:10E8D00083D08202115774F6120CB5E9FE8A088BB8
:10E8E00009ECFAEDFB12E9C5500E12E9CEEE12E981
:10E8F000D9E508F0A3E509F07F02020F13C082C03A
:10E9000083121B4080C974F4120CB5EAFEEBFF8C35
:10E91000088D09121B9AE9C394035006121A56E98E
:10E92000603612ED956010EEFCEFFD9017B5E0F942
:10E93000121BA079008023740C1214A9120FE0ACF2
:10E9400008AD09EEFAEFFB7901121B647402121193
:10E95000C3E9600479098002790A02DB5074F61277
:10E960000CB574F812125BEAFEEBFF12E9C55040D9
:10E9700012E9CEE09017B512E9D912ED0B7508082F
:10E980007509007808121195740212123BEA24F8F6
:10E99000FAEB34FFFB9017B5E0F912E33A1211C31A
:10E9A00074021214A912ED0B74081211C302E8F8D4
:10E9B000EEFAEFFB121B5E8B09A909EA4970BE7AD9
:10E9C000007B0080E3121B9AE9F8C394032274B61B
:10E9D00029F582E43417F58322F012E9DE22E929D1
:10E9E000F8E433F974B928F582741739F583227481
:10E9F000E8120CB574F312125B740B1214A9EAF04E
:10EA0000A3EBF08C0E8D0F751300121A56E9607C83
:10EA100074251214A9E0F516A3E0F517E5164517BD
:10EA2000700302ECD9740B1214A912ED0B121B5EC9
:10EA300074011214A9EAF0A3EBF09017B5E0F512F7
:10EA400074011214A912DFBA7005790902ECDB75A2
:10EA500008087509007808121195740512123B74A4
:10EA6000031214A9E024F8FAA3E034FFFBA9121260
:10EA7000E33A1211C374051214A9E50E2516F8E540
:10EA80000F3517F9C3E098A3E0995005790A02EC15
:10EA9000DB74011214A9E0250EF50AA3E0350FF589
:10EAA0000B850A10F51174271214A9E0F50CA3E0E8
:10EAB000F50DAE16AF177508008069751401751550
:10EAC000007814121195740212123BAA10AB11A90E
:10EAD0001212E33A1211C3851882851983E0F88572
:10EAE0000C82850D83E06860267508017407121496
:10EAF000A9C3E098F0A3E09400F0850C82850D8313
:10EB0000E0F874071214A9E028F0A3E03400F0053F
:10EB100010E51070020511850C82850D83A3858296
:10EB20000C85830D12E64F7092E508A2E0400302C7
:10EB3000ECD9851882851983E4F0A818A9198808EA
:10EB40008909780812119574071214A912E87A74C9
:10EB50000D1214A912ED0B7900121B64740212112C
:10EB6000C3E9F50C700302EC8D74051214A912E8C8
:10EB700089C3E894FCE994FF40087508FC7509FF17
:10EB8000800DE8240350010954FCF508E9F509A8B3
:10EB90000CE828F8E433F974AA28F514741639F54A
:10EBA00015851482F58312ECF374091214A9E0F4AC
:10EBB0007003A3E0F4700A7C0074011214A912ED32
:10EBC00011780E1211958E108F117810121195ACCC
:10EBD0000C74051214A912ED0BA912121B8E7404E9
:10EBE0001211C3EE250EFEEF350FFF74271214A984
:10EBF000120FE0AC16AD17EEFAEFFBA90C121B8852
:10EC000074021211C374051214A9E0C3950EF8A37F
:10EC1000E0950FF9E8C39516F50EE99517F50F780D
:10EC20000E121195EE2516F50EEF3517F50F780E2D
:10EC3000121195AC0CE50A2516FAE50B3517FBA960
:10EC400012121B8E74041211C3851482851583124F
:10EC5000ECF374051214A912ECFE121B7674071261
:10EC600014A912E8A27002EB6D7022EEFAEFFB120B
:10EC7000ECE574071214A9E0687003A3E069700D55
:10EC800074031214A912ECFE121BA0800375130A60
:10EC9000851882851983E060266512700B740A65F9
:10ECA00013700512DFB1803112E184851882851955
:10ECB0008312DFB4851882851983E09017B4F0853C
:10ECC0001882851983E06512600F740A6513600964
:10ECD0007C01EC1214A912ED11A913740D1211C3C9
:10ECE0007F10020F13A90C121B708A088B09A80849
:10ECF000A90922E0C39508FEA3E09509FF2212E8C6
:10ED00007AEEFAEFFBA90C2239F583E0FAA3E0FBD7
:10ED100022E0FAA3E0FBA912121B6A2274F0120C83
:10ED2000B5EAFEEBFF8C0A8D0B121B9AE9F8741002
:10ED30001214A9E0F50CA3E0F50D74121214A91237
:10ED4000E89AE9C394035023E9FE780C121195ACBC
:10ED500008AD0912E9DEE0250AFAA3E0350BFB74E1
:10ED6000B62EF582E43417F583801D12ED957004FC
:10ED7000790A801E780C121195AC08AD09EA250AB3
:10ED8000FAEB350BFB9017B5E0F912E33A1211C319
:10ED9000790002E327EEFAEFFB121B5EEA4B2274C6
:10EDA000F2120CB5EAFEEBFF8C0A8D0B121B5E8A89
:10EDB000088B09EA4B70047909802EEEFAEFFB12FA
:10EDC0001BB2E50A6A7003E50B6B6004790C8019CD
:10EDD0007C01AA08AB099017B5E0F9121B6A12ED85
:10EDE000956004790A8002790002E23C74E8120C12
:10EDF000B5746E12125B8C148D1590859874881200
:10EE0000123B740A1210D3851882851983F0740698
:10EE100012123B12FB1A6005740D6E700302F23B76
:10EE2000740612122B88088909750A0078081211D5
:10EE3000917C027D0074031214A9E0F8744A121444
:10EE4000A912F79112FD451211C378081211917C95
:10EE5000027D00740712123312FD451211C385188A
:10EE600082851983E02402F074041214A9E0540787
:10EE7000F87018A818A91988088909780812119536
:10EE8000744912123B7904740E8032740268703631
:10EE9000A818A919880889097808121195744912C7
:10EEA000123B7908740A1214A912F2451211C378A0
:10EEB00008121195744912123B790174121214A9A7
:10EEC00012F2451211C374071214A9E0A2E5501FF3
:10EED000A818A91988088909780812119574491287
:10EEE000123B790274131214A912F2451211C37461
:10EEF000071214A9E0A2E6501FA818A919880889CA
:10EF0000097808121195744912123B79017415128F
:10EF100014A912F2451211C374071214A9E0A2E653
:10EF2000400A74061214A9E0A2E5501FA818A919F6
:10EF3000880889097808121195744912123B7904DE
:10EF400074161214A912F2451211C374071214A9EF
:10EF5000E0A2E6501FA818A91988088909780812A4
:10EF60001195744912123B7910741A1214A912F2F5
:10EF7000451211C374061214A9E0A2E6400302F080
:10EF80005C74011214A912F24F1214A9E58228F53B
:10EF900016E43583F517748812122B8808890974D2
:10EFA0000112122B880C890D750E0074281214A9F9
:10EFB000A982AA8389108A11751200781012119102
:10EFC0007C0A12FEF81211C3E9703A74011214A9F6
:10EFD000E004F0780C1211917C017D00AA16AB17A9
:10EFE00012FD451211C3A818A919881089117810AB
:10EFF000121195744912123B790A742A1214A9123B
:10F00000F2451211C374321214A9A982AA8389107D
:10F010008A1178101211917C0A12FEF81211C3E9BC
:10F02000703A74011214A9E004F0780C1211917C6A
:10F03000017D00AA16AB1712FD451211C3A818A92D
:10F0400019880889097808121195744912123B79B8
:10F050000A74341214A912F2451211C3740712145F
:10F06000A9E0A2E0400302F11274011214A912F205
:10F070004F1214A9E58228F508E43583F5097401D7
:10F0800012122B880C890D750E00743C1214A9E025
:10F09000A2E0503A74011214A97401F0780C121114
:10F0A000917C017D00AA08AB0912FD451211C3A88D
:10F0B00018A919880A890B780A1211957449121235
:10F0C0003B7904743F1214A912F2451211C3743C27
:10F0D0001214A9E0A2E1503A74011214A9E004F05C
:10F0E000780C1211917C017D00AA08AB0912FD4534
:10F0F0001211C3A818A9198808890978081211954E
:10F10000744912123B790474431214A912F2451285
:10F1100011C3A818A91988088909780812119574CB
:10F120004912123B790174471214A912F2451211C7
:10F13000C374061214A9E0541864186017780812F2
:10F140001195744912123B790174481214A912F2F4
:10F15000451211C374AA1214A9E0F508A3E0F50939
:10F16000850882F583E0F8E5144515700302F21B6B
:10F17000851882851983E0FFE86004E024FEF0E052
:10F18000F874021214A9E8F0A3E4F0850882850956
:10F1900083E0F874021214A9E028F0A3E03400F030
:10F1A000740212122B880C890D750E00780C121146
:10F1B000917C027D00AA14AB1512FD451211C38586
:10F1C0000882850983E0700AE5142402F5145002D0
:10F1D0000515851882851983E02402F07447121200
:10F1E0002B880C890D780C121191EFFC7D0085089D
:10F1F00082850983E0F8E51428FAE43515FB12FD51
:10F20000451211C3850882850983E0601B740212D0
:10F2100014A9E0850882850983801DE8700A851895
:10F2200082851983E02402F0851882851983E0F82D
:10F23000850882850983E028F0EEF974921211C3E3
:10F240007F10020F13AA82AB83121630740222E4DD
:10F2500012F3D5F804F074472274F4120CB589093E
:10F260007900E509600814600514604A804A741149
:10F270006C4D7044750800740C1214A9E0FEA3E0F4
:10F28000FF740E1214A9E0F50AA3E0F50B780A1238
:10F290001195EEFCEFFDE5082410FAE43403FB12AF
:10F2A000160C74021211C3E9F9700B0508E508C3C6
:10F2B0009406500480D779017F04020F1374F01272
:10F2C0000CB574FE12125B8A0C8B0D8C0E8D0F9098
:10F2D0008793AC18AD1974021210D38A08EA540748
:10F2E000F8851882851983E054F8484418F054DFF3
:10F2F000FAA3E0FB850D0974037808121443E508AE
:10F300005420F8EA48851882851983F0A3EBF0852C
:10F310000C08E508C41354075403F97403698518ED
:10F32000828519837017E0D2E6F0E0C2E7F074023C
:10F3300069701774011214A9E0D2E08015E0C2E6EA
:10F34000F074016970E4E0D2E7F074011214A9E0EE
:10F35000C2E0F0E054F9F0E50854806005E0D2E343
:10F360008003E0C2E3F0E97005E0D2E48003E0C28C
:10F37000E4F0850D09850E0A850F0B9086E278086A
:10F380001213ADE5084509450A450B600F74026983
:10F39000600A74011214A9E0D2E580087401121405
:10F3A000A9E0C2E5F07409780C121443E50C54038B
:10F3B000C39402E04004D2E68002C2E6F0E0C2E775
:10F3C00012F3D5FA74011214A9E0FB74021211C3EE
:10F3D0007F08020F13F0851882851983E02274ECF0
:10F3E000120CB574B812125BEAFEEBFF8518828529
:10F3F0001983E4F074031214A9E4F0A3F074021268
:10F4000014A9E4F0041214A9740AF074051214A9E2
:10F4100074FFF0A3F07407121233121E408E828F15
:10F42000837810121452851008E508131313541F23
:10F430005401F50CAA10AB11AC12AD1312161874CE
:10F44000031214A9EAF0A3EB12F79A1211957409AA
:10F4500012123B7902740512123312F2491211C3CF
:10F460008E828F837808121452E5085407F87018BA
:10F47000851882851983E0240412F79A1211957475
:10F480000912123B790480197402687020A818A927
:10F4900019880889097808121195740912123B79A4
:10F4A00008EE29FAE43FFB12F2491211C3A818A989
:10F4B00019880889097808121195740912123B7984
:10F4C00001EE2410FAE43FFB12F2491211C3EE24BC
:10F4D00032F50EE43FF50F8E828F837808121452B6
:10F4E000E508C413540754036402A818A91988082E
:10F4F000890978086010121195740912123B79027B
:10F50000AA0EAB0F800F121195740912123B7902EB
:10F51000740712123312F2491211C38E828F83784C
:10F5200008121452850810850911740B78101214F2
:10F5300043E510333354FC541CF974097808121451
:10F5400043E508540349F874021214A9E048F07422
:10F550000212122B88088909750A00780812119185
:10F560007C017D0074031214A9E0F8740A1214A936
:10F5700012F79112FD451211C3851882851983E097
:10F580000412F79A121195740912123B7904EE24B1
:10F590001EFAE43FFB12F2491211C37808121195CA
:10F5A000740912123B7910EE2422FAE43FFB12F2A6
:10F5B000491211C3EE241112F78012119574091229
:10F5C000123B7908AA08AB0912F2491211C3EE24C2
:10F5D00019F50AE43FF50BA818A9198810891178C4
:10F5E00010121195740912123B7902AA0AAB0B1280
:10F5F000F2491211C37C087D0079FFAA08AB0912F9
:10F600001A86850A82850B8374FFF0A3F0781012A6
:10F610001195740912123B7908AA08AB0912F24934
:10F620001211C3A818A91988088909780812119518
:10F63000740912123B7902AA0AAB0B12F249121199
:10F64000C37C017D0074031214A9A3E05401FA7471
:10F65000031214A9E0333354014AF985188285193D
:10F6600083E0FA74071214A9E5822AFAE43583FBD1
:10F67000121A86851882851983E004F0EE241B1285
:10F68000F780121195740912123B7902AA08AB098E
:10F6900012F2491211C38E828F837810121452E530
:10F6A00010C41354075403F87402686005740168A9
:10F6B0007012780A121195740912123B7902AA0E7F
:10F6C000AB0F8011780A121195740912123B79025E
:10F6D000740712123312F2491211C3850882850988
:10F6E0008374FFF0A3F0780A121195740912123B8B
:10F6F0007902AA08AB0912F2491211C3A818A91974
:10F70000880889097808121195740912123B790248
:10F71000740712123312F2491211C37808121195AC
:10F72000740912123B7901EE2434FAE43FFB12F221
:10F73000491211C3851882851983E0F874071214E1
:10F74000A912F791740112122B88088909750A0011
:10F75000E05418600874011214A974FFF0780812BC
:10F7600011917C017D0012FD451211C3A90C740793
:10F7700012123312162474481211C37F0C020F1395
:10F78000F508E43FF509A818A919880A890B780A31
:10F7900022E58228FAE43583FB22F0A818A919880B
:10F7A00008890978082274F1120CB57582FC7583FA
:10F7B000FE12116F890B8A088B09750A00780812EE
:10F7C00011917C417D00744412123312FD451211D7
:10F7D000C37F00EF2410F508E43403F509AC18AD3D
:10F7E00019AA08FB12FB1A700302FAE9740D6E6085
:10F7F0000302F88E7401650B600302F88E744112E7
:10F80000122B880C890D780C121195750C41750D11
:10F8100000780C1211957C007D00AA08AB09121B20
:10F82000B874041211C3E9FE75087875091A744C8E
:10F830001214A9A982AA83890C8A0D750E00780C6E
:10F8400012119112FEF61211C3E9600302FADC7480
:10F85000781214A9A982AA83890C8A0D780C121136
:10F860009112FEF61211C3E9600302FADC747C12F5
:10F8700014A9A982AA83890C8A0D780C12119112FD
:10F88000FEF61211C3E9600302FADC02FAE97441E0
:10F8900012122B880C890D750E00780C1211917CB8
:10F8A000417D0074C612123312FD451211C37482D9
:10F8B00012122B880C890D780C121195750C41755C
:10F8C0000D00780C1211957C007D00AA08AB09127E
:10F8D0001BBE74041211C3E9703E74C31214A9E074
:10F8E0005407F874821214A9E0540768702A7484CB
:10F8F0001214A9A982AA83890C8A0D780C1211917D
:10F900007C087D0074C81214A9A982AA837B001206
:10F91000FF001211C3E97015EFC39405400579018A
:10F9200002FAEB0FEFC39406500302F7D3E50B7016
:10F9300034AA18AB19121E40A818A919880C890DF1
:10F94000780C121195750C41750D00780C121195FB
:10F950007C007D00AA08AB09121BB874041211C305
:10F96000E9FE02FAE974411214A9E0A2E64003029A
:10F97000FAF7A90BAC18AD197441121233121636EE
:10F98000E9700302FB1674421214A9E0A2E55021AB
:10F99000744C1214A9A982AA83890C8A0D780C12BE
:10F9A00011917C027D00740E1214A912FD411211F6
:10F9B000C374421214A9E0A2E6504B74011214A9B8
:10F9C000E0D2E6F0744E1214A9A982AA83890C8AA7
:10F9D0000D780C1211917C017D0074101214A91283
:10F9E000FD411211C374531214A9A982AA83890C70
:10F9F0008A0D780C1211917C107D0074151214A9D7
:10FA000012FD411211C374411214A9E0A2E5500A7B
:10FA1000851882851983E0D2E5F0744F1214A9A9E4
:10FA200082AA83890C8A0D780C1211917C047D00C6
:10FA300074111214A912FD411211C374801214A979
:10FA4000E0C0E0743F1214A9D0E0F074811214A950
:10FA5000E0C0E074401214A9D0E0F0A818A91988F9
:10FA60000C890D780C121195750C41750D00780CF0
:10FA70001211957C007D00AA08AB09121BB8740412
:10FA80001211C3E9FE75087875091A740B1214A9CE
:10FA9000A982AA83890C8A0D780C12119112FEF6A4
:10FAA0001211C3E9703674371214A9A982AA838986
:10FAB0000C8A0D780C12119112FEF61211C3E97026
:10FAC0001B743B1214A9A982AA83890C8A0D780C95
:10FAD00012119112FEF61211C3E9600D7901901A0C
:10FAE00078E0FAA3E0FB122CB0EEF975820475837E
:10FAF0000112116F02FFD474421214A9E0A2E04077
:10FB00000302F986AC18AD19744112123312163C77
:10FB1000E9600302F986790C80D11215E2E9FE74DE
:10FB20000A6E2274EA120CB574BD12125B8518823B
:10FB3000851983ECF0A3EDF08A148B157E008A0CF6
:10FB40008B0D8E0EA818A919880889098E0A7402CF
:10FB500012123BEE2410FAE43403FB1215E2E9F82A
:10FB6000740A687005790102FCF3740D6870030271
:10FB7000FCE7740D1214A9A982AA8389108A117551
:10FB80001200781012119112FEF61211C3E97036AC
:10FB900074391214A9A982AA8389108A11781012C3
:10FBA000119112FEF61211C3E9701B743D1214A9D3
:10FBB000A982AA8389108A11781012119112FEF677
:10FBC0001211C3E96077750B01780B121199790D49
:10FBD00074011214A9E0FCA3E0FD7AFD7BFF122C56
:10FBE000BC74011211C3851882851983E0F8A3E063
:10FBF000F990044CE8F0A3E9F07C087D0079FF7AE5
:10FC00004E7B04121A86900456E4F0121A9E8A1053
:10FC10008B11A810A9117A8A7B02120B6DE82405BA
:10FC2000F510E4F511F513781012118D7A107B00A0
:10FC3000901A4FE0F9121BF474041211C3E5144535
:10FC400015700302FCE774241214A9A982AA8389FF
:10FC5000108A1178101211917C087D00A90CAA0D50
:10FC6000AB0E12FF001211C3E96028742C1214A904
:10FC7000A982AA8389108A11781012119112FEF6B6
:10FC80001211C3E9706178081211917C027D007431
:10FC90002F804B742E1214A9A982AA8389108A116D
:10FCA00078101211917C087D00A90CAA0DAB0E12E0
:10FCB000FF001211C3E9602F74361214A9A982AA99
:10FCC0008389108A11781012119112FEF61211C355
:10FCD000E9701478081211917C027D0074391214B5
:10FCE000A912FD411211C30EEEC39406500302FB8C
:10FCF0004E790074431211C37F0E020F1374F11278
:10FD00000CB5890A8C088D09740F1214A9E0FEA3A2
:10FD1000E0FF8A0C8B0D750E00780C121191AC0A65
:10FD20007D008E828F83E0F8E50828FAE43509FB30
:10FD300012FD451211C38E828F83E0250AF002FF67
:10FD4000D4AA82AB83121A7474032274E9120CB51C
:10FD5000747212125B851882851983ECF0A3EDF0A2
:10FD6000E9FE90858E740212123B740A1210D38A37
:10FD7000088B09F50A78081211917C417D007450B6
:10FD800012123312FD451211C3851882851983E0C2
:10FD9000F508A3E0F50978081211917C417D007403
:10FDA0000F12123312FD451211C374381214A9A98F
:10FDB00082AA8389108A11751200742E1214A9A9BF
:10FDC00082AA83890C8A0D750E00746F1214A9A97A
:10FDD00082AA8389088A09740212122B8814891551
:10FDE000751600EE780860581211917C0A7D00A902
:10FDF0000CAA0DAB0E12FF001211C3E9600302FE44
:10FE00009E78101211917C0A7D00A914AA15AB16D8
:10FE100012FF001211C3E97808600612119102FE68
:10FE2000E51211917C0A7D00A910AA11AB1212FFF4
:10FE3000001211C37900748E1211C37F0F020F13C9
:10FE40001211917C0A7D00A90CAA0DAB0E12FF00C5
:10FE50001211C3E9606F78101211917C0A7D007451
:10FE6000311214A912FD411211C378141211917CA0
:10FE70000A7D00743B1214A912FD411211C3780CC3
:10FE80001211917C0A7D00A914AA15AB1612FF006D
:10FE90001211C3E96008740C121233121E40740C64
:10FEA00012122B8808890978081211917C417D0073
:10FEB00074031214A9E0FAA3E0FB12FD451211C36A
:10FEC000790102FE3678081211917C0A7D00A91092
:10FED000AA11AB1212FF001211C3E9700302FE3423
:10FEE00078141211917C0A7D00743B1214A912FD42
:10FEF000411211C380A87C027D00A908AA09AB0A9F
:10FF0000121A8074032274F1120CB5747E12125B03
:10FF1000ECFEEDFF8A088B09750A00780812119132
:10FF20007C417D00744412123312FD451211C38EC0
:10FF3000088F0978081211917C417D007403121218
:10FF40003312FD451211C374421214A9E0A2E0500D
:10FF50007C74361214A9E0A2E1407274781214A9DC
:10FF6000A982AA83890C8A0D750E00A818A9198880
:10FF700008890974361214A9E0A2E0780C401C121A
:10FF800011917C047D00743A1214A912FD411211E2
:10FF9000C374361214A9E0D2E0801A1211917C04C5
:10FFA0007D00743E1214A912FD411211C374361261
:10FFB00014A9E0D2E1F078081211917C417D00EEA5
:10FFC000FAEFFB12FD451211C3790180027900742A
:10FFD000821211C37F07020F137404F5D57458F50C
:10FFE000D47404F5D37460F5D2021157FFFFFFFFFC
:10FFF000FFFFFFFFFFFFFFFFFFFFFFFFFFFFFFFF11
:020000040006F4
:1080000074F4120CB58908EAFEEBFF9017E4E070F7
:1080100021750AEC750B1D780A1211957C217D00E3
:108020007A217B00121C6074021211C39017E47451
:1080300001F07A057B00121B348A0A8B0BA80AA96F
:108040000BEA4970047910803C8A828B83E4F0A3A8
:10805000128BC8E508128BC8A3EEF0A3EFF09017BF
:10806000E2128C419017E26017E0FCA3E08003EA83
:10807000FCEBFD8C828D83128C4170F38C828D839E
:1080800012876779007F04020F1374F7120CB58A08
:10809000828B83A3A3E0F8540364017038E854048E
:1080A00070338A828B83128D94E8FEE9FFE82414F2
:1080B000F582E43FF583E0FC9017E2128CE760154F
:1080C00088828983A3A3E06C8882898370ED128003
:1080D000F8EC4D70047901801A8E828F83A3A3A3DC
:1080E000A3E064217002A3E07006121DF2E9800291
:1080F0007401F97F01020F13A3A3A3E0FCA3E0FD29
:108100002274EC120CB574EA12125BEAFEEBFF8CDF
:10811000088D09EA2406F50AE43FF50BEA2407F581
:108120000EE43FF50FEA2402F50CE43FF50D850C53
:1081300082F583E05408707F850E82850F83E0C04E
:10814000E074051214A9D0E0F074061214A9748129
:10815000F08A828B83E0F510A3E0F511850A828511
:108160000B83E0F5127812121199E4F512F51378E9
:1081700012121195751201781212119978121211BA
:1081800099740A12122B881289137812121195858C
:108190001082851183A31280F8E5102406FAE435D5
:1081A00011FBE5102414F582E43511F583E0F91292
:1081B0001C9074071211C3850C82850D83E054084E
:1081C00070030283B1EE2408F50CE43FF50D850E33
:1081D00082850F83E014601414700302828124FCF2
:1081E00070030282ED24FB60500283B18508828512
:1081F0000983128CE770030283B11283D3740F12C8
:1082000014A91283EA1211917C037D0074141214D4
:10821000A9AA82AB831287611211C3850C82850DD6
:1082200083E0240312840B700302839474141214E9
:10823000A9128767740F0283A2E5082402F508508B
:10824000020509F582850983128CE770030283B168
:108250001283D38518828519831283EA1211917CC7
:10826000017D0074051214A9AA82AB8312876112E2
:1082700011C3128402700302839474031214A98040
:1082800062E5082404F50850020509F58285098392
:10829000128CE770030283B11283EF1211917C01FB
:1082A0007D0074051214A9AA82AB83128761121192
:1082B000C3128402700302839474031214A91287F8
:1082C000678E828F83128D94E8240EF582E439F54F
:1082D00083E06402701088828983A3A3A3A3A3A36D
:1082E000128787128767AA18AB190283A5E50824AD
:1082F00006F50850020509F582850983128CE7709E
:10830000030283B11283EF1211917C017D00740C82
:108310001214A9AA82AB831287611211C3850C8241
:10832000850D83E02401FAA3E03400FB850C8285EF
:108330000D83128C37121A8C740A1214A9128C37FE
:10834000850C82850D83E024021283BD881089117B
:1083500078101211917C017D00740F1214A9AA8269
:10836000AB831287611211C3850C82850D83E024D3
:10837000011283BD8E828F83E0FAA3E0CA2412F536
:1083800082E43AF583128DD974071214A9128C373E
:10839000E84970047901801B740D1214A9128767D3
:1083A0007407121233850882850983128CD6120E47
:1083B0002D790074161211C37F0C020F131283C1A2
:1083C00022F8A3E03400F9850C82850D83E8F0A340
:1083D000E9F022850A82850B83E09017D11288FA92
:1083E000E02406F8A3E03400F922E8F0A3E9F085E0
:1083F0000C82850D83E0F510A3E0F511751200786D
:108400001022850C82850D83E024011283C1E84986
:108410002274E8120CB58A088B098916751000754C
:108420001100750A0B8A828B83E05407F87005757A
:108430000A0F80087402687003750A14EA2414F5A0
:1084400012E43509F513851282F583E0F8E50A2870
:10845000F50AE43400AA0AFB121B348A148B15EACD
:108460004B700302857185080C85090D750E007827
:108470000C1211917C027D001287611211C3E51468
:108480002402FEE43515FF850882850983E0540740
:10849000F87018E508240212858512119112875987
:1084A0001211C3750F00EE24048026740268702533
:1084B000E50824061285851211917C0812875B124B
:1084C00011C3750F02E508240EF582E43509128701
:1084D00093FE50010FE508240F12857B12119112B3
:1084E00087591211C3E5082413F582E43509128770
:1084F000A050010F851282851383E0F96015E5080D
:10850000241512857B121191E9FC12875B1211C3AD
:10851000128778E508241712857B1211917C0212CC
:10852000875B1211C3E5082419F582E43509128727
:108530006DA90AAC14AD157AE77B17121E228A8248
:108540008B83E516F0E58245836029AC82AD83AA72
:1085500010AB11A90F121E0A90876A120FDC7A2045
:108560007B009017CEE0F9121BF474041211C38043
:1085700003751710A9177F10020F13F50CE43509C6
:10858000F50D780C22F510E43509F51185100CF580
:108590000D780C2274EC120CB574F412125B8A0A7A
:1085A0008B0B75080B8A828B83E05407F870057576
:1085B000080F80087402687003750814EA2414F523
:1085C00012E4350BF513851282F583E0F8E50828EF
:1085D000F508E43400F509AA08FB121B348A108B55
:1085E00011EA4B7003028745850A0C850B0D750E49
:1085F00000780C1211917C027D001287611211C368
:10860000E5102402FEE43511FF850A82850B83E024
:108610005407F8701AA3A3A982AA83890C8A0D783B
:108620000C1211911287591211C3EE240480237485
:1086300002687022E50A240612874F1211917C0805
:1086400012875B1211C3E50A240EF582E4350B1282
:108650008793FE50010FE50A240F12874F121191E4
:108660001287591211C3E50A2413F582E4350B125F
:1086700087A050010F851282851383E0F96015E50C
:108680000A241512874F121191E9FC12875B12110F
:10869000C3128778E50A241712874F1211917C02C2
:1086A00012875B1211C3E50A2419F582E4350B1217
:1086B000876D74091214A9128D8E740A1214A912EE
:1086C0008767901C87128787128767901C87E0F462
:1086D0007003A3E0F4700974081214A9740F8007E2
:1086E00074081214A97402F0123142E9F9781012D8
:1086F00011957808121195E9F5087808121199E496
:10870000F508F50978081211957508017808121115
:1087100099750800780812119975080178081211E6
:108720009975080478081211997C217D00740B1248
:10873000123379F2121C7E740B1211C3AA10AB1102
:10874000121B3A8003750F10A90F740C0283B5F544
:108750000CE4350BF50D780C227C047D00EEFAEF6D
:10876000FB121A74740322E8F0A3E9F022F583E007
:108770008E828F83A3A3F022851282851383E0F873
:10878000EE28FEE43FFF22E0F8A3E0F98518828599
:10879000198322F5831287B5A3A3A3F0EE2409223F
:1087A000F5831287BAF08512828513831287B5F09C
:1087B000EE2406FE221287BAA322E08E828F83A3C4
:1087C000A3A3A32274EA120CB574FE12125B8A14DE
:1087D0008B15ECFEEDFF8913750A00750B008518EB
:1087E00082851983E4F0A3F0EC2404F50EE43FF550
:1087F0000F850E82128CE56029880A890B88108902
:108800001175120078101211917C027D0074031210
:1088100012331287611211C3E50A2402F50A5002CD
:10882000050B851882851983E02404F50CA3E03438
:1088300000F50DAA0CFB121B348A088B09EA4B7059
:10884000030288EC8E828F83E08A828B831288FAFF
:108850001289011288FA128900A31288FAA31289D8
:1088600000A3A3F0850E82850F83128CE760238519
:108870000A10850B117512007810121191740312F1
:1088800014A91280FBEA2404FAE435091287601265
:1088900011C37808121195780C121195E513F50A99
:1088A000780A121199E4F50AF50B780A12119575F8
:1088B0000A01780A121199750A00780A121199753D
:1088C0000A01780A121199750A0B780A1211997C1B
:1088D000217D00AA14AB1579F2121C7E740B1211C3
:1088E000C3E9FEAA08AB09121B3A80027E10EEF91A
:1088F00074021211C37F0E020F13F08E828F832237
:10890000A3A3E08A828B83A32274EE120CB574A910
:1089100012125B890B8C108D11908566744D1212AA
:108920003B740A1210D3908521AC18AD19740C1247
:1089300010D37E008A088B09F50A740C12123BEEE4
:108940002410FAE43403FB1215E2E9FF740A6F60A5
:1089500074740D6F7009EEC39405405F028B32741E
:1089600007550BF8740C1214A9E0540768704CE515
:108970000B702274121214A9A982AA83890C8A0D81
:10898000750E00780C1211917C04128B401211C3E9
:10899000E9703280267402650B7020740E1214A9DF
:1089A000A982AA83890C8A0D750E00780C12119188
:1089B0007C08128B401211C3E9700A0EEEC39406B4
:1089C000500302893A74091214A9128D8E740A1286
:1089D00014A9128767740C1214A9E0A2E6400302DE
:1089E0008AA074081214A97402F0744D12122B8814
:1089F000088909742E1214A9A982AA83890C8A0DE8
:108A0000750E00780C121191128B3E1211C3E97091
:108A10004374361214A9A982AA83890C8A0D780C92
:108A20001211917C027D00740312123312876112BD
:108A300011C3AC10AD117AE57B17121E1C8A0C8B8A
:108A40000DAC0CAD0DEA4D600B8518828519837451
:108A50000C1210D374381214A9A982AA83890C8A23
:108A60000D780C121191128B3E1211C3E970317402
:108A7000401214A9A982AA8389088A0978081211C8
:108A8000917C027D0074031212331287611211C3AC
:108A9000128B4E600B851882851983740C1210D3CB
:108AA000740C1214A9E0A2E7400A740D1214A9E094
:108AB000A2E0507E74081214A97401F074421214DA
:108AC000A9E0A2E0503174431214A9A982AA8389B3
:108AD000088A0978081211917C027D007403121231
:108AE000331287611211C3128B4E600B8518828579
:108AF0001983740C1210D374421214A9E0A2E1502D
:108B00003174471214A9A982AA8389088A097808AE
:108B10001211917C027D00740312123312876112CC
:108B200011C3128B4E600B851882851983740C1249
:108B300010D3EFF974571211C37F0A020F137C0A86
:108B40007D00A908AA09AB0A121A80740322AC108E
:108B5000AD117AE57B17121E1C8A088B09AC08AD93
:108B600009EA4D2274F6120CB5128CDF701F7A11CF
:108B70007B00121B348B09A909128C33EA49600D62
:108B8000EA240FF582E439F583E4F0A3F07F0202D2
:108B90000F1374F6120CB5128CDF702A7A067B0064
:108BA000121B348B09A9098E828F83EAF0A3EB1282
:108BB0008BC8E4F0A3F0EA49600C8A828B83A3A3FC
:108BC000A3A3E4F0A3F080C5F08A828B83A3A32241
:108BD00074F4120CB5EAFEEBFF8C088D09128CE3DD
:108BE0007005121E10803CE8240FFEE4398008E86E
:108BF000240F500109FEE9FF8E828F83128CE770EB
:108C0000EE7A117B00121B348B0BA90B128C33EA0A
:108C1000240FF8500109128C3D600888828983E492
:108C2000F0A3F0128DD5128D84E508F0A3E509F0CC
:108C30000280858E828F83EAF0A3EBF022F5828991
:108C400083E0FAA3E0FBEA4B2274F2120CB5EAFED1
:108C5000EBFF8C088D09890A128CE3701F121E1617
:108C6000EE4F6013128CC7F8A3E0F5838882A3A3AC
:108C7000E508F0A3E509F0128DD58046E82404FE4E
:108C8000E439FF8E828F83128CE770F07A067B00C6
:108C9000121B348B0DA90D128C33EA2404F85001F9
:108CA00009128C3D600888828983E4F0A3F0128C5D
:108CB000C7FAA3E0FB8A82F583A3A3E508F0A3E546
:108CC00009F07F06020F138E828F83128CD6A3E5E4
:108CD0000A1288FAE022E0F8A3E0F583888222EA0B
:108CE000FEEBFF8A82F583E0F8A3E0F9E84922C0B1
:108CF00082C0839017E5128DD9D083D0820211579C
:108D00007AE57B1702115774F4120CB5128CDF60F0
:108D1000708A088B098A828B83128DD9E84B605147
:108D2000E8240FF50AE43B8007E8240FF50AE4394C
:108D3000F50B850A82850B83128CE76018128D84EF
:108D40001280FBE8240DF582E439F583E06C7003B2
:108D5000A3E06D70D4E84970077AE77B17121E3ADA
:108D60008E828F83128DDFE4F0A3F0850A08850BD5
:108D700009850882850983128D948E828F831287DC
:108D800067028085EA240DF582E43BF5832274F2C4
:108D9000F0901A85E0F8A3E0F92274F7120CB5EA16
:108DA000FEEBFF8A82F583E0F8A3E08882F583E595
:108DB000824583601DA3A3128DDF128DD98A82F5AF
:108DC00083A3A3E4F0A3F0121B3A8E828F83E4F016
:108DD000A3F00280F38E828F83E0FAA3E0FB22E00F
:108DE000FAA3E0FB121B3A8E828F832274F7120CD7
:108DF000B5EAFEEBFF7C227D0079FF121A867C1F0C
:108E00007D007900EE2422FAE43FFB121A868E825E
:108E10008F83A3A3A3A3A3A3A3A3A3A3E4F002808C
:108E2000F374F6120CB5129129903A9DE493F5086B
:108E3000EC8508F0A4FCA8F08508F0EDA428FD79E5
:108E4000FF7A477B0B121A86900430740AF0A374E1
:108E500015F09004327404F0A37415F09004347487
:108E60002EF0A37415F0900436746AF0A37415F014
:108E70009004387470F0A37415F090043A7482F082
:108E8000A37415F090043C7488F0A37415F090045A
:108E90002FE4F080031211C37F02020F13C082C0BF
:108EA000837A0080010A903A9DE493F8EAC39850CF
:108EB0000CEA128EC470EEAA82AB8380047A007B27
:108EC000000294DE75F00EA4F8A9F01293F7F422D4
:108ED000C082C0837A007B007C008014EC128EC4B8
:108EE000600DA3A3A3A3A3E0F8EA28FAE43BFB0CDC
:108EF000903A9DE493F8ECC39840E10294DE74EC60
:108F0000120CB574F412125B890B8A088B098C0F52
:108F10008D0AEA2408F510E43509F511851082F56B
:108F200083E0F874016860057403687010E9600DEF
:108F300074FF696008740368700AEC70077A007B3C
:108F4000000290E88A0C8B0D750E00780C121191BE
:108F50007C097D007403121233121A747403121107
:108F6000C374091214A9E50FF07E007F0012155892
:108F7000AA08AB0912155E8A0C8B0D85108285112B
:108F800083E06401700875090175080080067509A1
:108F900000850F0874FE6A700374FF6B7003029003
:108FA000E47A0074201214A9E0F510A3E0F5118012
:108FB000010A903A9DE493F8EAC39840030290486E
:108FC000EA129453650B70E9A3E0650970E38E82A1
:108FD0008F83A3A3E0650C7003A3E06B70D38E8234
:108FE0008F83A3A3A3A3E0650870C6750900802141
:108FF000850C82850D831298E8740A1214A91290C8
:10900000FC600CAA18AB19E0F5838882120E2D05BE
:1090100009E509C3950A40030290E412910CF50C8E
:10902000E51139F50D850C82F5831290F2121516B3
:10903000E970DC850C82850D831290F2121522E90D
:1090400070AE7E007F0080C71214FE8A128B13AEB2
:1090500012AF13EA4F70030290E48A828B83E50B10
:10906000F0A3E509F08A828B83A3A3E50CF0A3E5C6
:109070000D1296A9E508F0903A8AE493C3950A5038
:1090800004E493F50A750900802512910CF582E538
:109090001139F5831298E8740A1214A91290FC6031
:1090A0000CAA18AB19E0F5838882120E2D0509E58C
:1090B00009C3950A40D48E828F83A3A3A3A3A3E5FB
:1090C0000AF085100C85110D780C121191AC0AEC88
:1090D0002CFCE433FDEE2406FAE43FFB121A747410
:1090E000031211C3EEFAEFFB740C1211C37F0C02D2
:1090F0000F13E0FCA3E0FDEEFAEFFB22E8F0A3E99A
:10910000F0900421E0F8A3E0F9E84922A809E82852
:10911000F8E433F9E5102822C082C083129129793E
:10912000FF121A8679010294DE903A74E493FC747B
:109130000193FD2274F7120CB5EA4B60377E008074
:10914000010E8A828B83A3A3A3A3A3E0F8EEC398A6
:109150005022EE25E0F8E433F9EA28F582EB39F500
:1091600083A3A3A3A3A3A3E06C7003A3E06D70D1BA
:1091700079018002790002924574F3120CB5EA4B32
:109180006075EA2405129393F508606BEA240608DB
:10919000E43BF985080B750A00800B8E828F83E013
:1091A00014F06053050AE50AC3950B503FE50A2504
:1091B000E0F508E433F509EA2508F582EB3509F511
:1091C00083A3A3A3A3A3A3E0F508A3E0F509EC659B
:1091D000087003ED650960C388828983E508F0A300
:1091E000E509F0E82402F850BB0980B88E828F832D
:1091F000E060047901800279007F05020F1374F7A3
:10920000120CB5EA4B603CEA2405F8E43BF988828D
:10921000F583E0FE903A8AE493FFEEC39F5024EE7C
:109220002EFEE433FFEA2EF582EB3FF583A3A3A3E2
:10923000A3A3A3ECF0A3EDF088828983E004F07986
:1092400001800279007F01020F1374F3120CB589BB
:10925000088C0912938A700B8A828B83E0FCA3E04E
:10926000FD800B1215468A0A8B0BAC0AAD0B74FEFF
:109270006C700374FF6D605B750A00801574016586
:109280000B700D88828983E06C7003A3E06D6047EA
:10929000050A129369503C129374E0650870F1A3BB
:1092A000E0F50BEA2402F8E43BF98E828F83E06458
:1092B0000160CAE50B70D988828983E06C7003A3D2
:1092C000E06D70CC8A828B83A3A3A3A3E0650970B1
:1092D000BF80047A007B000291F974F4120CB5EAA5
:1092E0002408F8E43B8808F5098882F583E06401E6
:1092F000700B8A828B83E0FEA3E0FF800B12154681
:109300008A0A8B0BAE0AAF0B74FE6E700374FF6F8C
:109310006052750A008015EC701088828983E06EB7
:109320007003A3E06F7003121510050A12936950C1
:109330002C129374A3E0FCEA2402F8E43BF98508BC
:1093400082850983E0640170CE74016C70DC8882D0
:109350008983E06E7003A3E06F60CC80CDEEFAEFFE
:10936000FB1215407F04020F13903A9DE493F8E539
:109370000AC39822E50A75F00EA4F8A9F0744728EC
:10938000FA740B39FB8A82F58322EA24081293933C
:10939000640122F8E43BF9E8FEE9FF8882F583E006
:1093A00022EC75F00EA4F8A9F0744728F8740B3974
:1093B000F92274F4120CB5890B8A088B097E007FA0
:1093C00000750A008025E50A75F00EA4F8A9F012D0
:1093D00093F7650B7013AC08AD09AA82AB83121525
:1093E00016E960050EEE70010F050A12936940D66A
:1093F000EEFAEFFB029364744728F582740B39F59B
:1094000083E02274F2120CB5890C8A088B098C0D4A
:10941000750A00750B008004050A050B903A9DE45F
:1094200093F8E50BC3985024E50B129453650C7028
:10943000E9AC08AD09EEFAEFFB121516E960DBE5C1
:109440000AC3950D40D2EEFAEFFB80047A007B0050
:109450000298F375F00EA4F8A9F0744728FE740B77
:1094600039FF8E82F583E022C082C08374F312122A
:109470005B74FE6A700374FF6B604A7C008022128A
:1094800093A18882F583A3E0FD74016D6012ED70F5
:109490000F88828983A3A3E06A7003A3E06B602531
:1094A0000C903A9DE493F8ECC39840D3E4936C702D
:1094B000148518828519837404F0740B1214A91290
:1094C00094C712246A8012EAF0A3EBF0AA18AB1931
:1094D00022740B1214A9129998740D1211C3D0831F
:1094E000D082021157C082C08374F312125B1296AD
:1094F000986402700B12950F1214A912968D800CAD
:10950000EAFCEBFD74031214A912967E0294D18A30
:10951000828B83E0F8A3E0F974012274F7120CB592
:1095200074F312125BECFEEDFF85188285198374CB
:1095300004F0740B1214A9129585E9F508601D8ECC
:10954000828F83A3A3A3A3A3A3A3A37403F01214E2
:10955000A9AC82AD83EEFAEFFB121C2AA908740DA8
:109560001211C3029245C082C08374F312125B854C
:1095700018828519837404F0740B1214A91295854E
:1095800074010294D31294C71224822274F6120C2E
:10959000B574F312125B90042FE0707B85188285FE
:1095A00019837404F0901A781295131214A9E8F034
:1095B000A3E9F0122BDE8A088B09AC08AD0974030D
:1095C0001214A9AA82AB8312244CAA18AB19122434
:1095D00088122BEA8A088B09A808A90974011214B9
:1095E000A9E0687003A3E069602774FE68700374E3
:1095F000FF69601D74011214A9EAF0A3EBF0740373
:109600001214A9AA82AB83122BF0AA18AB19122448
:109610008890042F7401F0740D028E95C082C0836F
:1096200074F312125B129698F8740268700E129519
:109630000F1214A912968DE970418014740368709A
:1096400018EAFCEBFD74031214A912967EE9702B44
:10965000AA18AB19122488802274016870128A82B9
:109660008B831298E8740B1214A9E8F0A3E9800A1E
:10967000740B1214A974FEF0A304F00294D1AA8210
:10968000AB8312244CAA18AB1912247C22E8F0A355
:10969000E91294CB122476228518828519837404EA
:1096A0001296A9A3A3A3A3E022F08A828B83A3A38B
:1096B000A3A32274F7120CB5780079007C007D001A
:1096C00080010D903A9DE493FEEDC39E502AED7506
:1096D000F00EA4FE85F008AF0874472EF582740BD7
:1096E0003FF583E0F460DB8C0874012CFCAE08EAE3
:1096F0006E4B70CEA882A983E8FAE9FB029245740A
:10970000F6120CB5E4F508F50978081211951299CE
:109710009EFCE439FD7A417B00121BAC74021211ED
:10972000C3E9FE74096E7003121570EEF9028E988B
:1097300074F6120CB574FE12125B851882851983BB
:10974000E4F0A3F0A818A91988088909780812116B
:109750009575080275090078081211951298CE12B5
:1097600011C37402028E9574F2120CB574EE1212CB
:109770005BEAFEEBFF8C088D09750A001298DCACE1
:109780000CAD0DEA4D6011E5086C7003E5096D60E4
:10979000077A417B00121BC4E4F50CF50D780C121E
:1097A0001195AC08AD097A417B00121BAC74021212
:1097B00011C3E9640A70030298C5740212122B885F
:1097C000088909780812119575080275090078084A
:1097D0001211957C007D007A007B03129A6E1211A3
:1097E000C3E960030298C5851882851983E4F0A354
:1097F000F07508008062740412122B880C890D78B1
:109800000C121195903A7412100D129A747A007B12
:1098100003129A6E1211C3E960030298C574041210
:1098200014A9E0F46030740412122B880C890D78AE
:109830000C121195903A7412100D74041214A9129E
:1098400098E8129A82FA850CF0E9129B671211C30C
:10985000E97072129B570508851882851983C082AA
:10986000C083903A9DE493F8D083D082C3E098A35C
:10987000E094005021851882851983C082C08374CA
:10988000021214A91298E8D083D082C3E098A3E012
:109890009950030297F6A818A91988088909780829
:1098A0001211957508027509007808121195129821
:1098B000CE1211C3E9700EEEFCEFFD7A007B0312AD
:1098C0001BC4E96003750A01A90A741280227C0096
:1098D0007D007A417B00121BB87404227A417B0020
:1098E000121BB28A0C8B0D22E0F8A3E0F92274025D
:1098F0001211C37F06020F1374F2120CB574FE121C
:10990000125B750A0012999EF508E439F509129860
:10991000DCAE0CAF0DA818A919880C890D780C12B3
:109920001195750C02750D00780C121195129A663E
:109930001211C37A007B031298E0A90DEA49700C5A
:10994000E5086E7003E5096F700D8041EE4F602BE6
:10995000129992EA4B60247C007D037A417B0012CD
:109960002DEEE9F8F50A7025EEFCEFFD7A417B005B
:10997000121BC4E96009750A018012AE0CE9FFAC44
:1099800008AD09EEFAEFFB121576E9F50AA90A020D
:1099900098EE851882851983E0FAA3E0FB22903ABD
:1099A00074E493F8740193F9903A9DE493F508E810
:1099B0008508F0A4F8AAF08508F0E9A42AF9E824BB
:1099C000022274F2120CB574FE12125B85188285A5
:1099D0001983E4F0A3F012157CE96003029A60A8F1
:1099E00018A919880889097808121195750802754F
:1099F00009007808121195129A661211C3E9706075
:109A00007E007F00750800803BE50875F00EA4F825
:109A1000A9F0744728F50A740B39F50B780A12116E
:109A200095903A7412100D129A74129A6A1211C318
:109A3000E9700F850A82850B83E0F460050EEE70F5
:109A4000010F0508903A9DE493F8E508C39850107B
:109A50008518828519831298E8C3EE98EF9940A97A
:109A60001299920298EE7C007D007A417B00121BD5
:109A7000BE740422A808129A82F9E82402FCE43990
:109A8000FD22903A74E493F50C740193F50DE8858A
:109A90000CF0A4C8AAF0850DF0A42A2274F1120CCF
:109AA000B574F012125B851882851983E4F0A3F077
:109AB0007E008070EE75F00EA4F8A9F0744728F5CA
:109AC00008740B39F50985080CF50D750E00780C36
:109AD0001211911291297405121233121A7474031F
:109AE0001211C3740212122B880A890B780A121100
:109AF00095903A7412100DEEF8903A74E493F50ACA
:109B0000740193F50BE8850AF0A4C8AAF0850BF060
:109B1000129B671211C3850882850983E0F46003F4
:109B2000129B570E903A9DE493F8EEC3984085A897
:109B300018A91988088909780812119575080275FD
:109B4000090078081211951298CE1211C3741012E0
:109B500011C37F07020F13851882851983E0240142
:109B6000F0A3E03400F022A42AF9E82402FCE4394E
:109B7000FD1298D22274F4120CB58908EAFEEBFFAC
:109B80009017E1E07021750AC2750B1D780A121159
:109B9000957C147D007A007B00121C607402121107
:109BA000C39017E17401F07A057B00121B348A0A16
:109BB0008B0BA80AA90BEA497004791080478A82A6
:109BC0008B83E4F0A3F08A828B83A3A3E508F08A59
:109BD000828B83A3A3A3EEF0A3EFF09017DF12A272
:109BE00080EA4B9017DF601812A2708003EAFCEB4A
:109BF000FD8C828D8312A280EA4B70F18C828D8362
:109C000012A88A7900029F2378081211997508001A
:109C1000780812119912A0291211C374021211C3EB
:109C20007F02020F1374F6120CB574FE12125BE978
:109C3000FEEC851882851983F074011214A9129C18
:109C4000781211957508027509007808121195743B
:109C5000111214A9129C85121199E4F508780812C2
:109C6000119574131214A9129C851211997508018B
:109C70007808121199029C08EDF0A818A919880813
:109C80008909780822E0F508780822E9F0A818A9DF
:109C900019880A890B780A22E0F50978092274EC00
:109CA000120CB574FF12125B890F8A128B138C1180
:109CB0008D1074171214A912A61EE02403851882B1
:109CC000851983F0129D867003029D6D7415121420
:109CD000A9129D948A828B83F0E9A312A32E12A06D
:109CE0003E850A82850B83A3A982AA83890C8A0DEB
:109CF000750E00780C121191850A82850B83E0FCA9
:109D00007D00E5082403129D7B1211C3780812110F
:109D1000958E0A750B00780A121195741D1214A9FC
:109D2000E0F50A780A121199E4F50A780A121195F9
:109D3000E510F50A780A121199750A00780A1211CD
:109D400099750A01780A121199E511F50A780A1233
:109D500011997C047D00AA12AB13A90F12A02F1237
:109D600011C3E9FEAA08AB09121B3A80027E10EE6D
:109D7000F974011211C37F0C020F13FAE43509FBC9
:109D8000121A74740322FEFA7B00121B348A088BA9
:109D900009EA4B22129D9822E0F8A3E0F9E8227428
:109DA000EC120CB5890A8A0E8B0FECFEEDFF7800E1
:109DB0006002780174161214A9E0F50BC33304286D
:109DC000F50C750D00FAAB0D129D8A7003029E9E74
:109DD000A808A909EF601074151214A9E08A828BF3
:109DE00083F0A3A882A98388828983E50BF0A3A8C6
:109DF00082A9837C0074171214A912A2808034EC0B
:109E000025E0F510E433F511EA2510F510EB3511D6
:109E1000F511851082F583E088828983F0851082B0
:109E2000851183A3E088828983A3F0E82402F85097
:109E300001090CECC3950B40C67808121195780CFB
:109E4000121195741E1214A9E0F50B780B121199DA
:109E5000E4F50C780C12119574201214A9E0F50B9E
:109E6000780B121199741C1214A9E0F50B780B12DF
:109E70001199750B01780B121199EEF50B780B12F5
:109E800011997C047D00AA0EAB0FA90A12A02F1213
:109E900011C3E9F50BAA08AB09121B3A8003750B35
:109EA00010A90B029D7674F4120CB574FD12125BAE
:109EB000E9FE851882851983EDF0740F1214A9E06C
:109EC000F8A3E0F974011214A9E8F074021214A9BD
:109ED000129C8B121195750A03750B00780A1211EA
:109EE0009574161214A9129C98121199E4F50A7827
:109EF0000A12119574181214A9129C9812119975CE
:109F0000090178091211997809121199ECF509786B
:109F1000091211997C0412A02B1211C37403800042
:109F20001211C37F04020F1374EA120CB589108A50
:109F3000148B158C0F8D11780474161214A9E0F58A
:109F40000CA3E0F50DE50C2402F50AE4350DF50B44
:109F5000EC7009850A82850B83E028F8E8129D865B
:109F6000700302A0208A828B83E50FF0850C828526
:109F70000D83E08A828B83A312A03512A03EEA24CF
:109F800003F8E43509F9E50F7036850A82850B83FD
:109F9000E08882898312A035A3A3A982AA83890CB1
:109FA0008A0D750E00780C121191850A82850B833B
:109FB000E0FC7D00E5082404129D7B1211C380069D
:109FC00088828983E4F078081211958E0A750B0057
:109FD000780A121195741C1214A9E0F50A780A1275
:109FE0001199E4F50A780A121195E511F50A780A33
:109FF000121199750A01780A121199780A121199A9
:10A00000780A1211997C047D00AA14AB15A91012CC
:10A01000A02F1211C3E9FEAA08AB09121B3A800255
:10A020007E10EEF97F0E020F137C037D00EEF91215
:10A030001C7E740B22F0850C82850D83A322E08A9E
:10A04000828B83A3A3F022C082C0838A828B83A3E6
:10A05000A3E0540764017007121DC8E9F980027972
:10A0600001D083D08202115774F6120CB512A2757A
:10A07000E812A65AFC9017DF12A640605988828920
:10A0800083A3A3E06C8882898370EDA3A3A312A2AB
:10A0900070FDEC4D60408E828F83A3A3A3A3E0F5F7
:10A0A00008A3E0F5097808120ECD000006D6A0BD81
:10A0B000A0D6A0D6A0EAA0EFA0D6A005A18A828B48
:10A0C00083A3A3E05408701E8A828B83A3A3A3A357
:10A0D000A3A3A3E06004790180658C828D8312A123
:10A0E000426003120E2D79008055121DCE80138A16
:10A0F000828B83A3A3E054087005121DDA8003123B
:10A100001DE0E980397E008A828B83A3A3E0540896
:10A11000702B8A828B83A3A3A3A3A3A3A3E0FA60DB
:10A12000061460031470148C828D83A3A3A3A3125E
:10A13000A1426009EAF9120E2D80027E01EEF902B9
:10A140009C20E0F8A3E08882F583E58245832274B1
:10A15000F4120CB574FA12125B8A088B098A828B8E
:10A1600083A3A3A3A3A3A3A3E0F88A828B83A3A3BF
:10A17000E05408600302A22AE870248A828B83A339
:10A18000A3A3A3A3A3A3A3129D94FAE912A2868A70
:10A19000828B8312A270FBECFA12323E02A2697427
:10A1A0000168600302A22D851882851983E4F0A35B
:10A1B000F012A275E4F50AF50B780A1211957402F3
:10A1C00012122B880A890B780A1211957C007D00E7
:10A1D0008E828F83A3A3A3A312A28012A61A121D9C
:10A1E0000E74041211C385188285198312A640606B
:10A1F00078850882850983E0FEA3E0FF85088285D3
:10A200000983A3A3A3A3A3A3129C85121199750884
:10A2100001780812119974021214A912A645121D90
:10A22000A474021211C379FF8041E86004790180AF
:10A230003A8A828B8312A8BC74021214A912A88ACB
:10A240008A828B83A3A3A3A3A3A3A3A3E0FAA3E07F
:10A250008A82F58312A270F974041214A9EC12A870
:10A260008B74021212331214DA79007406029F20E2
:10A27000E0FCA3E0228A828B83129D98FEE9FF22F4
:10A28000E0FAA3E0FB22FB12A66A2274F1120CB5DD
:10A2900074FF12125B8909EAFEEBFF8C0A8D0B85B5
:10A2A0001882851983E4F08C828D83A3A3E0F508DE
:10A2B000E4F50CF50D780C121195740212122B882E
:10A2C0000C890D780C1211957C007D007A047B00BE
:10A2D000A909121D0E74041211C3851882851983F1
:10A2E000E06038E508C39410400375080F8E828F34
:10A2F00083A3A3E50812A32EA3A3A3A982AA8389FB
:10A300000C8A0D750E00780C121191AC087D00EED0
:10A310002403FAE43F129D7F1211C3EEFAEFFBA96A
:10A320000912281274011211C37F07020F13F0855E
:10A330000A82850B832274EC120CB574CA12125B6C
:10A340008A088B097F0074021214A9E4F0A3F07E3E
:10A35000007C12FDF97404121233121A86850882E9
:10A36000850983A3A3A3A3A3A3A3A312A61EA3A8A3
:10A3700082A983850A82F583E0FC88828983E0FBD9
:10A3800074041214A9ECF0A3EBF0E5082406F51010
:10A39000E43509F511E5082407F50EE43509F50F54
:10A3A000850E82F583E0601E14605314700302A4CE
:10A3B0003B14700302A57814700302A5B514700352
:10A3C00002A5C702A60AAC0AAD0B7404121233121E
:10A3D000A633E9FC600B74B86C70047C8A80027C44
:10A3E0008912A680121199750801780812119974C2
:10A3F000061214A9120FE0ECFD7C0002A5A674045D
:10A400001214A912A6641228188A0A8B0BEA4B6050
:10A41000047C00800B7C8B740412122B880A890B3D
:10A4200012A680121199780A1211957D0112A613B5
:10A43000121DBC74031211C302A5B1850A82850BDB
:10A4400083E0FE880A890B7A207B0012A8807003C3
:10A4500002A522EE700612A62BFF80538E12850AEB
:10A4600082850B83E0FAA3E0F974041214A9EA12BE
:10A47000A88BE50A2402F50A5002050B7404121495
:10A48000A9E0FAA3E012A286122818EA4B6017741A
:10A49000041214A912A280EF12A874E50D39F583F5
:10A4A000EAF0A3EBF00F1512E51270B2EF606A123A
:10A4B0002836E9F9850882850983E0F508A3E0F5E7
:10A4C00009851082851183E0F50A780A12119975C1
:10A4D0000A01780A121199780C121195EFF50A7891
:10A4E0000A1211997410C399F50A780A1211997514
:10A4F0000A01780A1211997D017C02E5082406FA06
:10A50000E43509FBE5082414F582E43509F583E018
:10A51000F9121DB074071211C3AA0CAB0D121B3A2D
:10A520008054850E82850F83E0851882851983F01B
:10A5300074011214A97489F012A680121199E4F51D
:10A5400008F5097808121195750801780812119913
:10A550007808121199740512122B88088909780855
:10A560001211958E828F83A3A3A3A312A645121C5A
:10A570009074071211C3803974041214A912A664CE
:10A5800012282AE960047C0080027C8B12A68012CB
:10A590001199750801780812119974061214A912FC
:10A5A0000FE0ECFD7C0312A613121DB67404121109
:10A5B000C37EFF8057741612123312A62B604D1201
:10A5C000A2871228308045E4F50CF50D780C1211A5
:10A5D00095740412122B880C890D780C1211957C3D
:10A5E000007D007A037B0012A287121D0E740412F4
:10A5F00011C374021214A912A6406010AC0AAD0B6C
:10A60000740412123312A63380027E01EEF97436FE
:10A61000029D73EE2406FAE43FFB12A65422E0F5F5
:10A620000AA3E0F50B850A82F5832212A66A122896
:10A6300024E92212A66A121DD42285088285098384
:10A64000129D98492212A270FDEE2406FAE43FFB07
:10A6500012A65422EE12A65AF9222414F582E43FDF
:10A66000F583E022E0FA12A66A2285088285098332
:10A67000E0F8A3E0C82414F582E438F583E0F92279
:10A68000850882850983E0FEA3E0FF85108285119D
:10A6900083E0F50878082274EA120CB574E412120B
:10A6A0005B8A0E8B0F8C088D098A828B83A3A3A3F0
:10A6B000A3A3A3A3A3E0FEA3E0FF7513007C127D78
:10A6C000007900740A121233121A867C0A7D00790E
:10A6D00000AA18AB19121A86EE2402FAE43FFBE531
:10A6E00008240CF508500205098E828F83A3A882E6
:10A6F000A983E50E2407F50AE4350FF50B850A82D8
:10A70000F583E0600F14600C14700302A7CF14608F
:10A710000302A8678E828F83E0FC74031214A9ECF5
:10A72000F0E9FF8882F583E0F50C8A828B83E0F9FB
:10A73000740A1214A9E50C12A88BEC7059850A82D0
:10A74000850B83E06401704E88828F83A3A3E0F9B8
:10A75000E82403FE50010FE9C394104002790F74FE
:10A760000C1214A9E9F08E108F11751200781012D6
:10A770001191E9FC7D0074101214A9AA82AB831216
:10A780009D801211C3740C1214A9A882A9837408A5
:10A790001214A912A88A12A63A700302A86A12A873
:10A7A000A4C0E074021214A9D0E0F074041214A939
:10A7B0007401F0740A12122B74051214A912A88ADB
:10A7C00074071214A9E412A890120E2D02A86A753B
:10A7D0000C00750D008E828F83E0C0E074071214A8
:10A7E000A9D0E0F088828983E0F5100E0EEBFFE53A
:10A7F00010604225E0FAE433FB12A880603774044D
:10A800001214A9E510F07A0080258E828F8312A29F
:10A8100070F8E4C8F9EC28E439FDEA12A874EB39C1
:10A82000F583ECF0A3EDF0EE2402FE50010F0AEAEE
:10A83000C3951040D512A63A601E12A8A4C0E074B9
:10A84000021214A9D0E0F074051214A9E50CF0A3CB
:10A85000E50D12A890120E2DE50C450D600CAA0C0A
:10A86000AB0D121B3A8003751301A913741C12114E
:10A87000C302A02425E0F8E433F9E50C28F5822290
:10A88000121B348A0C8B0DEA4B22E8F0A3E9F0226C
:10A89000F0AA18AB19850882850983E0F8A3E0F5D2
:10A8A00083888222850E82850F8312A8BC85188238
:10A8B000851983E8F0A3E912A32EE022E02406F82C
:10A8C000A3E03400F922C082C0839004627470F067
:10A8D000A374B1F0A3E0541FF0900466741DF0A3BC
:10A8E0007442F0A37470F0A374B2F090046CE0545E
:10A8F0001FF090046E741EF0A37412F08040C082AA
:10A90000C08312A94500E5D6A2E150F9E5B354F899
:10A910004406F5B343B301E5B3A2E350FA801FC088
:10A9200082C08312A94500E5D6A2E150F9E5B354EF
:10A93000F84404F5B343B301E5B3A2E350FAD0837E
:10A94000D082021157EB900460F0EAA3F090046506
:10A950007410F0900464E054E0F075D1FD75D602F7
:10A960002274F7120CB574091214A912AD7B90046D
:10A9700060F0E8A3F0740B1214A912AD7BF9E89013
:10A980000465F0E9F8900464E054E048F0EB9004CA
:10A990006AF0EAA3F0EC90046DF0EDFC90046CE03A
:10A9A00054E04CF075D1FD75D60200E5D6A2E15019
:10A9B000F975D1FB75D60400E5D6A2E250F97F0106
:10A9C000020F13C082C083122DF402A93EC082C0C0
:10A9D0008353B38F43B340122E0002A93E74F41286
:10A9E0000CB58C088D09750A10750B00780A1211C8
:10A9F00095780812119512AA0A1211C312AFB4E584
:10AA0000D1A2E250FA7F04020F137C107D00AA0845
:10AA1000AB09122E0674042274F0120CB574E912FC
:10AA2000125B74041214A9E9F074051214A9ECF075
:10AA3000A3EDF074041214A9E0700302AD5F743149
:10AA40001214A9E014C0E074071214A9D0E0F07445
:10AA50002B1214A9E0F50EA3E0F50FE50E450F60EB
:10AA60000974071214A9E0D2E6F074041214A9E0E4
:10AA700024FE333354FCF874071214A9E04812B1D1
:10AA8000C01211917C0D7D00740B1214A912B1B685
:10AA90001211C374271214A9A3E0C0E07415121494
:10AAA000A9D0E0F074271214A9E0C0E074161214C3
:10AAB000A9D0E0F07C107D007900742F1214A91247
:10AAC000AD80750C20750D00C3E50E940FE50F9455
:10AAD00000401DE50E24F2F8E50F34FFF9E854F0CC
:10AAE0002420F50CE439F50DE8540F600312AD6F26
:10AAF00074271214A9E054F0F8A3E0F9E50C28F546
:10AB00000CE50D39F50D74271214A9E0540F6003FC
:10AB100012AD6FAA0CAB0D121B3474021214A9EA09
:10AB2000F0A3EBF074021214A912AD7BF9E849709E
:10AB300005791002AD61740712122B880889097813
:10AB4000081211917C107D0074051214A912AFD661
:10AB50001211C374021214A912AD7BC82410F5821D
:10AB6000E438F583E50FF074021214A912AD7BC826
:10AB70002411F582E438F583E50EF074021214A96D
:10AB8000E0241212ADE1401174291214A912AFCCC5
:10AB90001211917C0E7D00801E7C0E7D0079008557
:10ABA000188285198312AD8074291214A912AFCCB2
:10ABB000121191AC0EAD0F74031214A912AFD6127C
:10ABC00011C3851882851983E0240E12ADE150036C
:10ABD00002AC57E50E24F2F50EE50F34FFF50F85B4
:10ABE0000E08F50974047808121443AE08AF09E59D
:10ABF0000E12AD6612138785080E74291214A9E08F
:10AC0000240EF508A3E03400F5097808121191AC80
:10AC10000EAD0F74031214A912AFD61211C312ADE8
:10AC2000C4603412AD8D12138774291214A9E02563
:10AC300008F8A3E03509F9E8240EF508E439F50928
:10AC40007808121191AC0B7D0074031214A912AF95
:10AC5000D61211C312ADA574271214A912AFBB747A
:10AC6000047808121443AE08AF0974271214A9E03F
:10AC700012AD6612138785080E85090F740512142C
:10AC8000A912AFCC121191AC0EAD0F74031214A91E
:10AC900012AFD61211C312ADC4602D12AD8D1213B6
:10ACA0008774051214A9E02508F508A3E03509F515
:10ACB000097808121191AC0B7D0074031214A912CB
:10ACC000AFD61211C312ADA5851882851983C08233
:10ACD000C08374021214A912AD7BF9D083D082E034
:10ACE000C398F8A3E099F9E8650C7003E9650D6075
:10ACF0000312165A53B38F43B350742F1214A91270
:10AD0000AFDF122DFA780C12119574041214A912E7
:10AD10000FE07C107D0074331214A912AFC312111E
:10AD2000C353B3F87404780C121443E50C24FFFEEB
:10AD3000E50D34FFFF12AFA5600B43B301E5B3A2ED
:10AD4000E340F280F853B38F85B3B343B301E5D149
:10AD5000A2E250FA74021214A912AFDF121B3A7960
:10AD600000741702ADF0540FF50B7404780822E557
:10AD70000C2410F50CE4350DF50D22E0F8A3E022CB
:10AD800012AD8422E0FAA3E0FB121A86227C107D29
:10AD900000790085188285198312AD848E088F0989
:10ADA0007404780822851882851983E0241012AD76
:10ADB000B222F8A3E03400F9851882851983E8F0FF
:10ADC000A3E9F022851882851983E0250EF8A3E017
:10ADD000350FF9851882851983E8F0A3E9F0E50BB2
:10ADE0002212ADB2C3E50E940FE50F940022740257
:10ADF0001211C37F08020F1374F0120CB574DD1228
:10AE0000125BE9851882851983F074011214A9EC8C
:10AE1000F0A3EDF0EAFEEBFF750E00750F0074373E
:10AE20001214A912AFBB750A0078081211917403AD
:10AE30001214A9E0FC7D00741612123312B1BA127A
:10AE400011C374391214A9E014C0E074031214A9D8
:10AE5000D0E0F08E088F0978081211917C0D7D00EA
:10AE600074071214A912B1B61211C374121214A9E4
:10AE7000E4F074111214A9E4F074331214A9E0F58B
:10AE80000CA3E0F50D850C08F5097404780812147C
:10AE900043AE08AF09E50C540FF50B60050EEE70DC
:10AEA000010FE50C450D60508E088F097404780879
:10AEB000121387AA08AB09121B348A0E8B0FEA4BB8
:10AEC0007005791002AFA074011214A912AFCC1250
:10AED0001191AC0CAD0D12B1BA1211C3E50B601893
:10AEE000F87410C398FC95E0FD7900E50E250CFA86
:10AEF000E50F350DFB121A8653B38F43B32074034D
:10AF000012123312B1AA121195741512122B88085D
:10AF1000890978081211957C107D00743B1214A9E0
:10AF200012AFC31211C312AFB4E5D1A2E250FAEED0
:10AF30004F604453B38F43B33074121214A9740199
:10AF4000F0740312123312B19E121387AC08AD09CC
:10AF50007808121195780E121195AA0EAB0F12AA4D
:10AF6000121211C353B3F812AFA5600B43B301E53E
:10AF7000B3A2E340F280F8E50E450F6021850E088C
:10AF8000850F097808121191AC0CAD0D74041214E0
:10AF9000A912AFD61211C3AA0EAB0F121B3A790039
:10AFA000742302ADF0EEF8EFF9E824FF1EE934FF58
:10AFB000FFE8492253B3F843B30122E0F508A3E0C8
:10AFC000F5092212AFDF122E06740422E0F508A361
:10AFD000E0F50978082212AFDF121A74740322E038
:10AFE000FAA3E0FB2274F1120CB574DE12125B8539
:10AFF0001882851983ECF0A3EDF0890E74371214D2
:10B00000A9E014C0E074021214A9D0E012B1C01279
:10B0100011917C0D7D0074061214A912B1B61211A3
:10B02000C374111214A9E4F074101214A9E4F0749A
:10B03000311214A9E0C3950EF50BC4540FFE7F0026
:10B04000740F550B60050EEE70010F7C107D0079BA
:10B05000007412121233121A86A80B8518828519F1
:10B0600083E028F508A3E03400F50978081211916F
:10B07000AC0E7D00741512123312B1BA1211C35303
:10B08000B38F43B320740212123312B1AA12119576
:10B09000741412122B8808890978081211957C10F3
:10B0A0007D0074391214A912AFC31211C312AFB4C8
:10B0B000E5D1A2E250FA8E088F09740478081213C1
:10B0C00087AA08AB09121B348A0C8B0DEA4B70055A
:10B0D000791002B1948E088F0974047808121387CE
:10B0E000AC08AD09F9121A8685188285198312AF4A
:10B0F000CC121191AC0B7D00AA0CAB0D12B1BA129F
:10B1000011C3EE604853B38F43B33074111214A9C6
:10B110007401F00412123312B19E121387AC08AD01
:10B12000097808121195780C121195AA0CAB0D1222
:10B13000AA121211C3E5B354F84402F5B312AFA535
:10B14000600B43B301E5B3A2E340F280F8850C083D
:10B15000850D097808121191AC0B7D00740312144F
:10B16000A912AFD61211C3AA0CAB0D121B3A74353B
:10B170001214A912AFCC121191AC0E7D00A80B7461
:10B18000031214A9E028FAA3E03400FB12B1BA12AA
:10B1900011C3790074221211C37F07020F13122DFD
:10B1A000FA8E088F097404780822122DFA75081097
:10B1B000750900780822AA82AB83121A74740322DC
:10B1C000F08A088B09750A0078082274F2120CB50F
:10B1D000E9FF8C0C8D0D7005790002B25D740E12C2
:10B1E00014A9E0C39FFE74161214A912AFBB741801
:10B1F0001214A9E0F50A780A12119978081211952B
:10B2000074171214A9120FE074171214A9120FE088
:10B2100074171214A9120FE0EEF50A750B00780AE4
:10B22000121195122E1E740B1211C3E9F8702E78AC
:10B2300000800108E8C39F5024EEFD74012DFEE854
:10B24000FAE5082AF582E43509F583E0FCE50C2DE2
:10B25000F582E4350DF583E06C60D879017F060254
:10B260000F1374F0120CB574FE12125B12B3C912F4
:10B2700014A9E0FEA3E0FF741A1214A912B3AC12D1
:10B2800014A912B3B6121199780C121195850E0AF1
:10B29000850F0B780A121195741D1214A9120FE074
:10B2A000741D1214A9120FE08E0A8F0B780A121166
:10B2B00095741D1214A912B3A6740B1214A912B31B
:10B2C000C3122E1E740B1211C3E9F97034E509F58F
:10B2D0000A780A121199780C121195780E121195AC
:10B2E0008E0A780A12119574191214A912B3A67451
:10B2F000071214A912B3C3122E2474071211C3E942
:10B30000F902ADEE74F0120CB574FE12125B12B3BA
:10B31000C91214A9E0FEA3E0FF741A1214A912B313
:10B32000AC1214A912B3B6121199780C12119585AA
:10B330000E0A850F0B780A1211958E0A8F0B780A68
:10B3400012119574191214A912B3A674071214A934
:10B3500012B3C3122E2A74071211C3E9F97044E51F
:10B3600009F50A780A121199780C121195780E12C3
:10B370001195741D1214A9120FE0741D1214A91254
:10B380000FE08E0A780A121195741D1214A912B3D7
:10B39000A6740B1214A912B3C3122E30740B12111F
:10B3A000C3E9F902ADEEE0FCA3E0FD22E0F50EA357
:10B3B000E0F50F741C22E0F50CA3E0F50DEBF50AA7
:10B3C000780A2212AFDFA90822851882851983EC3A
:10B3D000F0A3EDF08A088B0974142274F2120CB5F4
:10B3E0008A088B098C0A8D0B7A0B7B00121B348A1E
:10B3F0000C8B0DAE0CAF0DEA4F606790040112BECE
:10B400006B900401EAF0A3EBF0EA2402F50CE43FB0
:10B41000F50D850C82F583E508F0A3E50912B4FB70
:10B42000A3E50AF012B55AA3743212B46B74011278
:10B43000B46BA3F0740E1214A912B996A3A3A3A31C
:10B44000A312B97890040112BCB590040512B97822
:10B4500012BCF71231EA850C82850D8312BE12A34D
:10B46000E9F0EEFAEFFB7F06020F1312B561A3A31A
:10B470002274F6120CB5EAFEEBFF8A82F583E0F93E
:10B48000123286EA4B600479028024E4F508F5095B
:10B4900078081211957C007D00EEFAEFFB1232B6AF
:10B4A00074021211C3EA4B70047910800279000211
:10B4B000BD9F7F01020F1374F2120CB589088A092F
:10B4C0008B0A1232808A0C8B0DAE0CAF0DEA4F60E6
:10B4D000277A047B00121AA4EA4B601C8A828B83B1
:10B4E00074FDF0A3E50A12B500E50812B4FBE50906
:10B4F000F08E828F8312B56C02B46612B500A3225F
:10B50000F08A828B83A3A32274F0120CB58A0BEC11
:10B51000FEEDFF8B0C12B745603B7A077B00121AD9
:10B52000A4EA4B60308A828B8374FEF0741112148B
:10B53000A9E08A828B83A312B500E50CF074101287
:10B5400014A912BE6212B4FB12B55AEEF0A3EF12A8
:10B55000B96A12B56C7F08020F13A3E50B12B5612F
:10B5600022F08A828B83A3A3A3A3A32212B57BF527
:10B57000838882E0F9121AB022A3A3A3A3E0F8A360
:10B58000E02274E8120CB574FD12125B74011214FF
:10B59000A9ECF0A3EDF0E9851882851983F08A10F3
:10B5A0008B11900401E0F50AA3E0F50B7EFE8A8280
:10B5B0008B83E0540C640C701279FE12B76970032F
:10B5C00002B73B12B745703D02B73BA3A3E0F97445
:10B5D000FF697024E50A450B700302B73B12B759A7
:10B5E000741B1214A9E0F516A3E0F51774201214C9
:10B5F000A9780C121452801B1232808A088B09A978
:10B6000009EA4960DB85088285098312B74F80D03B
:10B6100012B759E5084509700302B73B80078A82D3
:10B620008B8312B74F7512FE7513FF850A82850B47
:10B630008312B579FDE84D850882850983601A1269
:10B64000BCA8120E2DEA4B601D8A828B83E0F51296
:10B65000A3E0F513121B3A800D12BCC16008A3E0F1
:10B66000F512A3E0F513851082851183A3A3A3A38C
:10B6700012BCB1850882850983E0FAE5126870037F
:10B68000E513696013EA7006E8497075800A74FF73
:10B6900068700374FF697069851082851183A3A3A4
:10B6A000E0FFEA851082851183A3A3F074241214AD
:10B6B000A9E0F5127812121199780C12118D7424E8
:10B6C0001214A9E0F512781212119974231214A918
:10B6D000120FE07816121195740B1214A9120FE0D4
:10B6E000740C1214A9E0F9AC08AD09AA10AB111240
:10B6F0003292740C1211C3EF851082851183A3A3BB
:10B70000F0851082851183E0540C640C7011EEF901
:10B7100012B769602612B745600302B61E801CA3EB
:10B72000A3E0F47016850A82850B83E0F50AA3E096
:10B73000F50BE50A450B600302B61074031211C342
:10B740007F10020F131232808A088B09EA4B22E025
:10B75000F91232868A0A8B0B22850A82850B83A313
:10B76000A3E0F508A3E0F50922A3A3A3A3E0FAA3AD
:10B77000E0FB12281EE9FE74FE6E2274EC120CB57A
:10B780008A088B098C0C8D0D890EEA240EF582E453
:10B790003509F583E0F510A3E0F511EA2410F50A68
:10B7A000E43509F50B850A82F583E02427FA7B004E
:10B7B000121AA48A128B13AE12AF13EA4F7003024F
:10B7C000B9658A828B83741A12B96A12BCB18A82F3
:10B7D0008B83A3A312B97E12B99612B9787414128E
:10B7E00014A912BCCDEA2406FAE43FFB12326285AA
:10B7F0000882850983A3A3A3E0C0E0EE240FF582AD
:10B80000E43FF583D0E0F0850C82850D83E0C0E055
:10B81000EE2414F582E43FF583D0E0F0E508240C33
:10B82000F582E43509F583E0C0E0EE2415F582E405
:10B830003FF583D0E0F074181214A912BCB58882C9
:10B84000F583E0C0E0EE2416F582E43FF583D0E016
:10B85000F088828983A3E0C0E0EE2417F582E43FFC
:10B86000F583D0E0F088828983A3A3E0C0E0EE24D2
:10B8700018F582E43FF583D0E0F0741A1214A9E0C1
:10B88000C0E0EE2419F582E43FF583D0E0F0741BAC
:10B890001214A912147AEE241AF582E43FF58312E9
:10B8A000146EEE241EF582E43FF583E50EF0E50804
:10B8B0002415F582E43509F58312B9902424F58224
:10B8C000E43FF58312B97EA3A3A3A312B990241277
:10B8D00012B97274161214A912B990241012B97206
:10B8E000EE241FF582E43FF583E4F0EE2420FCE42F
:10B8F0003FFD850A82850B83E08C828D83F0A3E473
:10B90000F0741F1214A9E0C0E0EE2426F582E43F93
:10B91000F583D0E0F0EE2422F8E43FF98C828D83A9
:10B9200012BCFDEA4B6029EE2427FAE43FFB888233
:10B930008983EAF0A3EBF075120078101211918C54
:10B94000828D8312BCCD121A7474031211C3800845
:10B9500088828983E4F0A3F0EEFAEFFB850C828500
:10B960000D8312B56C7F0C020F13F08508828509D8
:10B970008322F582E43FF583E8F0A3E9F022E8F0C2
:10B98000A3E9F0850882850983A3A3A3A3A3A32227
:10B9900012B57DF9EE2212B99EA3A3A3A322E0F86B
:10B9A000A3E0F98A828B832274F0120CB574DF1243
:10B9B000125B8A0C8B0DECFEEDFF890AEC4F7003D5
:10B9C00002BA68EA2408F508E4350DF5098508820D
:10B9D000F583E0C0E074021214A9D0E0F0E9A2E31C
:10B9E000502E850882850983E06402707B122BE467
:10B9F0008A0E8B0F12BCF7E50E6A7003E50F6B60C1
:10BA00000F7C03790112273AE9600579CD02BCA0C9
:10BA1000850882850983E0F87402686005740F6800
:10BA2000703912BCF7122C7AE98508828509836087
:10BA300023740FF0E0C0E0740B1214A9D0E012B927
:10BA40006AE064037027AC0CAD0D7403121233125C
:10BA50001C2A802AE0640F70DB800D74036860D4B8
:10BA600074016860CFE860CC790202BCA0850C82CA
:10BA7000850D8312BCB574031214A912B978E50AB6
:10BA8000A2E1741250091214A974FFF0A38063128A
:10BA900014A9E4F0A3F090040112BCBA603F8882BC
:10BAA0008983A3A312BCFDEE6A7002EF6B888289C2
:10BAB0008370E612B579FDE84D60228E828F831285
:10BAC000BCA8120E2DEA4B602A8A828B8312BCB569
:10BAD00074121214A912B978121B3A80168E828F32
:10BAE0008312BCC1600D12BCB474121214A9E8F028
:10BAF000A3E9F074181214A9E4F0A3F0E50AA2E493
:10BB0000501C740B1214A9E0F8740F6860107401D3
:10BB100068600B74181214A97404F0A3E4F0E50A29
:10BB2000A2E7500974181214A9E04410F0E50AA223
:10BB3000E6501274181214A9E04401F074011214B2
:10BB4000A97401800674011214A9E4F0E50AA2E2C6
:10BB5000500974181214A9E04440F0851882851920
:10BB600083E4F0E50AA2E55009741B1214A97404D9
:10BB7000800D901C3CE0C0E0741B1214A9D0E0F0D2
:10BB800074371214A912B761850882F583E0C0E00A
:10BB9000741A1214A9D0E0F08E828F83E0C0E07492
:10BBA0000C1214A9D0E0F0850C82850D83A3A3A309
:10BBB000A3A3A3A3A3A3E0C0E0740D1214A9D0E033
:10BBC000F074311214A912BCB574101214A912B970
:10BBD0007874331214A9E0F50CA3E0F50D74141277
:10BBE00014A9E50CF0A3E50DF074351214A912BCEC
:10BBF000B574161214A912B97874391214A9E0C0D8
:10BC0000E0741C1214A9D0E0F08E828F83E0F91248
:10BC1000BDA46012A3A3A3A3A312BCC160087403B4
:10BC2000121233120E2DAA18AB19123274E9C395F1
:10BC30000CE4950D501A901A1312BCBA600D7403DF
:10BC400012123312BE15120E2D800D750B02800BD1
:10BC5000740312123312286CE9F50B740B1214A939
:10BC6000E06402702C122BE48A0C8B0DA80CA90D39
:10BC700074031214A9E0687003A3E0697013AB0B9E
:10BC8000850882850983E0FA8E828F83E0F912327B
:10BC9000A4E50B7009850882850983E004F0A90BEF
:10BCA00074211211C302B555E0FA790288828D839E
:10BCB00022A3A3A3A312B57DF92212B57DF9E84909
:10BCC00022A3A3A3A312BDCBE582458322E0FCA35C
:10BCD000E0FD22C082C08390040180048A828B83AD
:10BCE00012BCFDEA4B60098A8212BE0EE06970EC5C
:10BCF000D083D082021157850C82850D83E0FAA390
:10BD0000E0FB2274F6120CB512BDA46007A3A312C7
:10BD1000BCFD80047A007B0002BD9F74F4120CB558
:10BD2000EAFEEBFF89081232868A0A8B0BAC0AAD59
:10BD30000B7900EA4D603A8A828B83A3A3A3A312F6
:10BD4000BDD4E58245836013AA0809120E2D8E82A8
:10BD50008F83EAF0A3EBF07901801E8C8212BE0E75
:10BD6000A3A3A3A312BCFD8E828F83EAF0A3EB8072
:10BD7000078E828F83E4F0A3F002BEAF74F7120C3B
:10BD8000B58A828B83E0640170047E0880027E00A5
:10BD9000A3AA82AB83122872E9C39EF902B4B27FD0
:10BDA00002020F131232868A828B83E58245832238
:10BDB000C082C08390040112BDCB790080040912B7
:10BDC000BDD4E582458370F602BCF0E0F8A3E088BC
:10BDD00082F58322E0FAA3E08A82F58322C082C042
:10BDE00083900401801E8C828D8312BE10E0F8E9DE
:10BDF0006003E8600BE88A828B83F0A3AA82AB839E
:10BE00008C828D8312BCCDEC4D70DB02BCF08B8339
:10BE1000A3A3E0F8A3E0F58388822274F7120CB59F
:10BE2000EAFEEBFFEC2408F8E43DF98882F5831282
:10BE3000BE62A3A3A3A3A3F088828983E0640370F6
:10BE400005121C2A80078C828D8312BE6B8E828F16
:10BE500083A3A3A3A3A3A3A3A3A3A3E4F0A3F00298
:10BE6000B4B2E08A828B83A3A3A32212B99EE8F026
:10BE7000A3E9F02274F4120CB5EAFEEB12BEB47022
:10BE80000D8E828F837432F0A37401F08021EA2436
:10BE900006F508E439F509750A0078081211917C55
:10BEA000027D00EEFAEFFB121A7474031211C37FC5
:10BEB00004020F13FF1232868B09A909EA4922C036
:10BEC00082C08312242202C36D74F7120CB5EAFEFD
:10BED000EBFF74091214A912C7CD8E828F83800CD8
:10BEE0001211F8F0E9240109E43AFAA312BF2E7006
:10BEF000EF02C4C274F7120CB5EAFEEBFF7409122C
:10BF000014A912C7CDE92CF9EA3DFAE924FF19EA90
:10BF100034FFFA8E828F83800D1211F8F0E924FF2E
:10BF200019EA34FFFAA312BF2E70EE02C4C2ECFE6F
:10BF3000EDFFEE24FF1CEF34FFFDEE4F2274ED12F7
:10BF40000CB589088A098B0A74131214A9E0F50C40
:10BF5000A3E0F50DA3E0F50EECF8EDF9E824FF1CE5
:10BF6000E934FFFDE8496037A908AA09AB0AE924CA
:10BF700001F508E43AF509850C10850D11850E12BE
:10BF8000E50C2401F50CE4350DF50D1211F8F8A9B6
:10BF900010AA11AB121211F86860BD790080027905
:10BFA000017F0B020F1374F6120CB58C088D097803
:10BFB00008121195E9FC7D0012241074021211C3BD
:10BFC00002C559C082C0838A828B83E0FCA3E0F85B
:10BFD000E4C8F9EC28FAE439FB02C36D74F0120CE2
:10BFE000B5E9FE8A828B83E0F50CE4F50DF50EF5DC
:10BFF0000F74026E700512C070804774036E701269
:10C0000012C06A121113780C790812130212C05B65
:10C01000803074046E703712C06A121113780C7974
:10C020000812130212C05B7808121113780C7908F9
:10C030001213028A828B83A3A3A3E0F508E4F50A16
:10C0400074187808121113780C7908121302AA0CCC
:10C05000AB0DAC0EAD0F7F08020F138A828B83A34A
:10C06000A3E0F508E4F50974102212C070780822E4
:10C07000A3E0F508E4F509F50AF50B74082274E865
:10C08000120CB574DF12125BE9851882851983F0F2
:10C090008A108B118C128D13908584740312123BBD
:10C0A000740A1210D3908570740A1210D390855CB4
:10C0B000740A1210D374391214A912C7C4E4F0041C
:10C0C0001214A9749BF0A37487F0851882851983D4
:10C0D000E0640A600302C1FF8A088B0985120A85A1
:10C0E000130B90876E780C1214527808790C120C8E
:10C0F00046850C08850D098A0C8B0D85120E85135B
:10C100000F90876E7814121452780C7914120C4622
:10C1100090876E7814121452780C7914120C46AE73
:10C1200014AF15908762780C1214527810790C12A3
:10C130000C4685100A85110BE50A450B600E790A3D
:10C14000741712123BAA0AAB0B121A5CEE4F600E68
:10C15000790A740D12123BEEFAEFFB121A5CE50835
:10C160004509600E790A740312123BAA08AB091242
:10C170001A5CE50A450B602B741712123B743912D6
:10C1800014A912C2BA800E74011214A912C2CE12DE
:10C1900014A912C2D6E50CF50E740D12123312C298
:10C1A000E540E4740D12123B74391214A912C2C690
:10C1B0007004EE4F6021750C00800E74011214A9FA
:10C1C00012C2CE1214A912C2D6E50CF50E740312D7
:10C1D000123312C2E540E4740312123B7439121494
:10C1E000A912C2C67007EE4F700302C296743912CC
:10C1F00014A912C7D074211211C37F10020F13E0CB
:10C200006410600302C2B38A088B0974107810129C
:10C210001212AE10AF11EE4F600E7910740D1212A3
:10C220003BEEFAEFFB121A5CE5084509600E791047
:10C23000740312123BAA08AB09121A5CEE4F603F5E
:10C24000740D12123B74391214A912C2BA800E7402
:10C25000011214A912C2CE1214A912C2D6E50CF50D
:10C260000A74031212331224228A0E8B0F7404C331
:10C27000950EF8E4950FF9C3E50A98E49940D07457
:10C280000312123B74391214A912C7D0122416EEED
:10C290004F600302C1EDE5084509600302C1ED747A
:10C2A000011214A912C2CE1214A912C7D012241C52
:10C2B00002C1ED7A007B0002C1F5E0FAA3E0FB12B7
:10C2C000241C750C002212C2DCE50A450B22E0FC9E
:10C2D000A3E0FD74392212C2DC050C22E0FAA3E0CF
:10C2E000FB122416221224228A108B117404C39587
:10C2F00010F8E49511F9C3E50E98E49922C082C0C4
:10C3000083121A62806774F6120CB5EAFEEBFFEA3C
:10C310004F6031EA2405FAE43FFB121B348B09A974
:10C3200009EA49601F8A828B83E4F0A312C503A344
:10C33000A312C4FFA3A3A3A374FFF0EA2405FAE4A5
:10C3400039FB80047A007B0002C559C082C083EAB1
:10C350004B70047905801612C3E560047904800DE2
:10C36000EA24FBFAEB34FFFB121B3A7900D083D0AE
:10C370008202115774F7120CB57C00121AB602C46F
:10C38000C674F7120CB5E9FEECFFEA4B6026908705
:10C39000A2E0F8E9C3984007121AAA79038043EA99
:10C3A00024FBF582EB34FF12C655700512C3E5601D
:10C3B00007121AAA7905802AEEF074016F700DEA4F
:10C3C000FCEBFD7A897B0B121AD4800BEAFCEBFDA7
:10C3D0007A897B0B121AC87A007B80EEF9121AE672
:10C3E000790002C4C6EA24FFF582EB34FFF583E04E
:10C3F000F42274F2120CB5750C00750D007E007FEE
:10C4000000A2AFE433F50AC2AF900B898015EE4F5E
:10C41000700685080C85090DE50824FBF582E50901
:10C4200012C60312C566E50845096022E50824FF27
:10C43000F582E50912C603E06970D3EE4F7006AECF
:10C4400008AF0980D37A007B80121AE6800B7A004D
:10C450007B80121AECEE4F6015780C121195EEFCF1
:10C46000EFFD7A897B0B121ADA74021211C3E50A06
:10C47000A2E092AFEEFAEFFB7F06020F13C082C07C
:10C4800083EAFCA2AFE433F8C2AF900B898009EADB
:10C4900024FBF582EB12C60312C7D0EA4B6015EA03
:10C4A00024FFF582EB12C603E06970E38A828B8376
:10C4B000E06C70DBE8A2E092AF02C36DA2E092AF45
:10C4C0008004AA82AB837F01020F1374F7120CB5AC
:10C4D000A2AFE433FEC2AF12C5FDE4F0A312C50360
:10C4E000800C12C55EF9E8FAE9FB8882F58312C672
:10C4F0005770EF8A828B83ECF0A3EDF0EE80BDEEF7
:10C50000F0A3EFF08A828B832274F6120CB5EAFC5A
:10C51000EBFD7A007B00A2AFE433FEC2AF8C828DCC
:10C520008312C657602EE8FAE9FB12C55EF98882CD
:10C53000F58312C5668C828D83E508F0A3E509F0CA
:10C5400088828983E4F0A3F0EA24FFF582EB12C627
:10C550000374FFF0EEA2E092AF7F02020F13E82413
:10C56000FBF8E934FF22E0F508A3E0F5092274F7AF
:10C57000120CB5A8A8C2AF8A828B83E0FEA3E0FFAD
:10C5800012C5FD12C4FFECF0A3EDF0E8A2E702C46F
:10C59000BE74F5120CB5A2AFE433F50AC2AFEC24B9
:10C5A000FBF8ED34FFF9E8FEE9FF8882F583E0F857
:10C5B000A3E0F98A828B8312C566EC65087003EDEF
:10C5C000650970068A828B838012740B1214A9E0AD
:10C5D000FAA3E0CA24FBF582EA12C603E8F0A3E955
:10C5E000F08E828F83E4F0A3F0EC24FF12C6007477
:10C5F000FFF0E50AA2E092AF7F03020F13EC24FBE9
:10C60000F582ED34FFF5832274F6120CB58A088B9F
:10C6100009E9FE7A00A2AFE433FBC2AF8508828548
:10C62000098312C65770058015EE601F1E12C55E85
:10C630008808F509888212C65570EEEE600D8508EF
:10C6400082850983ECF0A3EDF07A01EBA2E092AFD2
:10C65000EAF902C559F583E0F8A3E0F9E849227444
:10C66000F7120CB59087A2E0F8E9C3985027ACA860
:10C67000C2AFE929F8E433F99017C6E028FDA3E03A
:10C68000398D82F583E04AF0A3E04BF0ECA2E7920B
:10C69000AF79008002790302C4C674F7120CB5901A
:10C6A00087A2E0F8E9C3985021AEA8C2AFEAF4FC33
:10C6B000EBF4FDE92912C7B4F583E05CF0A3E05D7B
:10C6C000F0EEA2E792AF79008002790302C4C6E9D6
:10C6D000F874FF687006D2AF790080027907021102
:10C6E00057E9F874FF687006C2AF790080027907D5
:10C6F000021157C082C083121B28900B89E4F0A35B
:10C70000F0121BDC121BCA121BD6121B2E79000260
:10C71000C36DC082C083121B0A80FB74F6120CB575
:10C72000750800121B22121678A808E82812C7B450
:10C7300012C655700D05089087A2E0F8E508C39869
:10C7400040E79087A2E0F8E508C3985064ACA8C21F
:10C75000AFAE08EE2EFEE433FF9017C6E02EF8A32E
:10C76000E03FF98882F58312C7D088828983E4F09C
:10C77000A3F0ECA2E792AFE508901CA4F0F9747165
:10C780002EF58274813FF58312C7C4120E2D901CC2
:10C79000A474FFF0A8A8C2AF9017C6E02EF9A3E0DA
:10C7A0003F8982F583E04AF0A3E04BF0E8A2E792EC
:10C7B000AF02C559F8E433F99017C6E028FAA3E0B0
:10C7C000398A8222E0F8A3E0F583888222E0F9A387
:10C7D000E0FAA3E0FB2274F0120CB574101214A955
:10C7E000780C1214528A828B83E50C12C857850C80
:10C7F00008850E0A850F0B741078081212128A82AF
:10C800008B83A3A3E508F07418780C1212128A82A5
:10C810008B83A3A3A3E50CF0EA2404FA50010B02D6
:10C82000C05674F0120CB574101214A9780C1214BE
:10C8300052850C088A828B83E50812C857741078D9
:10C840000C1212128A828B83A3A3E50CF0EA240354
:10C85000FA50010B02C056F0850D09E509A3F0223C
:10C8600074F7120CB5E9FDEA4B60187800800108F6
:10C87000E8C39C5012E8FEEA2EF582E43BF583E023
:10C880006D60EC79008002790102C4C6C082C08369
:10C8900090052EE4F090053CF0900532F0A3F09066
:10C8A000052D12D1A212CD7790053DF090053EF0F6
:10C8B00090053F02CF59C082C083906194740512E5
:10C8C000CD6075E9FBE8A2E792AF9061A3E0D2E208
:10C8D00002CF59C082C08312199C90052EE4F0F952
:10C8E00012197E02CF5AC082C08390053E7401F0B7
:10C8F00090053DE0700312C98902CF5AC082C083FF
:10C900009061A4E0C2E0F09061947405F075E1EDEF
:10C9100075E1EDA8A8C2AF759B0075E9FBE8A2E739
:10C9200092AF900532E0F8A3E0F9E84960077A3267
:10C930007B05122F08900530743CF0A37419F09019
:10C94000052DE0700690052FE0600C90052DE4F0B9
:10C9500090052FF012196602CF5AC082C08390054D
:10C960003EE0702290053D7401F0900530E0F8A3A0
:10C97000E0F5838882120E2D90053DE4F090053E8F
:10C98000E0600312C98902CF5A12193090053EE4C3
:10C99000F02274F1120CB574FE12125B750A00904D
:10C9A000052DE0600312165A90052D7481F0900554
:10C9B00040E0600D906193E0A2E74010E0A2E64005
:10C9C0000B90052DE4F012196602CD321217FE12FB
:10C9D000CD7190052EE090053BF079047A347B050B
:10C9E00012188E900534E0547F24FD900538F0C372
:10C9F000947D400302CB15900535E05407F8C394AD
:10CA000004400302CB15740268600302CAAE9005AD
:10CA10003CE0600302CAAE7902AA18AB1912188E64
:10CA2000A2AFE433F508C2AF900542E064867076A9
:10CA3000901B5EE0F8A3E0F9E849700312165A85EE
:10CA40001882851983E024B7FE74011214A9E054FA
:10CA50007FFFFAEEF912190C901B5E12CEA7241577
:10CA6000F582E438F583E912CD692416F582E438BD
:10CA7000F583EF12CD692417F582E438F583EEF0E3
:10CA8000E508A2E092AF74011214A9E0A2E75011E8
:10CA9000900535E05410FA900537E0F91219F68048
:10CAA0007A1219FC8075E508A2E092AF806D9005BE
:10CAB00042E0648670031219FC90053BE0602F9001
:10CAC000053CE0702990053BE06401700302CB5601
:10CAD000900535E05407F890053BE064027005E8E6
:10CAE0007074800AE06403700574036870689005D0
:10CAF00036E0F81313543F5403F508E8C4131354F5
:10CB000003F5099004B9E0701874016509600674B2
:10CB1000016508700C75E1ED75E1ED12195A02CD51
:10CB200032A80912CD3CFAA80812CD3C2AFEE5092C
:10CB3000600A900535E0A2E650021E1E900538E01E
:10CB4000FAEE79002402F8500109C3EA98E499A2A8
:10CB5000D265D033500612196C02CD32E0C39E2448
:10CB6000FE90053A12CD7E5003750A2590053AE0F5
:10CB7000F8E50A28F8E43400F9E8243AFAE439FB45
:10CB8000122F02900532EAF0A3EBF0F9EA497005A2
:10CB900075E1E880C17F00900535E0F890053CE044
:10CBA000700774205890052FF090052FE0604AA27E
:10CBB000AFE433F50AC2AF7407586403701D122E38
:10CBC000FCE9600302CD0C9004AFE0700302CD03DA
:10CBD00012176EE964FE700302CD0C90618AE0C208
:10CBE000E212CD607591FEE8A2E792AF9061A4E0F9
:10CBF000D2E0F0E50AA2E092AF900532E0243AF8E4
:10CC0000A3E03400F9900532E0FAA3E0F5838A82CC
:10CC1000A3A312D0A012D076F090053AE0C0E012A3
:10CC2000CD50D0E012CEC512CD54E0C0E090053317
:10CC300012D087D0E012CD7E503A12CD497403F065
:10CC4000750C35750D05750E00780C12119112CD0D
:10CC500049E0FC7D0012CF30121A7474031211C324
:10CC6000900532E0243312D0962435F582E43AF56B
:10CC70008312CF4112CEA4241BF582E438F583E55C
:10CC80000912D0B32424F582E438F583E508F012C4
:10CC9000184C8A088B098C0A8D0B12CEA42425F51A
:10CCA00082E438F58378081214341218408A081286
:10CCB000D0AA2429F582E43AF583E508F0A3EBF045
:10CCC000900535E05407C0E012CD50A3D0E0F090BD
:10CCD0000537E0C0E012CEA42432F582E438F583B3
:10CCE000D0E0F0900535E05478F8A3E0C4540F5438
:10CCF00003484FC0E012CEABD0E0F0EE701912CE78
:10CD0000B7802F122EF6E9700302CBDB7F0490610F
:10CD10008AE0D2E202CBE190053912CD7E9005394E
:10CD2000E0400114906194F09005307442F0A374D7
:10CD300019F074021211C37F07020F13746E28F5E5
:10CD400082E4343AF583E4932212D0B812D08D22D3
:10CD5000900532E0F8A3E0F5838882A3A3A3A32281
:10CD6000F0A8A8C2AF759B0022F0901B5E12D0BB4A
:10CD7000229061A4E0C2E0F090052FE4F022F09050
:10CD80000535E0A2E32274F6120CB574EC12125BC6
:10CD9000900539E0700312165A12D188A818A91903
:10CDA00088088909AC08AD09900536E01313543F93
:10CDB0005403FE6072900532E0242DF8A3E03400A5
:10CDC000F9851882851983E0FC74011214A9E0FB2F
:10CDD000EC88828983F0A3EBF088828983E012D00B
:10CDE000A9242B12D07DEB12CEC5241CFAA3E0346B
:10CDF00000FB74036E701074021214A9AC82AD8330
:10CE0000121C2A740A801974021214A9E0FC74031B
:10CE10001214A9E0F9EC8A828B83F0A3E9F0740480
:10CE20001214A9AC82AD83900536E0C413135403E9
:10CE3000FA605712CEABE0A2E640258C828D83E0EB
:10CE4000FEA3E0F9900532E0FBA3E0CB242BF582B2
:10CE5000E43BF583EEF0A3E9F0EC2402FC50010D75
:10CE600074036A7011900532E02413FAA3E03400D1
:10CE7000FB121C2A80148C828D83E0FAA3E0F9EA6D
:10CE800012D0A9241312D07DE9F012CEA42410F5FB
:10CE900082E438F583E4F012CEB774141211C37F24
:10CEA00002020F1390053212D0BB2212D0B8240711
:10CEB000F582E438F58322900530744EF0A374199E
:10CEC000F012194822F0900532E022C082C083900F
:10CED000053AE070119061947401F090053074543B
:10CEE000F0A374198016C394105006E090053980A1
:10CEF000059005397410F0E014906194805BC08255
:10CF0000C083900539E0F912CF3012188E900532A7
:10CF1000E02433F8A3E03400F990053912CF4190B2
:10CF20000539E0F890053AE0C398F0121948802AD4
:10CF300012D0B82433F582E438F583E0FAA3E0FB9D
:10CF400022E0FA88828983E02AFAA3E03400FB8891
:10CF5000828983EAF0A3EBF022F0D083D082021121
:10CF60005774F6120CB57E0079027A347B051218DC
:10CF70008E900535E05480F509700B90053CE06417
:10CF800002600302D05F90052D7402F01219A89080
:10CF90000534E024B7F508A3E0547FFFFAA908128E
:10CFA000190C12CEA4242FF582E438F583E912D0AF
:10CFB000B32431F582E438F583E50812D0B3243088
:10CFC000F582E438F583EF12CEC5243A12D09612DA
:10CFD000D07612CEC52402F8A3E03400F9E8FAE9CD
:10CFE000FB181812D087E0F8900532E0FCA3E0F5BA
:10CFF000838C82A3A3A3A3E0FCE8C39CF895E0F98B
:10D000008A828B83E028F8A3E039F98A828B831225
:10D01000D0A02407F582E43AF583E0A2E25010881C
:10D02000828983E06404600790618AE0C2E2F09044
:10D0300004AFE06008121774E960027E04E5094E4F
:10D04000F8900532E0F9A3E0C92407F582E439F548
:10D0500083E04812CEC5FAA3E0FB122F0E800A121D
:10D06000CD717A327B05122F08900532E4F0A3F0DF
:10D0700012D19502CE9F243312D07DE922F582E4AD
:10D080003AF583E8F0A322E0C812D08D222435F5CA
:10D0900082E438F58322F8A3E03400F912D0AA2202
:10D0A000E8F0A3E9F012D0AA22F8900532E0FAA342
:10D0B000E0CA22F012D0B822900532E0F8A3E0C80E
:10D0C00022C082C083906193E0A2E6500BE0A2E709
:10D0D000400675E1ED75E1ED90052DE4F090052F2A
:10D0E000E0700312196602CF5AC082C08390052FE8
:10D0F000E4F090052DE0700312196602CF5AC08249
:10D10000C0831219A81218DC1219E402CF5AC08287
:10D11000C083900530E0643C7004A3E064196003B0
:10D1200012165A900538E0700512195A8021C394DE
:10D13000105006E090053980059005397410F0E034
:10D1400014906194F09005307472F0A37419F00299
:10D15000CF5AC082C08374F012125B12D18890053E
:10D1600039E0F8900538E0C398F06011C39410508E
:10D170000FE0900539F014906194F0800312D1957E
:10D1800074101211C302CF5A900539E0F9AA18ABF6
:10D190001912188E22906194740512D1A2F01219FE
:10D1A0005A22F0900530743CF0A3741922C082C05A
:10D1B0008390053FE004F012192A02CF5A74F71247
:10D1C0000CB5E9FE90053CF0700A906180E4F0E057
:10D1D0004409801374026E600874016E60031216B5
:10D1E0005A906180E0C2E0F07F01020F1374F412E4
:10D1F0000CB5E990184CF0901856E4F0A3F0901894
:10D200004EF0A3F07A057B1D1232447AF27B1C7932
:10D2100009121D9E121F727CC57D34903A81E493E1
:10D22000FA790912D390121C3C7A547B1F121A50BF
:10D2300090184CE0F9121A3E7A367B1F1231487A68
:10D24000EB7B1C1232AA750800E50875F00CA4F8F7
:10D25000A9F0741128FE741D39FFEEFAEFFB1232AB
:10D26000447AF27B1C8E828F83E0F9121D9E0508A2
:10D27000E508C3940440D27C627D3A903A86E493F8
:10D28000FA7901121C667C527D3A903A86E493FA50
:10D290007902121C667C5A7D3A903A86E493FA79B8
:10D2A00003121C667C2A7D3A903A86E493FA79044C
:10D2B000121C667E00EE75F00CA4F8A9F0744128EB
:10D2C000FA741D39FB1232440EEEC3940440E67C1E
:10D2D0004A7D3A903A8BE493FA7905121C667C42B7
:10D2E0007D3A903A8BE493FA7906121C667C3A7D7B
:10D2F0003A903A8BE493FA7907121C667C327D3AB5
:10D30000903A8BE493FA790812D390121E46901843
:10D310004CE0901D7EF0A3E4F0750A15750B85783E
:10D320000A121195750A6C750B1F780A1211957502
:10D330000ACD750B81780A121195750A6C750B1858
:10D34000780A1211957C207D007A107B0090184C91
:10D35000E0F9121F1274081211C343FE4543FF0186
:10D36000439045D2A053F4BA53F5FE53FD0F53F347
:10D370000F538F0FC280C281C282C2839086C212B5
:10D380000FDC12D3991211C3121F067F04020F1370
:10D39000121C6690184CE0F9227A407B0090184CE1
:10D3A000E0F9121BF474042274F4120CB574FF1229
:10D3B000125BEAFEEBFF5410605D90870A120FDCEF
:10D3C0007A007B1012D39D1211C3E4F508F5097899
:10D3D0000812119578081211957808121199780899
:10D3E000121195780812119978081211997508018F
:10D3F000780812119975080278081211997C067D37
:10D40000007A4E7B187909121C7E740B1211C3EE40
:10D41000FAEF641002D502EB5480703AEA541070AF
:10D420000302D4D8121F06EE641002D50088828948
:10D4300083E0701B8518828519837401F0AA18ABEC
:10D440001979521223B090871E121492122C02AA3C
:10D4500008AB09121AAA90184CE0F9121ABC8A08F3
:10D460008B09EA4B606B8A828B83A3A882A9838A8B
:10D47000828B83E024CC600E24FE60342476600B23
:10D4800024EF601380C9121F5A80C4A3A3A3E0FA3B
:10D490007B00121EFA80B888828983E0F9121F246B
:10D4A00090186EE064017004D28080A3C280809FD7
:10D4B000A3A3E0700302D42D14709488828983E0C2
:10D4C000708D12172CC2AFC2AF75C9AB75C95B8026
:10D4D000FEEEFAEF6480802AEA5420600C7AFF7B2B
:10D4E000FF121EFAEE64208017EA54406017121FE4
:10D4F0004E9086C2120FDC12D3991211C3EE644013
:10D50000FAEFFB80047A007B0074011211C302D38E
:10D510008B74F7120CB5EAFEEBFF8A82F583A3E069
:10D52000601324FE701B8A828B83E07014A3A3E037
:10D530004402F980098A828B83E06005790A1232FD
:10D540002CEEFAEFFB121F007F01020F1374F6128C
:10D550000CB5121F727E007A00EEF9121F420EEE19
:10D56000C3940440F27900E9F50875090074027863
:10D570000812138774722508F58274183509F5832B
:10D58000E4F0A3F0A3F0A3F009E9C3940440D81297
:10D590001F0602D8A2C082C083E9C39404506A1255
:10D5A000D659EAF0740E29F582E43487F583E0F861
:10D5B000E9C3940374016A502D7016E8F45290E99F
:10D5C000600B14602E14602F146030803CD2808079
:10D5D00038E84290E9600B14602514602614602737
:10D5E0008027C28080237006E8F452A080D1E842F0
:10D5F000A080E1D2818012D282800ED283800AC2C2
:10D60000818006C2828002C283D083D082021157F9
:10D6100074F6120CB5E9FE121C5A8B09A909EA49E5
:10D620006030EA2414F582E439F583E0F86023C31E
:10D630009405501E74FF28F974016E6018EE600D99
:10D6400074026E700D12D659E0640170087A0012EF
:10D650001F4202D8A27A0180F6746E29F582E43462
:10D6600018F5832274F2120CB5E58054F0FF7E00A9
:10D6700075080175090074042E7808121387E508EF
:10D68000F8901CEAE05860047C0180027C00EF58AE
:10D6900070107D01750800750900750A80750B3FD3
:10D6A000800A7D008D088D098D0A8D0BEEFAF50C30
:10D6B000750D007402780C1213877472250CF582B4
:10D6C0007418350DF5837808121434ECA2E092F04A
:10D6D000EDA2E082F0501A746E2AF582E43418F557
:10D6E00083E0640170047A0080027A01EEF9121F6F
:10D6F000420EEEC39404500302D670EF901CEAF081
:10D700007F06020F1302115774F7120CB5EA2417A3
:10D71000F8E43BF9E8FEE9FF8A828B83A3A3A3A385
:10D72000A3A3A3E014601624FD601F24F7602D243A
:10D73000FB602424FE602024FE6033804312D793D4
:10D74000E0F9E8C39950390880F612D793E0F9E878
:10D75000C399502C0880F6121F60802412D7A2882B
:10D76000828983A3E0FBEAC39B50150A80F112D79C
:10D77000A280010A88828983A3E0FBEAC39B40F36D
:10D780008E828F83E0FAA3E0FBEA4B6003121B3A20
:10D7900002D54888828983E0F8A3E08882F58378FF
:10D7A000002288828983E0F8A3E0F97A0022C0820F
:10D7B000C083EA2417F582E43BF58312D7A68001E3
:10D7C0000A88828983A3A3E0FBEAC39B40F2790124
:10D7D00002D60974F6120CB5EA5404F890184DE01C
:10D7E00064027038E8700302D8A212D8A71211950B
:10D7F0007808121195E9F5087808121199E4F508EE
:10D8000078081211957808121199780812119975F3
:10D8100008017808121199750802806FE86003E02A
:10D82000600AEB54046034E06401702F12D8A71230
:10D8300011957808121195E9F5087808121199E404
:10D84000F5087808121195780812119978081211C4
:10D85000997508017808121199803012D8A7121111
:10D86000957808121195E9F5087808121199E4F5F0
:10D8700008780812119578081211997808121199F0
:10D880007508017808121199750800780812119925
:10D890007C067D007A4E7B187909121C7E740B126F
:10D8A00011C37F02020F13123142E9F9E4F508F5C2
:10D8B00009780822C082C0838A828B83A3A3A3A392
:10D8C000749AF0A37481F002D609C082C08390617B
:10D8D00080E4F0E04409F0906189E0D2E5F09061E5
:10D8E00082E0D2E0F0E0D2E1F0E0D2E2F09004AFEA
:10D8F0007401F002DBD174E8120CB574F612125BFD
:10D900008A168B17ECFEEDFFEA4B60188A828B8338
:10D91000A3A3A3A3A3A3A3A3E0F8740268600A745B
:10D920000368600579E802DB3E12177AE9F46005C6
:10D93000791E02DB3E851682851783A3A3A3A3A3CA
:10D94000A3A3A3E0F5141217868A088B098C0A8D0D
:10D950000B12178C8A108B118C128D1385080C8575
:10D96000090D850A0E850B0F780C7910121374744B
:10D97000026514751400703B8A0C8B0D8C0E8D0F94
:10D9800074FE5514780C121212E50CA2E0401985B1
:10D99000080C85090D850A0E850B0FE514780C120D
:10D9A0001212E50CA2E050460514E514C394185079
:10D9B0003D80C5850C08850D09850E0A850F0B7500
:10D9C0001003751100751200751300E514C3337848
:10D9D000101211137808791012139AE508450945B9
:10D9E0000A450B60090514E514C3940C40C574186E
:10D9F00065147069851682851783A3A3A3A3A3A3C7
:10DA0000A3A3E06402606FE514F5087509008516AC
:10DA100082851783A3A3A3A3A3A3A3A3E064027097
:10DA20005A74061214A9EEF074071214A9EFF085C7
:10DA30001682851783E0C0E074081214A9D0E0F0C4
:10DA4000851682851783A3E0C0E074091214A9D05B
:10DA5000E0F07904740612123B74028026740C659F
:10DA60001470A4851682851783A3A3A3A3A3A3A3DD
:10DA7000A3E064037091791A02DB3E7908AC16AD1D
:10DA800017740378081213872508FA74613509FBA7
:10DA900012DB4864027903AC18AD19703B7A671247
:10DAA000DB5B750C01750D00750E00750F00E5143C
:10DAB000780C1211137808790C121374780812116B
:10DAC0008D7407121233121B1674041211C37903DA
:10DAD000E912123B7A6780577A6412DB5BE514C364
:10DAE00033FA750C01750D00750E00750F00780C7A
:10DAF0001211137808790C121374750C01750D004E
:10DB0000750E00750F0074012A780C121113780835
:10DB1000790C121374780812118D740712123312D3
:10DB20001B1674041211C37903E912123B7A647B49
:10DB30006112DB48FB7A01A9141217807900740A7C
:10DB40001211C37F10020F1312187C8516828517DD
:10DB500083A3A3A3A3A3A3A3A3E02212DBD88A08D1
:10DB60008B098C0A8D0B2274F7120CB5EA4B6021DD
:10DB7000EA2408FEE43BFF8E82F583E0F874026835
:10DB80006005740368700A12177AE9F974FF697006
:10DB90000479E8800D8E828F83E0FB7A0012178073
:10DBA00079007F01020F13C082C083740169900461
:10DBB000B0700B7401F090618AE0D2E28008E4F06A
:10DBC00090618AE0C2E2F0800812DBD8740312117F
:10DBD000C3D083D0820211577B611218827903AAC5
:10DBE00018AB19121A9222C082C0839004B0E0646C
:10DBF00001700479FE800279FF80D6C082C08390D4
:10DC000004B0E0600479018009906163E0F8744039
:10DC100058F980BD74EC120CB574F412125B8A8250
:10DC20008B83A3A3A3A3A3A3A3A3E064027040ECEC
:10DC3000851882851983F074011214A9EDF08A8287
:10DC40008B83E0C0E074021214A9D0E0F08A828BCA
:10DC500083A3E0C0E074031214A9D0E0F0A818A9CF
:10DC600019881289137E04751001121786800C8A98
:10DC7000128B137E0875100212178C8A0C8B0D8C78
:10DC80000E8D0F7F00850C08850D09850E0A850F06
:10DC90000BEF7808121212E508A2E05053E510F5D8
:10DCA000F0EF84F50BEEF9740412123BE50B89F0EA
:10DCB000A4FAA8F0E428FB74613BFB1218827404F8
:10DCC00012122B88088909750A007808121191EE42
:10DCD000FC7D00851282851383A982AA837B0012B2
:10DCE0001A8074031211C3E964017004A90B800B3C
:10DCF000E5102FFFC39418408C79FF740C1211C3E8
:10DD00007F0C020F1374EF120CB5EBFE750C01754E
:10DD10000D00750E00750F00E9C333780C12111356
:10DD2000750801F509F50AF50BE9780812111304D5
:10DD30006A701D74026E700C12DD9E780C790812E8
:10DD40001374802012DD927808790C121374802CE1
:10DD500074026E701812DD9E78081213F4780C7934
:10DD60000812139A780C12118D7A83801612DD92A4
:10DD7000780C1213F47808790C12139A780812119F
:10DD80008D7A867B61121B1674041211C37F0902FF
:10DD90000F1312178C8A088B098C0A8D0B2212170D
:10DDA000868A0C8B0D8C0E8D0F22C082C08374FD71
:10DDB00012125B7903AC18AD197A8302DBC9C082F9
:10DDC000C08374FD12125B7903AC18AD197A860218
:10DDD000DBC9E5A4851882851983F0E5A5C0E07448
:10DDE000011214A9D0E0F0E5A6C0E074021214A953
:10DDF000D0E0F074031214A9E4F0E8A2E792AF8532
:10DE0000188285198312149274041211C3D083D01E
:10DE100082021157C082C08374E012125B9061A924
:10DE20007414F09061AB743FF0A37455F090619658
:10DE300074FCF09061A87485F0907803E0F8749514
:10DE4000686005743468700C906265740FF09061BE
:10DE50009674F8F09061AEE4F09061B27415F090B1
:10DE60006182E4F09061B57410F0A3740EF0A374B5
:10DE700003F09061FA7409F09061E574FFF0439A41
:10DE800001D2A843A90153B9FE43A90453B9FB9099
:10DE90006249E09004B9F0A8A8C2AF75C30275A2A8
:10DEA0000075A328E8A2E792AFE59E70FC439403B7
:10DEB000E594A2E250FA43940AD2BA906189744878
:10DEC000F01219AE906199E0A2E050F87800790064
:10DED0007A10E825E0F8E933F99061A7E0A2E0E4E0
:10DEE00033FCE84CF8DAEBE849600A7480687003A8
:10DEF000740369700478BE79BAE8F5BCE9F5BC90A2
:10DF000004C8E0F8A3E0F9E8496042790078007AB3
:10DF1000089061A7E0A2E0E433FBE8334BF8DAF1C4
:10DF2000E9FA851882851983E5822AF582E435832A
:10DF3000F583E8F009E9C3942040D2AA18AB199000
:10DF400004C8E0F8A3E0F5838882120E2D1219B4FC
:10DF50009061897440F0E0D2E5F0906164E4F0A350
:10DF6000F0A3F0A3F0A3F0A3F0742002DE0AE5B45E
:10DF700054F34404F5B4E5BDF9021157E5B454F384
:10DF80004404F5B4E5BDF9E5BCFAE9FB021157A973
:10DF9000A8C2AF75C301A8A3AAA2E9A2E792AFE8FD
:10DFA000FB021157C082C08374FC12125BA8A8C286
:10DFB000AF75C300E5A202DDD2C082C08374FC123B
:10DFC000125BA8A8C2AF75C31002DDD274F4120CA4
:10DFD000B574FC12125B12E11B85188285198378D7
:10DFE0000812145290869678081213AD12E09C60C5
:10DFF0000312165A9004C4C082C08312E12DD0834C
:10E00000D082780812131585188285198378081232
:10E0100012439004C47808121434A8A8C2AF75C380
:10E0200000851882851983E0F5A474011214A9E013
:10E03000F5A574021214A9E0F5A6E8A2E702E13BF7
:10E0400074F4120CB574FC12125B12E10D1214522E
:10E0500090869678081213AD12E09C600312165A4F
:10E06000A2AFE433F8C2AFE5A7A2E45005D2005353
:10E07000A7EF75C330851882851983E0F5A4740174
:10E080001214A9E0F5A574021214A9E0F5A675A171
:10E09000EFA200500343A710E802E139E508450963
:10E0A000450A450B2274F4120CB574FC12125B1273
:10E0B000E10D12145290869678081213AD12E09C6E
:10E0C000600312165AA2AFE433FEC2AFE5A7A2E383
:10E0D0005005D20053A7F775C32085188285198390
:10E0E000E0F5A474011214A9E0F5A574021214A9B4
:10E0F000E0F5A653A1F7A200500343A708851882B4
:10E10000851983121492121750EE02E13912E11BA5
:10E11000C20085188285198378082285188285199E
:10E1200083EAF0A3EBF0A3ECF0A3EDF02212184683
:10E130008A088B098C0A8D0B22A2E092AF7404121C
:10E1400011C37F04020F1374F4120CB574FC121285
:10E150005B851882851983E4F0A3F0A3F0A3F0A2F5
:10E16000AF33FEC2AF75C300E5A2E5A48518828572
:10E170001983F0E5A5C0E074011214A9D0E0F0E520
:10E18000A6C0E074021214A9D0E0F09004C478088C
:10E19000121452851882851983780812133B900453
:10E1A000C0780812145285188285198378081214D1
:10E1B00004502C9004C478081214529004BB7808C0
:10E1C00012129C701A12E24E12133B12E25785187B
:10E1D00082851983780812133B9004BF7401F0857F
:10E1E000188285198312147A9004C012146E900458
:10E1F000C412147A9004BB12146EEEA2E092AF85A2
:10E20000188285198312149202E13DC082C0839066
:10E2100004BA7480F043A70102DE0DC082C08353AC
:10E22000A7FE9004BAE0F902DE0D74F4120CB5A258
:10E23000AFE433FEC2AF9004BFE0700812E24E12AA
:10E24000133B8002E4F0EEA2E092AF02E14212E260
:10E25000579004C47808221217C88A088B098C0AC0
:10E260008D0B2274E8120CB574B212125B750800A3
:10E2700075090075F80075FC0B75FAD843FC20434E
:10E28000F10243F4E053F4F143900EC29143FE0EC9
:10E2900053F5DFD2FED291750A45750B00780A124C
:10E2A0001195740B12122B880A890B780A1211959A
:10E2B000790190874A12149212173274041211C312
:10E2C000740F1214A9E02406F50CA3E03400F50D38
:10E2D000E4F50EF50F750A08F50B780A121195741E
:10E2E0000312122B880A890B780A1211957901857D
:10E2F0000C10850D11850E12850F139086AA7810CB
:10E30000121315AA10AB11AC12AD1312173274040C
:10E310001211C374051214A978101214529086A613
:10E320007810121132400AE510451145124513705C
:10E330000302E415751000751100751200751300C5
:10E340008035C2F0E825E0F8E933F9EAA2E75004A5
:10E35000740148F8A2F05008742168F8741069F943
:10E36000EAC333FA1BEB600302E3F48808890990DF
:10E3700086C6781012131574051214A9781012119C
:10E3800032407E90869EC0828510148511158512BC
:10E39000168513179086A27814121315758386D0EC
:10E3A00082781412113250C7750A01750B00780A71
:10E3B000121195740212122B880A890B780A121115
:10E3C0009585101485111585121685131778147903
:10E3D0000C121302AA14AB15AC16AD177901121763
:10E3E0003274041211C3851882851983E0FAA808D3
:10E3F000A9097B08E95480700302E342D2F002E3EA
:10E400004474011214A9E065087004A3E065097062
:10E4100004790080027901744E1211C37F10020F3B
:10E420001374F6120CB574FC12125B9086BAAC1819
:10E43000AD1974041210D3750801F509780812118A
:10E4400095740212123B7A227B0212168474021215
:10E4500011C374041211C37F02020F1374F0120C63
:10E46000B58A088B098C0A8D0B74101214A9E0F57B
:10E470000CA3E0F50D74121214A9E0F50EA3E0F55B
:10E480000FE96014780E121195780C12119512177D
:10E490004474041211C3802F90868E7808121315CD
:10E4A000780E121195AC0CAD0D85080C85090DAADE
:10E4B0000CE50D5407FB740B7808121212A9081210
:10E4C000167E74021211C37F08020F1374EC120C33
:10E4D000B58A0C8B0D8C0E8D0F74141214A912E6D4
:10E4E0000974161214A9E0F50AA3E0F50BE960140B
:10E4F000780A121195780812119512174A740412AD
:10E5000011C3804D90868E780C121315850C1085E2
:10E510000D11E5115407F9E510497012850E1285A9
:10E520000F13740B7810121212A91012168A7402AB
:10E53000780A121443780A121195AC08AD097402D6
:10E54000780C121212AA0CAB0D121684740212115E
:10E55000C37F0C020F13C2F989F9A2F950FC021112
:10E560005774EC120CB58A0C8B0D8C0E8D0F85FE3A
:10E570000AA2AFE433F50BC2AF43FE08C29379059C
:10E5800012173EE5F9A2E040F5D2930000C293795C
:10E590000B12173E850C10850D11850E12850F1379
:10E5A00074107810121212851008A90812173E85EF
:10E5B0000D09A90912173E850C08A90812173E7902
:10E5C0000012173E74141214A9E0FEA3E0FF7416A3
:10E5D0001214A912E6098011790012173EE5F98E8E
:10E5E000828F83F0A3AE82AF83A808A909E824FF35
:10E5F000F508E934FFF509E84970DDD293850AFE94
:10E60000E50BA2E092AF02E551E0F508A3E0F509C1
:10E610002274EB120CB58A108B118C128D1385FEAF
:10E620000BA2AFE433F50AC2AF43FE08741512140F
:10E63000A9E0FEA3E0FF74171214A912E6098034C2
:10E6400090868A78101213158E828F83E0F9121744
:10E650003E8E828F83A3AE82AF831514E50824FF1C
:10E66000F508E50934FFF509E50845096004E514F6
:10E6700070D6D293E5084509605FC29379051217F9
:10E680003EE5F9A2E040F5D2930000C2937906126C
:10E69000173ED2930000C293790A12173E85100CE0
:10E6A00085110D85120E85130F7410780C1212123D
:10E6B000A90C12173EA91112173EA91012173EE518
:10E6C00010F404F514700302E640F50CE4F50D783F
:10E6D00010790C12130202E648850BFEE50AA2E04F
:10E6E00092AF7F0D020F13C082C083900486E4F0C6
:10E6F000A3F01216D2D083D08202115774E8120C04
:10E70000B58A168B17890F900486E0F8A3E0F9E824
:10E710004970187A117B00121B34900486EAF0A32A
:10E72000EBF079017A107B831216B4AA16AB17129C
:10E73000E989F50BC394114003750B1085160C8500
:10E74000170D750E00AE0B7401650F7029780C1251
:10E750001191EEFC7D00900486E0FAA3E012E98EB0
:10E760001211C3900486E02EF8A3E034008882F5ED
:10E7700083E4F002E7F9900486E0FAA3E0FB12E9F3
:10E7800089F50A2E2402FA7B00121B348A148B1599
:10E79000EA4B605F900486E0F510A3E0F511751276
:10E7A000007810121191AC0A7D0012E98F1211C38A
:10E7B000A80AE51428F582E43515F5837420F005E0
:10E7C0000A780C121191EEFC7D00E514250AFAE49A
:10E7D000351512E98E1211C3E50A2EF8E43400F95A
:10E7E000E51428F582E51539F583E4F0AA14AB1594
:10E7F000121B3A74FF650F6009AA16AB17A90F1216
:10E8000016FC7F10020F1374F2120CB574E712128B
:10E810005BE9FEA818A919880C890D780C121195CE
:10E82000EEF912E8B61211C374271214A912E8BC4B
:10E830001211C37F06020F1374F7120CB5ECFEED34
:10E84000FF79FF1216B479FFEEFAEFFB1216B4024D
:10E85000EA7374EE120CB574E712125BEAFEEBFF7A
:10E860008C108D11890812E989F5098E0C8F0D75B0
:10E870000E00780C121191AC097D00740312123352
:10E8800012E98F1211C3A80912E995A385820A859E
:10E89000830B780A121195A908AA10AB1112E8B3DC
:10E8A0001211C3742B1214A912E8BC1211C37F0AEF
:10E8B000020F13E4FCFD121A98740222E0F9AA1860
:10E8C000AB191216B474192274F1120CB574E71254
:10E8D000125BEAFEEBFF8C0A8D0B890912E989F5C0
:10E8E0000860228E0C8F0D750E00780C121191AC01
:10E8F000087D00740312123312E98F1211C3A808A5
:10E9000012E9950508A808851882851983E58228EB
:10E91000F50CE43583F50D780C121195A909AA0AB6
:10E92000AB0B12E8B31211C3AA18AB1912E989F59F
:10E9300008F8851882851983E5822AF582E43583F3
:10E94000F583742CF00812E99508851882851983DF
:10E95000E58228F50AE43583F50B780A12119574DF
:10E960002C1214A9E0F9742A1214A9E0F50AA3E004
:10E97000AA0AFB12E8B31211C3742B1214A912E8ED
:10E98000BC1211C37F07020F13121A6EEA22FB1288
:10E990001A7474032212E99C7420F022851882856F
:10E9A0001983E58228F582E43583F58322C082C08D
:10E9B0008353F3FED28043FD0153F4FDD29143FE15
:10E9C0000253F4FBD29243FE0443F10243F420438A
:10E9D000F44043F48075FB8075F80075FC2F75FAE0
:10E9E00000C2917A987B3A121702D2917A0F7B007B
:10E9F00012170279151216D8790F1216E4790E1231
:10EA000016D879251216D8791C1216D87A087B5296
:10EA10001217021216EA1216F079291216D802E617
:10EA2000F5C292C28053F8F989F9A2F950FCA2F913
:10EA300050FC00000000D292021157C292D28053C3
:10EA4000F8F989F9A2F950FCA2F950FC0000000085
:10EA500080E474F7120CB5E9FE795012EAA980132C
:10EA600074F7120CB579801216D87E307920121600
:10EA7000DEDEF97F01020F1374F7120CB579C012B4
:10EA800016D87E4079001216DEDEF980E674F712A1
:10EA90000CB5EBFEEAC39410500D74FF29C454F07A
:10EAA0002A4480F912EAA980CA1216D8EEF9121681
:10EAB000DE2274F5120CB58909EAFEEBFF12E98932
:10EAC000F50A75080080188E828F83E0FBAA08A9DA
:10EAD000091216F68E828F83A3AE82AF830508E5F6
:10EAE00008C3950A40E1850A08800B7B20AA08A983
:10EAF000091216F60508E508C3941040EE7F0302DC
:10EB00000F13802000000000000000000000000043
:10EB100000000000000000000000000000000000F5
:10EB200000000000EAF8EBF9E824FF1AE934FFFBE3
:10EB3000E84970D0021157C082C0839017CA12EB07
:10EB400045F002EC46E4F0A3F0A3F0A32274F01227
:10EB50000CB58908EAFEEBFF121BE874101214A929
:10EB6000780C121452EA4B600D8A828B83A3A3782F
:10EB70000C121434806A7A0D7B00121B34EA4B604D
:10EB80005B8A828B83A3A3A3A3A3A3A3A3E50812F9
:10EB9000EBE5EEF0A3EFF08A828B83A3A3780C124F
:10EBA00014348A828B83E4F0A312EBE5A3A3A312AF
:10EBB000EB46F09017C812EF269017C86017E0FCDC
:10EBC000A3E08003E8FCE9FD8C828D8312EF2670C0
:10EBD000F38C828D83EAF0A3EBF080047A007B0053
:10EBE0007F08020F13F08A828B83A3A3A3A3A3A39E
:10EBF00022C082C0839017C880048C828D83E0FC81
:10EC0000A3E0FDEC4D60238C828D83A3A3A3A3A37B
:10EC1000A3E06A7003A3E06B70E08C828D83A3A3F2
:10EC2000A3A3A3A3A3A3E06970D0ECFAEDFB801625
:10EC3000C082C083EA4B600E8A828B83A3A3A3A306
:10EC4000A3A3E4F0A3F0D083D08202115774F6128C
:10EC50000CB5AEA8C2AF740A1214A9120FDC121BB5
:10EC6000E274041211C38B09A909EEA2E792AFEA7C
:10EC70004960047900800279087F02020F1374F260
:10EC8000120CB5A2AFE433FEC2AF740E1214A97811
:10EC900008121452780812118D121BE2740412111A
:10ECA000C3EA4B60128A828B83A3A3A3A3A3A3A36B
:10ECB000A3A37808121434EEA2E092AFEA4B6004EA
:10ECC0007900800279087F06020F1374F4120CB5E4
:10ECD000A2AFE433F508C2AF121BE88A0A8B0BAF70
:10ECE0000BEA4F6003121BEEE508A2E092AFE50AC3
:10ECF0004F60047900800279067F04020F1374F2DA
:10ED0000120CB5750800750900750A00750B00A294
:10ED1000AFE433FEC2AF121BE88A828B83E58245E3
:10ED2000836007A3A37808121452EEA2E092AFAA60
:10ED300008AB09AC0AAD0B808D74EB120CB574FCFA
:10ED400012125B851882851983EAF0A3EBF0A3EC1D
:10ED5000F0A3EDF0A9A8C2AF8518828519837808C1
:10ED60001214529017CA780812133BE9A2E792AF27
:10ED70009017C812EF26700302EF169017C8E0FE36
:10ED8000A3E0FF751000751100750A00750B00A255
:10ED9000AFE433F514C2AFEE2402F508E43FF50901
:10EDA00074021214A912EF26702074011214A9E043
:10EDB0007018851882851983E0F885088285098393
:10EDC000E0C3984005E0C3988039850882850983AF
:10EDD000780C121452851882851983780C12140449
:10EDE0005018851882851983780C12145285088270
:10EDF000850983780C1212C6800A850882850983EA
:10EE000012EB45F0EE2406F512E43FF513EE240470
:10EE1000F50EE43FF50F12EF207054850E82850F3A
:10EE20008312EF26704EEE2409F50CE43FF50D85B4
:10EE30000C82F58312147AE8494A4B604D851282A0
:10EE4000851383E0FAA3E0FBEA4B603E8E828F835A
:10EE5000A3A3A3A3A3A3A3A3E0F9121AE6850C829C
:10EE6000850D8312147A85088285098312146E1227
:10EE7000EF20700B850E82850F8312EF26600B85C5
:10EE8000128285138312EF2670258E828F83E0F81D
:10EE9000A3E0F9E510451170059017C880068510AC
:10EEA00082851183E8F0A3E9F08E0A8F0B80048E2F
:10EEB000108F118E828F83E0FEA3E0FFE514A2E0A5
:10EEC00092AFE50A450B6047850A82850B83A3A3B1
:10EED00012EF267033850A82850B83A3A3A3A312A6
:10EEE000EF267024850A82850B83A3A3A3A3A3A383
:10EEF000E0FAA3E0FB850A82850B83A3A3A3A3A367
:10EF0000A3A3A3E0F9121AE6AA0AAB0B121B3AEE6E
:10EF10004F600302ED8974041211C37F0D020F13B9
:10EF2000850882850983E0F8A3E0F9E84922C082D8
:10EF3000C0839017CA12149202EC4674F7120CB5F3
:10EF40001230C4122FEC122ED279011223A4E9FE42
:10EF500079FF121AF8EEF9806574F7120CB574FF98
:10EF600012125B1230BEE9FE851882851983E4F027
:10EF7000AA18AB1979561218A67A7F7B0B79E21280
:10EF800018A612F07160129019DEE0FAA3E0FB12ED
:10EF90001B3A9019DEE4F0A3F0EEF9801C74F7122E
:10EFA0000CB5E9FE74E26E700B7C7F7D0B121C2A9F
:10EFB000790080031218A0800574011211C37F012B
:10EFC000020F1374F7120CB58908EAFEEBFF74E226
:10EFD00069700BEAFCEBFD7A7F7B0B121C2AEEFAC0
:10EFE000EFFBA9081218A680D5C082C0838A828B45
:10EFF00083A3A3A3A3A3A3A3A3E4F0122FF202F17C
:10F00000D2C082C0838A828B83A3A3A3A3A3A3A31A
:10F01000A3E4F0122ED802F1D474F4120CB5EAFE77
:10F02000EBFF8A82F58312147A9019DA12146E12A9
:10F03000F071600479FC801F8E828F83A3A3A3A349
:10F04000E0F8740368600D12F282700E12F2A36091
:10F050001C12F2B912F28D02F27D8E828F83A3A36D
:10F06000A3A3A3A3A3E060EC12F2DA70E7791A80FD
:10F07000E69019DEE0F8A3E0F9E8492274F7120CF3
:10F08000B574FF12125BEAFEEBFF851882851983C7
:10F090007401F0AA18AB1979521218A6EE2415F5CE
:10F0A00082E43FF583E4F0EE2420F582E43FF5832B
:10F0B000E4F0EEFAEFFB122EDE790002EFB974EC09
:10F0C000120CB58A088B098C128D13EA241EF510D8
:10F0D000E43509F511EA241CF582E43509F583E0ED
:10F0E000FBEA241BF582E43509F583E0FA851082FA
:10F0F000851183E0F9122F5C8A0A8B0BAE0AAF0BE5
:10F10000EA4F700302F1CB85080C85090D750E00DE
:10F11000780C1211917C137D00EA2426FAE43FFB5F
:10F12000121A7474031211C3EE2402F50AE43FF5B7
:10F130000BE508241FF582E43509F583E0F50CA3FF
:10F14000E0F50D780C121191851082851183E0FC99
:10F150007D00850A82850B83E0FAA3E0FB121A7416
:10F1600074031211C3E508241350020509F50C8538
:10F17000090D780C1211917C0B7D00EE241BFAE432
:10F180003FFB121A7474031211C3E5124513603069
:10F190008E828F83A3A3A3A3E0F96024850A8285CE
:10F1A0000B83E0FAA3E0FBEA4B601585128285131E
:10F1B00083120E2DE96009EEFAEFFB121AAA800BFA
:10F1C000EEFAEFFB122F5679008002791A7F0C02BB
:10F1D0000F137900D083D082021157790002EFBE5D
:10F1E000C082C08312175680E9C082C08312175CA8
:10F1F00080E2C082C08312176280D974F7120CB506
:10F2000012176880D674F4120CB58A088B09ECFECC
:10F21000EDFF7B007A007900122F5CEA4B605EEA1A
:10F220002431F582E43BF5837402F0EA2426F5826A
:10F23000E43BF583E508F0A3E509F0EA242EF58226
:10F24000E43BF5837402F0EA242FF582E43BF58376
:10F25000EEF0A3EFF0EA2432F582E43BF583E4F02C
:10F26000EA2433F582E43BF5837431F0A3E4F0EA59
:10F270002423F582E43BF583E4F0122F567F040249
:10F280000F13EE2416F508E43FF509E8228E828F6D
:10F2900083A3A3A3A3A3A3E4F0EEFAEFFB12310030
:10F2A0007900227A1B7B00121B348B0BA90B90195F
:10F2B000DEEAF0A3EBF0EA49227C1B7D0079001224
:10F2C0001A869019DEE0240BF8A3E03400F98508D3
:10F2D00082850983E8F0A3E9F02275F021A4FAAB56
:10F2E000F0121B348B0BA90B850882850983EAF089
:10F2F000A3EBF09019DEEAF0A3EBF0EA4922C0821A
:10F30000C08312184C7C0012F4AF1223CE12F329E2
:10F31000E0FAA3E0FB121B3A12F329E4F0A3F01287
:10F32000F4DED083D08202115712F336C82425F5BB
:10F3300082E438F58322901A49E0F8A3E02274F0C1
:10F34000120CB5E9FE12F336F9E849600312F4DE57
:10F350007A277B00121AA4901A49EAF0A3EBF0F97D
:10F36000EA496005EEA2E0500302F47B7C277D00B1
:10F370007900121A86EEA2E1500712F4C4E04401AB
:10F38000F012F4C4A3E0440112F4BE2418F582E4A0
:10F3900038F583E412F4BE2417F582E438F583745B
:10F3A00005F074101214A9E0F508A3E0F509750A38
:10F3B0000078081211917C0912F4AF121A747403C8
:10F3C0001211C374121214A912F4D1240FF582E49D
:10F3D0003AF583E8F0A3E912F4BE2411F582E4388B
:10F3E000F5837402F074171214A9E0C0E012F4BFA0
:10F3F0002412F582E438F583D0E0F074151214A9D4
:10F4000012F4D12425F582E43AF583E8F0A3E9F07B
:10F4100074141214A9E0C0E012F4BF2424F582E4AD
:10F4200038F583D0E0F074181214A9780812145239
:10F4300012F336F5838882A3A378081214341218C5
:10F440004C8A0C8B0D8C0E8D0F780C79081212EEF5
:10F450009087127808121452780C7908120BC69013
:10F46000869A7808121452780C7908120C46908704
:10F4700026780C121132500712F4DE7901802B75B8
:10F480000812750900750A00750B007808790C12CE
:10F4900012EE780812118D7A017B00901A4FE0F974
:10F4A000121BF474041211C379007F08020F137D3C
:10F4B00000901A49E02406FAA3E03400FB22F0127F
:10F4C000F336C82212F336C82413F582E438F583E4
:10F4D0002212F339F9901A49E0FAA3E0CA22901AED
:10F4E00049E0FAA3E0FB121AAA901A49E4F0A3F04B
:10F4F0002274F7120CB57905122A1C7F01020F1332
:10F5000074F0120CB58A0C8B0D8A828B83A3A31224
:10F51000F3398882F583E0F8740358C394024003FA
:10F5200002F68FE81313543F540F6403600302F68E
:10F530008FE8A2E75020A3E0F9740759F874016836
:10F54000700302F68FE8C39403400302F68FE9A22A
:10F55000E7500302F68F8A828B83A3A3A3A3E02440
:10F5600020FAE43400FB121AA48A088B09AE08AF13
:10F5700009EA4F700302F68F8A828B83A3E4F08A34
:10F58000828B837402F0E50C2425F582E4350DF5B9
:10F590008312147A8E828F83A3A312146EE50C2437
:10F5A0001CF508E4350DF509750A0078081211916B
:10F5B0007C097D00EE240F12F6AD1211C3E50C2478
:10F5C00013F508E4350DF50978081211917C097DD1
:10F5D00000EE240612F6AD1211C3E50C242D12F62E
:10F5E000A0241A12F692242B12F6A0241812F692D6
:10F5F000242FF582E4350DF583E0C0E0EE241DF5FF
:10F6000082E43FF583D0E0F0E50C2431F582E43567
:10F610000DF583E0C0E0EE241CF582E43FF583D0D5
:10F62000E0F0E50C2432F582E4350DF583E0C0E02E
:10F63000EE241EF582E43FF583D0E0F0E50C2404CF
:10F64000F50EE4350DF50F850C82850D83A3A3E03F
:10F65000F508A3E0F5097808121191850E82850F4F
:10F6600083E0FC7D00EE242012F6AD1211C3850E5E
:10F6700082850F83E0C0E0EE241FF582E43FF5832E
:10F68000D0E0F0EEFAEFFB901A4FE0F9121AB00258
:10F69000F4AAF582E43FF583E8F0A3E9F0E50C2253
:10F6A000F582E4350DF58312F339F9EE22FAE43FE1
:10F6B000FB121A74740322C082C0837A00790F127D
:10F6C000170E02FA3D74F5120CB589088A0AEA6031
:10F6D0002F14602C14600A24FE601B24FC6021801F
:10F6E0000B7CE87D037B057A01121714900488E0F7
:10F6F000F97F03020F137CE87D037B057A3280E9F2
:10F7000075090153080F7E8A7F04801CE06401F0B4
:10F71000E0FAA909121720E5096208E509C333F5E3
:10F7200009EE2409FE50010FE50860C0550960EBA1
:10F730007408650A8E828F8360D2E50A80D174F2E4
:10F74000120CB589088A0B8B0A8C0C8D0DE970039D
:10F7500002F808EB700302F808EC4D700302F80899
:10F76000EBC39464400302F80475090153080F7E4B
:10F770008A7F048071550960608E828F83E0C39414
:10F7800002500D900488E05509F8900489E048F093
:10F790008E828F83E4F0A3A3A3E50CF0A3E50D1202
:10F7A000F9DEA3A3E50A12F9DEA3E50BF070078EDC
:10F7B000828F837404F0121C12EAF8EBF9ECFAED74
:10F7C000FB8E828F83A3A3A3A3A312146E8E828FBA
:10F7D00083E0D2E1F0E5096208E509C333F509EEFB
:10F7E0002409FE50010FE508708B7A207B009004FD
:10F7F00080E0F9121C007A207B00900480E0F9126E
:10F800001AE680097A0180027A0012170E7F06023A
:10F810000F1374E8120CB574FF12125B75140075A7
:10F82000150075160175170F7E8A7F049004AEE0EF
:10F83000600302F9CEE5175516700302F9998E821E
:10F840008F83E0A2E1400302F995121C128A0C8B0F
:10F850000D8C0E8D0F8E828F83A3A3A3A3A3780894
:10F860001214527808790C121414500302F96B8E9A
:10F87000828F83A38582088583098E828F83E0A28D
:10F88000E05029A3A3E0F87464C39812F9D8E0C249
:10F89000E0F07A00A9161217208E828F83E0A2E290
:10F8A0004036850882850983E014801485088285A6
:10F8B0000983E0700E8E828F83E0A2E2400564022D
:10F8C000F080158E828F83A3A3E012F9D8E0D2E0F6
:10F8D000F07A01A9161217208E828F83E0A2E150E0
:10F8E00064851882851983E0F508E4F509F50AF5C1
:10F8F0000B8E828F83A3A3A3E0F510A3E0F511E4A0
:10F90000F512F51378087910120BC69086C278109C
:10F9100012145278087910120C46850810850911C6
:10F92000E4F512F513780C79101213028E828F838E
:10F93000A3A3A3A3A3E50CF0A3E50DF0A3E50EF0AC
:10F94000A3E50F8023750800750900900489E05530
:10F950001660047A0180027A00A91612170E74FF4D
:10F960006516F8900489E058F0800DE508C3950C01
:10F97000F508E509950DF509E51445156011E5084B
:10F9800045096011C3E5089514E5099515500685EC
:10F990000814850915E5166217E516C333F516EE4A
:10F9A0002409FE50010FE517600302F835E5144500
:10F9B00015601BE4F516F517781412118D7A207B6B
:10F9C00000900480E0F9121BF474041211C3740156
:10F9D0001211C37F10020F13851882851983F08ED0
:10F9E000828F8322C082C083E9A2E0500B74016A37
:10F9F0007004C2808002D280E9A2E1500B74016AD7
:10FA00007004C2818002D281E9A2E2500B74016AC3
:10FA10007004C2828002D282E9A2E3500B74016AB0
:10FA20007004C2838005D283EA6007900488E049AD
:10FA3000800974FF69F8900488E05880049004AE4F
:10FA4000E4F0D083D082021157C082C08390054277
:10FA5000E4F0900549F002FBF374F7120CB5E9FEEF
:10FA6000900542E0600312165A9005427401F0902E
:10FA70001CA1E06008791D121A0202FB5BEE9005E2
:10FA800043F0640270051217EC804AE060076401DD
:10FA9000600312165A900546E4F0901B5EE0F8A34E
:10FAA000E0C8240EF582E438F583E0544060059008
:10FAB000050480039004E6E090054412FBBA70123E
:10FAC0009004CDE0600C900544E0C39403400374BF
:10FAD00002F01219CC900549E0705A901B5EE0F8D4
:10FAE000A3E0F9E849700312165A12FDC0E0F8A32A
:10FAF000E0F98882F583E05420900548F0888289F7
:10FB000083A3A3E0900547F0901B5EE0FAA3E0F525
:10FB1000838A82A3A3A3A3E0FAE824FFF582E93451
:10FB2000FFF58374022AF075E1EE74012AF9AA82C6
:10FB3000AB83121888A2AFE433F8C2AF90052DE072
:10FB4000700E90052FE0700890054212FC28800B83
:10FB50009005427402F0E8A2E092AF02FD1574F63F
:10FB6000120CB51218B8E9F975080175090090056D
:10FB700044E07808121387E508145990054512FBF4
:10FB8000BA70051217E080031217DA7F02020F1312
:10FB9000C082C0839061A4E0C2E0F090052FE4121F
:10FBA000FBBA640270051217F2800DE06403700561
:10FBB0001217F880031219D88039F0900543E0221B
:10FBC000C082C083900543E07014122F14E9F890AE
:10FBD0000545E0C3984007791C121A0280031217EA
:10FBE000E68010C082C083900549740112FBBAF907
:10FBF0001219C6D083D082021157C082C0839005EB
:10FC00002DE0700690052FE0600312165AA2AFE4B3
:10FC100033F8C2AF900542E06402700512FC288000
:10FC200005E8A2E092AF80CB7483F0E8A2E092AF47
:10FC30001219D222C082C083900543E0600764019C
:10FC4000600312165A9005427404F01219A8900528
:10FC500046E004F0F89004E5E0C398500779E1121B
:10FC60001A0280329004F1E0FA900544E079002411
:10FC700001F8500109EAFCC3E89CE99400A2D265AE
:10FC8000D0335004E0048001EAF01219CC90054210
:10FC90007483F01219D802FBF374F7120CB5A2AFFB
:10FCA000E433FEC2AF900542E06483702790052DD7
:10FCB000E0600312192A900548E0900542700F7425
:10FCC00085F0EEA2E092AF7900121A02800B7486E2
:10FCD000F0121804EEA2E092AF803A74F7120CB55D
:10FCE000E9FF8A08A2AFE433FEC2AF900542E064A8
:10FCF00086701D12FD3F900547E06F700CE50860AF
:10FD000004791B80067900800279E9121A028005C5
:10FD1000EEA2E092AF7F01020F1374F7120CB5A2AE
:10FD2000AFE433FEC2AF900542E06486700A12FD74
:10FD30003F79E9121A028005EEA2E092AF80D674F4
:10FD400087F012180AEEA2E092AF2274F7120CB5F7
:10FD5000E9FE900549E4F0900542F0900506E06068
:10FD60000590052DE4F01219A81218DC1218E8EE1F
:10FD7000F9122F32809F74F4120CB5901B5EE0F8DC
:10FD8000A3E0F9E849700312165A1217AA8A088BE1
:10FD9000098C0A8D0B12FDC0A3A3A378081214349A
:10FDA0001218408A08901B5EE0FAA3E0CA2409F505
:10FDB00082E43AF583E508F0A3EBF07F04020F1329
:10FDC000901B5EE0F8A3E0F5838882A3A322C082A3
:10FDD000C083900481E4F053F4F753FEF753F5FE2B
:10FDE00053FFFE900482F0A3F0900484F002FF35EC
:10FDF00074F7120CB5E9900485F0900482EAF0A340
:10FE0000EBF0900485E06034538CF7438C08438D0D
:10FE100008439A10758AF753ACF743AC0843AC011A
:10FE2000439A02758BFE900484E0640170207A107E
:10FE30007B00900480E0F9121C008012538DF75370
:10FE40009AEF7A107B00900480E0F9121AE6900491
:10FE5000847401F0FF020F13EEF97F01020F13C04B
:10FE600082C0837900A2A050051216A2E9F990047D
:10FE700085E07009900481E0696026E9F0A2934072
:10FE800004E9D2E5F9900482E0FAA3E0FBEA4B60D2
:10FE9000107A00900482E0F8A3E0F5838882120EC5
:10FEA0002D02FF3574F7120CB57E00EEFF7A017952
:10FEB00006121648EAF874FE2AC394255005EED2BD
:10FEC000E0803274B62AC3940F5005EED2E180254B
:10FED00074C42AC3940E5005EED2E3801874D92A54
:10FEE000C394155005EED2E4800B74A72AC3940C7A
:10FEF0005004EED2E2FEEF6E70B102FE58C082C036
:10FF0000837800E58AA2E35005758AF77801E58BCE
:10FF1000A2E05005758BFE8005E8A2E050179086A0
:10FF2000BE120FDC7A107B00900480E0F9121BF403
:10FF300074041211C3D083D082021157D083D082AF
:10FF4000021157C082C0838019198C828D83E08A88
:10FF5000828B83F0A3AA82AB838C828D83A3AC8235
:10FF6000AD83E970E480D5C082C083801D198A8288
:10FF70008B83E08C828D83F08A828B83A3AA82ABF1
:10FF8000838C828D83A3AC82AD83E970E080AD74F5
:10FF9000F7120CB5EAFEEBFF8908E9700312165A56
:10FFA0008E828F83E0F5D9A3AE82AF831508E50872
:10FFB00070EE7F01020F1374F7120CB5EAFEEBFF2F
:10FFC0008908E9700312165AE5D98E828F83F0A34F
:10FFD000AE82AF831508E50870EE80D6FFFFFFFF05
:10FFE000FFFFFFFFFFFFFFFFFFFFFFFFFFFFFFFF21
:10FFF000FFFFFFFFFFFFFFFFFFFFFFFFFFFFFFFF11
:020000040007F3
:1080000074F1120CB574EE12125B7E00122392E929
:10801000F8A2E050027E0175084B75091C78081221
:1080200011957C017D007A5512819D1211C3E97072
:108030000AEEA2E05005790012316C7A247B00121E
:108040001BB28A088B097A357B00121BB2EA4B708F
:108050006A7402650845097062A818A91988088918
:10806000097808121195750802750900780812112F
:10807000957C007D007A247B00121BBE74041211D3
:10808000C3851882851983E0F8A3E0F9901D87E87D
:10809000F0A3E9F0A3E4F0A3F075088775091D7853
:1080A000081211957C047D007A3512819D1211C34E
:1080B0007C027D007A247B00121BC47AC07B197974
:1080C000E21223AAEEF912238C7C107D0079007451
:1080D00002121233121A86901DC1E060046401700E
:1080E0004F750CBF750D39750E80740212122B88F6
:1080F000088909750A0078081211917C107D00A981
:108100000CAA0DAB0E121A8074031211C3E9600A97
:10811000740212123312230E8016780C1211917C05
:10812000107D007405121233121A7474031211C3F5
:10813000740212122B8808890978081211957C1094
:108140007D007A6212819D1211C3E97025EEA2E0D2
:1081500050207808121195750810750900780812DA
:1081600011957C007D007A627B00121BB8740412AA
:1081700011C37C107D0079007402121233121A862A
:10818000EEF9123256EEA2E050077A01790012237E
:1081900098790074121211C37F07020F137B00122B
:1081A0001BAC74022274F2120CB5890D750C009090
:1081B00019D67401F0801A12119578081211957C65
:1081C000007D00EEFAEFFB121BBE74041211C30512
:1081D0000CE50C75F006A4F8A9F074C728F8743201
:1081E00039F98882F583E493FA740193FBEA4B60D2
:1081F0006CA3A3A3A3E493F50A740193F50B8882FF
:108200008983A3A3E493C0E0740193F583D08285AE
:10821000820885830988828983E493C0E07401938E
:10822000F583D082AE82AF83780A121195AC08AD87
:1082300009EEFAEFFB12819F1211C3E97091E50D6F
:10824000780A70030281B712119578081211957C93
:10825000007D00EEFAEFFB121BB80281CA7F060216
:108260000F1374F6120CB574FF12125B1282B31264
:1082700011957C017D007A0312819D1211C3E97072
:1082800020780812119575080175090078081211F7
:10829000957C007D007A037B00121BBE74041211D2
:1082A000C3851882851983E0F974011211C37F0216
:1082B000020F13851882851983E4F0A818A919887C
:1082C00008890978082274F6120CB574FF12125B43
:1082D000E9FEEAFF1282B3121195750801750900D3
:1082E00078081211957C007D007A037B00121BBE7A
:1082F00074041211C3E9F9703E74FF6E700A851898
:1083000082851983E04F800C74FF6FF88518828591
:108310001983E0581282BA12119575080175090087
:1083200078081211957C007D007A037B00121BB83F
:1083300074041211C3E9F90282A9C082C0839005B6
:108340002A740BF090052974FFF0900528F0900531
:108350002B8018C082C0831218F4121900800DC03F
:1083600082C0831218348004F0EBA3F0D083D08253
:10837000021157C082C083906180E0F8E96004D2A6
:10838000F08002C2F0A2F0E43333FA74FD584A8060
:10839000DAC082C083EA90617280CDC082C083EA75
:1083A00090617480C3C082C083EAFCEBFD79087AD7
:1083B0006A7B6112187C80B474F7120CB5E9FE90E8
:1083C0007803E0F8749568600574346870067A5331
:1083D0007B3980047A717B398A828B83E493F8C37A
:1083E0009EA2D265D033400EA3E493F8E9C398A2CD
:1083F000D265D0335002E8FEA2AFE433F9C2AF8AAF
:10840000828B83E4939E2402FCEA2CF582E43BF504
:1084100083E49390052B1284A9600574346870116D
:1084200090052BE064FD90052C700474018001E43C
:10843000F0E9A2E092AF1218DCEEF902857AC08270
:10844000C083A2AFE433F9C2AF90052BE0F89005EA
:1084500028E068604C90052FE07046900542E0A24D
:10846000E7403E90052BE09005281284A960057432
:1084700034687025900528E0906190F090052CE01C
:108480009061AC600A74F5F090619174748011741D
:1084900055F090619174698007900528E090619093
:1084A000F0E9A2E092AF02836CF0907803E0F874F8
:1084B00095682274F7120CB5E9FF74F529C394137B
:1084C000400312165AA2AFE433FEC2AFEF90052A62
:1084D000F0900542E070031218E8EEA2E092AF02BD
:1084E000857AC082C083900542E0600312165AA2CA
:1084F000AFE433F8C2AF90052AE0F9900529E069AE
:10850000602690052AE0900529F0E8A2E092AF12DB
:1085100019B475F005900529E0A424D490618FF07A
:1085200012192A1219A28005E8A2E092AF02836C08
:1085300074F7120CB5E9FE901CA1E0600312165A04
:1085400090052EE0600312165AEE700790052E7407
:1085500001802674036E700790052E7403801A74D0
:10856000016E600874026E600312165A90052E7434
:1085700002F090617274FFF0A3F07F01020F13C04C
:1085800082C08390052EE4F09004E7E0906172F0E1
:108590009004E8E090617302836BC082C08312187C
:1085A0006A02836CC082C083121870E924B7F91282
:1085B000190602836CE9FCC394A9A2D265D033509A
:1085C000047CA9800DE9C3940BA2D265D03340028C
:1085D0007C0AECF83395E0F9E8245750010975F06E
:1085E000FFA4F8AAF075F0FFE9A42AF97A617B00EC
:1085F000120B65E8F902115774F7120CB51219063F
:1086000002857AF075E1E275E1FF028705A9A8C24B
:10861000AF75C300AAA2A8A3E9A2E792AFE8F9EA5E
:10862000F87A007B02120B65E8F9021157C082C08C
:10863000839061A4E0A2E4500312165A759C019045
:1086400061E47401F075E1E275E1FFA8A8C2AF75BD
:108650009B007591EFE8A2E792AFA8A8C2AF759B07
:10866000007591F7E8A2E792AF028705C082C08348
:1086700012869F75E1B875E10F75E1D075E1D0758F
:10868000E1D075E1D08063C082C08312869F75E11E
:108690001775E18175E11075E1D275E181804B12AA
:1086A00017D475E1BC22C082C083900545E090617B
:1086B000E2F075A1FDA2AFE433FAC2AF75C300A822
:1086C000A2A9A39004B9E094125008E87005E970DB
:1086D00002780175C30388A289A3EAA2E092AF12CF
:1086E00087661219AE75E1E1801B75E11075E1D264
:1086F00075E1D975E10175E10975E1BA75E10175B9
:10870000E1C575E1D2D083D082021157C082C08307
:1087100012869F80DB74F7120CB5128766A2AFE455
:1087200033F508C2AF75C300E5A2AFA4740F5FF8BC
:10873000740F98FE9061E2F012199C90054074014C
:10874000F075E1E175C300E5A2E5A46F600DEEC32D
:108750009402400774FF2E9061E2F0E508A2E092D7
:10876000AF7F01020F139061A4E0D2E4F0E0D2E306
:10877000F022C082C083900545E09061E2F002865D
:10878000DFC082C0839061E4E070179061A4E0A232
:10879000E4500FE0C2E4F0E0A2E35003121810121C
:1087A00019F002870574F4120CB59061A4E0A2E4FC
:1087B000500312165A1217CEE9F5089004CAE0FECB
:1087C000C39415500312165A74EC25082EFE75F04A
:1087D0001484FF75F014A4CE9EFE0F9061E4740221
:1087E000F0EF9061E2F0EEC39415400312165A7553
:1087F000A1FDA2AFE433FAC2AF75C303EEF50A756B
:108800000B007409780A121387F8A90B9004B9E0D9
:10881000C394125006E97003087900E8F5A2E9F55F
:10882000A3EAA2E092AF75E1E275E1FFA8A8C2AFAA
:10883000759B007591EFE8A2E792AF75E1BC75E119
:10884000B875E1D29061A4E0D2E4F075E1E11217CD
:10885000CEE9C39508500A9061E2E06F7003E0141E
:10886000F07F04020F13C082C0839061A4E0C2E4D1
:10887000028603C082C0839061A4E0C2E3F0121AB2
:1088800008028705C082C0839061A4E0C2E4F09032
:1088900061E4E070051219F08015E06401700512C2
:1088A00019EA800BE06402600312165A1219FC02E6
:1088B000870574EF12125B79FF121AF853BEFBE5BD
:1088C0009DA2E650FA0078F8790100E824FF18E943
:1088D00034FFF9E84970F375C600E59E70FC43BEAD
:1088E000049062707408F0D28043FD01D28143FD90
:1088F00002D28243FD04D28343FD08438F017E10E0
:10890000794E12164EE960F81EEE70F47900121AD4
:108910003812166C7A007B00121BA612239E1224BA
:108920000A122386121AFE79FF121AF27902121A1B
:10893000387886790B7A0088828983E0C4540FFCEA
:10894000EAFE74012EFAECC3940A50047B308002D4
:108950007B37EC2BC0E0851882851983E5822EF5E4
:1089600082E43583F583D0E0F088828983E0540F78
:10897000FCEAFF74012AFAECC3940A50047B3080AD
:10898000027B37EC2BC0E0851882851983E5822FA6
:10899000F582E43583F583D0E0F0E824FF18E9346C
:1089A000FFF9EAC39410408F74101214A9E4F0790F
:1089B000FF7A447B861216B479FFAA18AB191216F7
:1089C000B479FF7AEF7B811216B4121B047A007B14
:1089D0000074111211C302115774EE120CB574F821
:1089E00012125B9085FFAC18AD1974081210D37584
:1089F000087F75090BF50AA818A919880C890DF5C7
:108A00000EF510F51178101211957C087D007A0191
:108A10007B00121BAC74021211C3E9704675107F03
:108A200075110B78101211957510087511007810DA
:108A30001211957C007D007A017B00121BBE74042C
:108A40001211C3E9701D780C1211917C087D00A9E8
:108A500008AA09AB0A121A8074031211C3E9700341
:108A6000028B2E75100878101211957C7F7D0B7A81
:108A7000E87B07797F12167E74021211C3780C12FC
:108A800011917C087D00A908AA09AB0A121A80740A
:108A9000031211C3E96071780C1211917C087D00FA
:108AA000790C7A787B00121A8074031211C3E97072
:108AB0001D75080C75097878081211917C087D00E5
:108AC0007A7F7B0B121A7474031211C3803A7E00F2
:108AD000121A9E8A08EEFA747F2AF582E4340BF5A6
:108AE00083E508F00EEEF8128B41EBF00EEEC39426
:108AF0000640DD08128B417420F008747F28F5824F
:108B0000E4340BF58374F8F075087F75090B780869
:108B100012119575080875090078081211957C00E6
:108B20007D007A017B00121BB874041211C37A7F96
:108B30007B0B79E21223B074081211C37F0A020F73
:108B400013747F2EF582E4340BF58322C082C08338
:108B50007A1A7B00122440122DA6901DAEE064010B
:108B60007003122DCAD083D08202115774F6120CF2
:108B7000B5121A9EEA901A64F0901A757402F09079
:108B80001A687414F0901A8C740FF0A3F0901DA45E
:108B9000E0901A6BF0901DA3E0901A65F0901DA272
:108BA000E0901A66F0901A6CE4F0A3F0901A6F044B
:108BB000F0901ACCF0901A707405F0A37401F09044
:108BC00018B6E0901A72F0901D9CE0901A73F0A312
:108BD000E4F0901DA0E0901A76F0901DA1E0901AAC
:108BE00077128C78A3E4128C787C087D0079007A67
:108BF0007D7B1A121A86901A8574FEF0A304F07C0D
:108C0000C07D197A997B1A121C2A901AA1E4F0905F
:108C10001AC6740FF0A37403F09019C9E0901ACA31
:108C2000F09019C8E0901AC9F0901DA6E0901ACBF8
:108C3000F0901AC87401F07508CD75091A780812F9
:108C4000119575080275090078081211957C007D50
:108C5000007A897B00121BBE74041211C3E96007FD
:108C6000901ACDE4F0A3F07900122C32901ACFE4E0
:108C7000F0A3F07F02020F13F0A374FEF0A304F040
:108C80002274F0120CB58A0A8B0B8C088D098C0C9F
:108C90008D0DE4F50EF50F780A120E810000080024
:108CA0000200638D0400508D0500C28C0600248DE7
:108CB0000700348D0110488D03106D8D0410928DC6
:108CC0009D8D901A78E0F8A3E0F9E849700979FFE2
:108CD0007ABB7B841216B4901A78E0FCA3E0FDEC1A
:108CE0004D602074FE6C700374FF6D6016750AFF92
:108CF000780A12119979107A1F7B861216C67401B0
:108D00001211C3750AFF780A1211997910AC08ADD7
:108D1000097A457B851216C674011211C3790212B5
:108D20001A688079750AFF780A12119979107A1FEA
:108D30007B86802A7A507B84EC4D70067C697D8628
:108D400080587C367D86805279FF7A707B848023C0
:108D5000750AFF780A12119979107A0F7B8612161C
:108D6000C680287C077D867A7A7B85802D79FF7A7C
:108D70007F7B841216B47508FF7808121199791058
:108D8000AA0CAB0DAC0EAD0F1216BA74011211C3C2
:108D9000800B7C2D7D857AD57B841216C07F0802DE
:108DA0000F1374F6120CB5E9FEEAF8EBF9EE241F86
:108DB000600424F07013EC5430600E121A9EEA54D2
:108DC0000779002402F8500109E8FAE9FB028C73E4
:108DD000C082C08390379D7CCA7D04745E1210B13E
:108DE0001218B8E99004E3F01218B8E99004D7F02B
:108DF000D083D082021157E9F874C029F9C3941EB8
:108E00004010742028C3940F5006743E28F9800245
:108E1000792D02115774F3120CB5EAFEEBFF128E96
:108E20007F700479F4805385A80BC2AFE9F508750B
:108E300009007402780812138774112508FA743433
:108E40003509FB8A82F583E493F874CA28F508E4AF
:108E50003404F509750A0078081211918A828B830F
:108E6000A3E493FC7D00EEFAEFFB121A7474031274
:108E700011C3E50BA2E792AF79007F05020F131231
:108E8000189AE9F8742D682274F1120CB58908EA71
:108E9000FEEBFF74F169701F8A828B83E0640179B5
:108EA00002700F121996A908128E7F702D79F402A4
:108EB000901C12198A80EF74F069700F8A828B837C
:108EC000E0901BE6F0F91218BE80DB74456970D69D
:108ED0009004CFEAF0A3EB029019E9F50A750B00B4
:108EE0007402780A1213877411250AFA7434350B48
:108EF000FBEA2402F8E43BF98882F583E493F50960
:108F0000EA2403FCE43BFDE50970088C828D83E4D0
:108F10009360538C828D83E4936509700579FB021D
:108F2000901C74586508701A8E828F83E02471F546
:108F30000AA3E034FFF50BC3E50A9422E50B946421
:108F4000501F8E828F83E0F50988828983E493F82D
:108F5000E509C398400B8C828D83E493C395095037
:108F60000579E802901C85A809C2AF8E0C8F0D759B
:108F70000E00780C1211918A828B83A3E493FC7DFE
:108F8000008A828B83E493F874CA28FAE43404FBE1
:108F9000121A7474031211C3E509A2E792AFE5082F
:108FA00024B0601A24FE60301460202473604E14D4
:108FB000603814603F24FD604E146055805C90045E
:108FC000E7E0FAA3E0FB1218C4804F9004EBE0FA4C
:108FD000A3E0FB1218CA80429004EAE0790260051F
:108FE00012198A803512199680309004FAE0F9122D
:108FF00018E280267AFB7B041218D0801D9004F9B9
:10900000E0F91218D680138E828F83E090050680D7
:10901000088E828F83E0900507F079007F07020FAA
:1090200013C082C083901797E4F0A3F0901799744F
:1090300099F0A3740BF0900B997470F0A37402F084
:10904000900E09F0A37480F0A3748CF0A37409F05F
:10905000D083D08202115774F6120CB57A017B00CE
:10906000121B348A088B09AE08AF09EA4F7003124D
:10907000165A85A808C2AFEE24FEF8EF34FFF99027
:109080001799E8F0A3E9F0EEFAEFFB121B3A9017FC
:109090009B7401F0E508A2E792AF7F02020F137400
:1090A000F2120CB57C007D007E00EA2402FAE43B5B
:1090B000FBA2AFE433FFC2AF90179BE06008EA94D5
:1090C00011EB9400500A901799E0F8A3E0F980049E
:1090D000780B790E88828983E0F508A3E0F50954BE
:1090E0008060057E0002917CEEA2E0507C8C828D37
:1090F00083E0F50AA3E0F50B5480F50DE50A250899
:10910000F508E50B3509547FF509E50D4509F50925
:109110008C828D83E508F0A3E509F0547FF509C33F
:10912000E5089AE5099B4054ECF8EDF9E84970032D
:109130000291EA88828983E0FCA3E0547FFDECC3BE
:109140009AFCED9BFDC3EC9404ED9400405DE82A8D
:10915000F582E93BF583ECF0A3EDF0EB4480FB886E
:10916000828983EAF0A3EB804AE509547FFDC3E5D9
:10917000089AED9B50B67E01E8FCE9FD8882898360
:10918000E0F508A3E0547FF509E82508F8E935097A
:10919000F98882F583E0F508A3E0F509E5084509BB
:1091A00060030290D478007900803F88828983A38D
:1091B000E04480F090179BE06029901799E0FAA3B3
:1091C000E0FBE86A7002E96B701988828983E0FA33
:1091D000A3E0547FFBE82AFAE93BFB901799EAF0F9
:1091E000A3EBF0E82402F8500109EFA2E092AFE807
:1091F000FAE9FB7F06020F1374F7120CB5EA24FE9E
:10920000FEEB34FFFFC3EA9499EB940B4009C3EAE9
:109210009499EB9417400312165A8E828F83A3E021
:109220005480700312165AA2AFE433FAC2AF8E8292
:109230008F83A3E0547FF0901799E0F8A3E0F9EE54
:1092400098EF995008901799EEF0A3EFF0EAA2E09A
:1092500092AF7F01020F13C082C08390874A12141D
:10926000921218529086D212149212179E75A1F77C
:1092700043A70875A1EF43A7108012C082C0835393
:10928000A7EF53A7F71217928003121492D083D03E
:109290008202115774F0120CB58A088B098C0A8D62
:1092A0000B129373121414400312165AAEA8C2AFD5
:1092B0009004B17808121434AA08AB09AC0AAD0BBB
:1092C00012185E02937B74F4120CB5AEA8C2AF12F2
:1092D00018468A088B098C0A8D0BEEA2E792AF9094
:1092E00004B1780812113250087A007B007C007DAE
:1092F000007F04020F1374F4120CB5AEA8C2AF12B3
:10930000184C8A088B098C0A8D0BEEA2E792AF905D
:1093100004B1780812113250087A007B007C007D7D
:109320000080CE74F0120CB58A088B098C0A8D0B64
:109330009004B17808121132500312165AA2AFE409
:1093400033FEC2AF9004B57808121434AA08AB09F2
:10935000AC0AAD0B121858129373121287700D7568
:10936000A1EFEEA2E092AF1231128005EEA2E092E0
:10937000AF800D1293887808790C22EEA2E792AFA5
:109380007F08020F130211571218468A0C8B0D8C9E
:109390000E8D0F22C082C08312311202928DC082C4
:1093A000C08312187612311E02928DC082C0839043
:1093B00004B102928A74EC120CB5750C00750D00A4
:1093C000750E00750F00AEA8C2AF1218648A088B24
:1093D000098C0A8D0BEEA2E792AF900B8B780812E6
:1093E000129C70030294F08A108B118C128D1390D2
:1093F0000B8B781012124390869E78101211324017
:10940000030294F0900B8B7808121434801090872C
:10941000467810121315908742780C121315908716
:109420003E781012113240E6750819750900780867
:1094300012119574037810121113900B8FE0F50838
:10944000A3E0F509E4F50AF50B7810790812130288
:10945000AA10AB11AC12AD13120E3074021211C36C
:109460008A108B118C128D137410781012121278CE
:109470000C7910121302900B8FEAF0A3EBF0A2AF5D
:10948000E433FEC2AF900B91780C12133B90869A96
:109490007808121452900B91780812140440417508
:1094A00008E87509037808121195900B911214922F
:1094B000120E3074021211C38A108B118A088B09A4
:1094C0008C0A8D0B74107808121212900B95780884
:1094D00012133BA810A911E4FAFB900B9112146E21
:1094E000EEA2E092AFAA0CAB0DAC0EAD0F121C0CAD
:1094F0007F0C020F13C082C083900541E4F09005F9
:1095000040F08004A2E092AFD083D0820211577461
:10951000F7120CB5E9FF700312165AAEA8C2AF904D
:109520000541E04FF01219AEEEA2E78003EEA2E093
:1095300092AF7F01020F1374F7120CB5E9FE7003AE
:1095400012165AA8A8C2AF900541E04EF0E880D9A3
:1095500074F7120CB5E9FE700312165AA8A8C2AF30
:1095600074FF6EF9900541E059F0E8A2E792AF125E
:1095700019A880BEC082C083A8A8C2AF900541E4EC
:10958000F090054012961AE8A2E792AF12192A024B
:10959000950874F7120CB5A2AFE433FEC2AF900584
:1095A00041E060031219AE808474F7120CB5A2AFCB
:1095B000E433FEC2AF900541E0701990052DE0A2A2
:1095C000E7401190052FE0700B900542E0A2E740C4
:1095D000031219B402952DC082C083A2AFE433F800
:1095E000C2AF900540E070067401F075E1E3E80257
:1095F0009504C082C083A2AFE433F9C2AF900540A6
:10960000E06013E412961AA8A8C2AF759B0075E932
:10961000FBE8A2E792AFE9029504F075E1EF75E18E
:10962000ED75E1ED22C082C0831296677020E8607C
:109630001D740268700E1296577003A3E069700ED5
:109640007901800C7403687005121C248002790073
:10965000D083D0820211578A828B83E0F8A3E0F98D
:109660008C828D83E068228A828B83A3A3A3A3A329
:10967000A3A3A3E0F88C828D83A3A3A3A3A3A3A396
:10968000A3E06822C082C0838C828D83A3A3A3A39E
:10969000A3A3A3A3E0F88A828B83A3A3A3A3A3A37A
:1096A000A3A3F07403687005121C2A80128C828DAB
:1096B00083E0F8A3E0F98A828B83E8F0A3E9F00263
:1096C000965074F6120CB5750808EAFEEBFF8E8210
:1096D000F583A3AA82AB83ECF8EDF98882F583A326
:1096E000AC82AD838E828F83E0FE88828983E06EB8
:1096F0006004790080081508E50870CE79017F02C2
:10970000020F1374F5120CB58C088D09750A0078D8
:10971000081211917C087D00121A7474031211C38F
:109720007F03020F13C082C0839004577480F0D06F
:1097300083D08202115774F6120CB5E9FCEAFD7968
:1097400001ECC39408500E78008005E9C333F90892
:10975000E8C39C40F6E942F2EA1460081460091478
:10976000600A800C7800800A7810800678208002D9
:109770007830900457E0FAEC484AF5B6E5B4A2E731
:1097800050FA74FF6952F2E5BAFAA9BBE9FBC39437
:1097900000A2D265D03350047A007B00ED1460083B
:1097A00014600D14601280188A088B0974088016E2
:1097B0008A088B097406800E8A088B097404800657
:1097C0008A088B09740278081213E4AA08AB097F8F
:1097D00002020F1375B60FE5B4A2E750FAE9C3957C
:1097E000BB500479018002790002115775B60FE56C
:1097F000B4A2E750FAE5BBF9021157C082C083E971
:10980000900480F0D083D082021157C082C08312AE
:109810001642121660122E0C1216AE1217081216ED
:109820009080E174F6120CB5EAFEEBFF54806018EC
:109830008003121AAA900480E0F9121ABCEA4B7055
:10984000F1EEFAEF64808037EA5420600812171AAC
:10985000EE64208028EA5410602812169C9004853B
:10986000E070179086C2120FDC7A107B00900480A3
:10987000E0F9121BF474041211C3EE6410FAEFFB4A
:1098800080047A007B007F02020F13021157F0D090
:1098900083D082021157C082C0839061A5E0D2E2DA
:1098A000F09004B9E0C39412502D9004E7E0906169
:1098B00072F09004E8E0906173F09004EBE0906146
:1098C00074F09004ECE0906175F079087CFB7D0405
:1098D0007A6A7B6112187C906180E4F0E044098030
:1098E000ADC082C0831220D49018C17410F0A3744C
:1098F000C1F0D083D082021157C082C0839018B4C7
:109900007401F0A37440F0A3748EF0A3E4F0A3F00C
:10991000A37450F0A374A0F0A3E4F09018BE74A058
:10992000F0A3E4F09018BDE0442AF09018C0E48061
:10993000C0C082C08312182E1218AC1219841219DA
:10994000181219C01217928025C082C083A2AF508E
:109950000312165A901CA1E070061219241218B2B4
:109960001217981219BA9005067401F08000D0837E
:10997000D082021157021157C082C083901CA1E00F
:109980006033E59E70FC439403E594A2E250FAE054
:109990006402700812191212191E8011E06401602D
:1099A0000312165AE59DA2E6400312165A901CA116
:1099B000E4F01219A2D083D08202115774F4120C71
:1099C000B58A088B098C0A8D0B908686780812114F
:1099D00032500C750896750951750A18750B009070
:1099E00086827808121315901C9D78081214347F13
:1099F00004020F1374F7120CB5EAF8EBF98005A313
:109A0000AA82AB838A828B83E070F48C828D83E0A0
:109A1000FEA3AC82AD838A828B83F0A3AA82AB8340
:109A200070E9E8FAE9FB7F01020F13C082C083905E
:109A3000185A7410F07420A37810F0A3D8FC901872
:109A40006BE4F0901D0404F090186CE4F0A3F09027
:109A5000184D7402F0D083D082021157C082C083A7
:109A6000851882851983E0F8A3E0F9E84960128A35
:109A7000828B83ECF0A3E824FF18E934FFF94870E7
:109A8000F2D083D082021157FFFFFFFFFFFFFFFFDD
:109A9000FFFFFFFFFFFFFFFFFFFFFFFFFFFFFFFFD6
:109AA000FFFFFFFFFFFFFFFFFFFFFFFFFFFFFFFFC6
:109AB000FFFFFFFFFFFFFFFFFFFFFFFFFFFFFFFFB6
:109AC000FFFFFFFFFFFFFFFFFFFFFFFFFFFFFFFFA6
:109AD000FFFFFFFFFFFFFFFFFFFFFFFFFFFFFFFF96
:109AE000FFFFFFFFFFFFFFFFFFFFFFFFFFFFFFFF86
:109AF000FFFFFFFFFFFFFFFFFFFFFFFFFFFFFFFF76
:109B0000FFFFFFFFFFFFFFFFFFFFFFFFFFFFFFFF65
:109B1000FFFFFFFFFFFFFFFFFFFFFFFFFFFFFFFF55
:109B2000FFFFFFFFFFFFFFFFFFFFFFFFFFFFFFFF45
:109B3000FFFFFFFFFFFFFFFFFFFFFFFFFFFFFFFF35
:109B4000FFFFFFFFFFFFFFFFFFFFFFFFFFFFFFFF25
:109B5000FFFFFFFFFFFFFFFFFFFFFFFFFFFFFFFF15
:109B6000FFFFFFFFFFFFFFFFFFFFFFFFFFFFFFFF05
:109B7000FFFFFFFFFFFFFFFFFFFFFFFFFFFFFFFFF5
:109B8000FFFFFFFFFFFFFFFFFFFFFFFFFFFFFFFFE5
:109B9000FFFFFFFFFFFFFFFFFFFFFFFFFFFFFFFFD5
:109BA000FFFFFFFFFFFFFFFFFFFFFFFFFFFFFFFFC5
:109BB000FFFFFFFFFFFFFFFFFFFFFFFFFFFFFFFFB5
:109BC000FFFFFFFFFFFFFFFFFFFFFFFFFFFFFFFFA5
:109BD000FFFFFFFFFFFFFFFFFFFFFFFFFFFFFFFF95
:109BE000FFFFFFFFFFFFFFFFFFFFFFFFFFFFFFFF85
:109BF000FFFFFFFFFFFFFFFFFFFFFFFFFFFFFFFF75
:109C0000FFFFFFFFFFFFFFFFFFFFFFFFFFFFFFFF64
:109C1000FFFFFFFFFFFFFFFFFFFFFFFFFFFFFFFF54
:109C2000FFFFFFFFFFFFFFFFFFFFFFFFFFFFFFFF44
:109C3000FFFFFFFFFFFFFFFFFFFFFFFFFFFFFFFF34
:109C4000FFFFFFFFFFFFFFFFFFFFFFFFFFFFFFFF24
:109C5000FFFFFFFFFFFFFFFFFFFFFFFFFFFFFFFF14
:109C6000FFFFFFFFFFFFFFFFFFFFFFFFFFFFFFFF04
:109C7000FFFFFFFFFFFFFFFFFFFFFFFFFFFFFFFFF4
:109C8000FFFFFFFFFFFFFFFFFFFFFFFFFFFFFFFFE4
:109C9000FFFFFFFFFFFFFFFFFFFFFFFFFFFFFFFFD4
:109CA000FFFFFFFFFFFFFFFFFFFFFFFFFFFFFFFFC4
:109CB000FFFFFFFFFFFFFFFFFFFFFFFFFFFFFFFFB4
:109CC000FFFFFFFFFFFFFFFFFFFFFFFFFFFFFFFFA4
:109CD000FFFFFFFFFFFFFFFFFFFFFFFFFFFFFFFF94
:109CE000FFFFFFFFFFFFFFFFFFFFFFFFFFFFFFFF84
:109CF000FFFFFFFFFFFFFFFFFFFFFFFFFFFFFFFF74
:109D0000FFFFFFFFFFFFFFFFFFFFFFFFFFFFFFFF63
:109D1000FFFFFFFFFFFFFFFFFFFFFFFFFFFFFFFF53
:109D2000FFFFFFFFFFFFFFFFFFFFFFFFFFFFFFFF43
:109D3000FFFFFFFFFFFFFFFFFFFFFFFFFFFFFFFF33
:109D4000FFFFFFFFFFFFFFFFFFFFFFFFFFFFFFFF23
:109D5000FFFFFFFFFFFFFFFFFFFFFFFFFFFFFFFF13
:109D6000FFFFFFFFFFFFFFFFFFFFFFFFFFFFFFFF03
:109D7000FFFFFFFFFFFFFFFFFFFFFFFFFFFFFFFFF3
:109D8000FFFFFFFFFFFFFFFFFFFFFFFFFFFFFFFFE3
:109D9000FFFFFFFFFFFFFFFFFFFFFFFFFFFFFFFFD3
:109DA000FFFFFFFFFFFFFFFFFFFFFFFFFFFFFFFFC3
:109DB000FFFFFFFFFFFFFFFFFFFFFFFFFFFFFFFFB3
:109DC000FFFFFFFFFFFFFFFFFFFFFFFFFFFFFFFFA3
:109DD000FFFFFFFFFFFFFFFFFFFFFFFFFFFFFFFF93
:109DE000FFFFFFFFFFFFFFFFFFFFFFFFFFFFFFFF83
:109DF000FFFFFFFFFFFFFFFFFFFFFFFFFFFFFFFF73
:109E0000FFFFFFFFFFFFFFFFFFFFFFFFFFFFFFFF62
:109E1000FFFFFFFFFFFFFFFFFFFFFFFFFFFFFFFF52
:109E2000FFFFFFFFFFFFFFFFFFFFFFFFFFFFFFFF42
:109E3000FFFFFFFFFFFFFFFFFFFFFFFFFFFFFFFF32
:109E4000FFFFFFFFFFFFFFFFFFFFFFFFFFFFFFFF22
:109E5000FFFFFFFFFFFFFFFFFFFFFFFFFFFFFFFF12
:109E6000FFFFFFFFFFFFFFFFFFFFFFFFFFFFFFFF02
:109E7000FFFFFFFFFFFFFFFFFFFFFFFFFFFFFFFFF2
:109E8000FFFFFFFFFFFFFFFFFFFFFFFFFFFFFFFFE2
:109E9000FFFFFFFFFFFFFFFFFFFFFFFFFFFFFFFFD2
:109EA000FFFFFFFFFFFFFFFFFFFFFFFFFFFFFFFFC2
:109EB000FFFFFFFFFFFFFFFFFFFFFFFFFFFFFFFFB2
:109EC000FFFFFFFFFFFFFFFFFFFFFFFFFFFFFFFFA2
:109ED000FFFFFFFFFFFFFFFFFFFFFFFFFFFFFFFF92
:109EE000FFFFFFFFFFFFFFFFFFFFFFFFFFFFFFFF82
:109EF000FFFFFFFFFFFFFFFFFFFFFFFFFFFFFFFF72
:109F0000FFFFFFFFFFFFFFFFFFFFFFFFFFFFFFFF61
:109F1000FFFFFFFFFFFFFFFFFFFFFFFFFFFFFFFF51
:109F2000FFFFFFFFFFFFFFFFFFFFFFFFFFFFFFFF41
:109F3000FFFFFFFFFFFFFFFFFFFFFFFFFFFFFFFF31
:109F4000FFFFFFFFFFFFFFFFFFFFFFFFFFFFFFFF21
:109F5000FFFFFFFFFFFFFFFFFFFFFFFFFFFFFFFF11
:109F6000FFFFFFFFFFFFFFFFFFFFFFFFFFFFFFFF01
:109F7000FFFFFFFFFFFFFFFFFFFFFFFFFFFFFFFFF1
:109F8000FFFFFFFFFFFFFFFFFFFFFFFFFFFFFFFFE1
:109F9000FFFFFFFFFFFFFFFFFFFFFFFFFFFFFFFFD1
:109FA000FFFFFFFFFFFFFFFFFFFFFFFFFFFFFFFFC1
:109FB000FFFFFFFFFFFFFFFFFFFFFFFFFFFFFFFFB1
:109FC000FFFFFFFFFFFFFFFFFFFFFFFFFFFFFFFFA1
:109FD000FFFFFFFFFFFFFFFFFFFFFFFFFFFFFFFF91
:109FE000FFFFFFFFFFFFFFFFFFFFFFFFFFFFFFFF81
:109FF000FFFFFFFFFFFFFFFFFFFFFFFFFFFFFFFF71
:10A00000FFFFFFFFFFFFFFFFFFFFFFFFFFFFFFFF60
:10A01000FFFFFFFFFFFFFFFFFFFFFFFFFFFFFFFF50
:10A02000FFFFFFFFFFFFFFFFFFFFFFFFFFFFFFFF40
:10A03000FFFFFFFFFFFFFFFFFFFFFFFFFFFFFFFF30
:10A04000FFFFFFFFFFFFFFFFFFFFFFFFFFFFFFFF20
:10A05000FFFFFFFFFFFFFFFFFFFFFFFFFFFFFFFF10
:10A06000FFFFFFFFFFFFFFFFFFFFFFFFFFFFFFFF00
:10A07000FFFFFFFFFFFFFFFFFFFFFFFFFFFFFFFFF0
:10A08000FFFFFFFFFFFFFFFFFFFFFFFFFFFFFFFFE0
:10A09000FFFFFFFFFFFFFFFFFFFFFFFFFFFFFFFFD0
:10A0A000FFFFFFFFFFFFFFFFFFFFFFFFFFFFFFFFC0
:10A0B000FFFFFFFFFFFFFFFFFFFFFFFFFFFFFFFFB0
:10A0C000FFFFFFFFFFFFFFFFFFFFFFFFFFFFFFFFA0
:10A0D000FFFFFFFFFFFFFFFFFFFFFFFFFFFFFFFF90
:10A0E000FFFFFFFFFFFFFFFFFFFFFFFFFFFFFFFF80
:10A0F000FFFFFFFFFFFFFFFFFFFFFFFFFFFFFFFF70
:10A10000FFFFFFFFFFFFFFFFFFFFFFFFFFFFFFFF5F
:10A11000FFFFFFFFFFFFFFFFFFFFFFFFFFFFFFFF4F
:10A12000FFFFFFFFFFFFFFFFFFFFFFFFFFFFFFFF3F
:10A13000FFFFFFFFFFFFFFFFFFFFFFFFFFFFFFFF2F
:10A14000FFFFFFFFFFFFFFFFFFFFFFFFFFFFFFFF1F
:10A15000FFFFFFFFFFFFFFFFFFFFFFFFFFFFFFFF0F
:10A16000FFFFFFFFFFFFFFFFFFFFFFFFFFFFFFFFFF
:10A17000FFFFFFFFFFFFFFFFFFFFFFFFFFFFFFFFEF
:10A18000FFFFFFFFFFFFFFFFFFFFFFFFFFFFFFFFDF
:10A19000FFFFFFFFFFFFFFFFFFFFFFFFFFFFFFFFCF
:10A1A000FFFFFFFFFFFFFFFFFFFFFFFFFFFFFFFFBF
:10A1B000FFFFFFFFFFFFFFFFFFFFFFFFFFFFFFFFAF
:10A1C000FFFFFFFFFFFFFFFFFFFFFFFFFFFFFFFF9F
:10A1D000FFFFFFFFFFFFFFFFFFFFFFFFFFFFFFFF8F
:10A1E000FFFFFFFFFFFFFFFFFFFFFFFFFFFFFFFF7F
:10A1F000FFFFFFFFFFFFFFFFFFFFFFFFFFFFFFFF6F
:10A20000FFFFFFFFFFFFFFFFFFFFFFFFFFFFFFFF5E
:10A21000FFFFFFFFFFFFFFFFFFFFFFFFFFFFFFFF4E
:10A22000FFFFFFFFFFFFFFFFFFFFFFFFFFFFFFFF3E
:10A23000FFFFFFFFFFFFFFFFFFFFFFFFFFFFFFFF2E
:10A24000FFFFFFFFFFFFFFFFFFFFFFFFFFFFFFFF1E
:10A25000FFFFFFFFFFFFFFFFFFFFFFFFFFFFFFFF0E
:10A26000FFFFFFFFFFFFFFFFFFFFFFFFFFFFFFFFFE
:10A27000FFFFFFFFFFFFFFFFFFFFFFFFFFFFFFFFEE
:10A28000FFFFFFFFFFFFFFFFFFFFFFFFFFFFFFFFDE
:10A29000FFFFFFFFFFFFFFFFFFFFFFFFFFFFFFFFCE
:10A2A000FFFFFFFFFFFFFFFFFFFFFFFFFFFFFFFFBE
:10A2B000FFFFFFFFFFFFFFFFFFFFFFFFFFFFFFFFAE
:10A2C000FFFFFFFFFFFFFFFFFFFFFFFFFFFFFFFF9E
:10A2D000FFFFFFFFFFFFFFFFFFFFFFFFFFFFFFFF8E
:10A2E000FFFFFFFFFFFFFFFFFFFFFFFFFFFFFFFF7E
:10A2F000FFFFFFFFFFFFFFFFFFFFFFFFFFFFFFFF6E
:10A30000FFFFFFFFFFFFFFFFFFFFFFFFFFFFFFFF5D
:10A31000FFFFFFFFFFFFFFFFFFFFFFFFFFFFFFFF4D
:10A32000FFFFFFFFFFFFFFFFFFFFFFFFFFFFFFFF3D
:10A33000FFFFFFFFFFFFFFFFFFFFFFFFFFFFFFFF2D
:10A34000FFFFFFFFFFFFFFFFFFFFFFFFFFFFFFFF1D
:10A35000FFFFFFFFFFFFFFFFFFFFFFFFFFFFFFFF0D
:10A36000FFFFFFFFFFFFFFFFFFFFFFFFFFFFFFFFFD
:10A37000FFFFFFFFFFFFFFFFFFFFFFFFFFFFFFFFED
:10A38000FFFFFFFFFFFFFFFFFFFFFFFFFFFFFFFFDD
:10A39000FFFFFFFFFFFFFFFFFFFFFFFFFFFFFFFFCD
:10A3A000FFFFFFFFFFFFFFFFFFFFFFFFFFFFFFFFBD
:10A3B000FFFFFFFFFFFFFFFFFFFFFFFFFFFFFFFFAD
:10A3C000FFFFFFFFFFFFFFFFFFFFFFFFFFFFFFFF9D
:10A3D000FFFFFFFFFFFFFFFFFFFFFFFFFFFFFFFF8D
:10A3E000FFFFFFFFFFFFFFFFFFFFFFFFFFFFFFFF7D
:10A3F000FFFFFFFFFFFFFFFFFFFFFFFFFFFFFFFF6D
:10A40000FFFFFFFFFFFFFFFFFFFFFFFFFFFFFFFF5C
:10A41000FFFFFFFFFFFFFFFFFFFFFFFFFFFFFFFF4C
:10A42000FFFFFFFFFFFFFFFFFFFFFFFFFFFFFFFF3C
:10A43000FFFFFFFFFFFFFFFFFFFFFFFFFFFFFFFF2C
:10A44000FFFFFFFFFFFFFFFFFFFFFFFFFFFFFFFF1C
:10A45000FFFFFFFFFFFFFFFFFFFFFFFFFFFFFFFF0C
:10A46000FFFFFFFFFFFFFFFFFFFFFFFFFFFFFFFFFC
:10A47000FFFFFFFFFFFFFFFFFFFFFFFFFFFFFFFFEC
:10A48000FFFFFFFFFFFFFFFFFFFFFFFFFFFFFFFFDC
:10A49000FFFFFFFFFFFFFFFFFFFFFFFFFFFFFFFFCC
:10A4A000FFFFFFFFFFFFFFFFFFFFFFFFFFFFFFFFBC
:10A4B000FFFFFFFFFFFFFFFFFFFFFFFFFFFFFFFFAC
:10A4C000FFFFFFFFFFFFFFFFFFFFFFFFFFFFFFFF9C
:10A4D000FFFFFFFFFFFFFFFFFFFFFFFFFFFFFFFF8C
:10A4E000FFFFFFFFFFFFFFFFFFFFFFFFFFFFFFFF7C
:10A4F000FFFFFFFFFFFFFFFFFFFFFFFFFFFFFFFF6C
:10A50000FFFFFFFFFFFFFFFFFFFFFFFFFFFFFFFF5B
:10A51000FFFFFFFFFFFFFFFFFFFFFFFFFFFFFFFF4B
:10A52000FFFFFFFFFFFFFFFFFFFFFFFFFFFFFFFF3B
:10A53000FFFFFFFFFFFFFFFFFFFFFFFFFFFFFFFF2B
:10A54000FFFFFFFFFFFFFFFFFFFFFFFFFFFFFFFF1B
:10A55000FFFFFFFFFFFFFFFFFFFFFFFFFFFFFFFF0B
:10A56000FFFFFFFFFFFFFFFFFFFFFFFFFFFFFFFFFB
:10A57000FFFFFFFFFFFFFFFFFFFFFFFFFFFFFFFFEB
:10A58000FFFFFFFFFFFFFFFFFFFFFFFFFFFFFFFFDB
:10A59000FFFFFFFFFFFFFFFFFFFFFFFFFFFFFFFFCB
:10A5A000FFFFFFFFFFFFFFFFFFFFFFFFFFFFFFFFBB
:10A5B000FFFFFFFFFFFFFFFFFFFFFFFFFFFFFFFFAB
:10A5C000FFFFFFFFFFFFFFFFFFFFFFFFFFFFFFFF9B
:10A5D000FFFFFFFFFFFFFFFFFFFFFFFFFFFFFFFF8B
:10A5E000FFFFFFFFFFFFFFFFFFFFFFFFFFFFFFFF7B
:10A5F000FFFFFFFFFFFFFFFFFFFFFFFFFFFFFFFF6B
:10A60000FFFFFFFFFFFFFFFFFFFFFFFFFFFFFFFF5A
:10A61000FFFFFFFFFFFFFFFFFFFFFFFFFFFFFFFF4A
:10A62000FFFFFFFFFFFFFFFFFFFFFFFFFFFFFFFF3A
:10A63000FFFFFFFFFFFFFFFFFFFFFFFFFFFFFFFF2A
:10A64000FFFFFFFFFFFFFFFFFFFFFFFFFFFFFFFF1A
:10A65000FFFFFFFFFFFFFFFFFFFFFFFFFFFFFFFF0A
:10A66000FFFFFFFFFFFFFFFFFFFFFFFFFFFFFFFFFA
:10A67000FFFFFFFFFFFFFFFFFFFFFFFFFFFFFFFFEA
:10A68000FFFFFFFFFFFFFFFFFFFFFFFFFFFFFFFFDA
:10A69000FFFFFFFFFFFFFFFFFFFFFFFFFFFFFFFFCA
:10A6A000FFFFFFFFFFFFFFFFFFFFFFFFFFFFFFFFBA
:10A6B000FFFFFFFFFFFFFFFFFFFFFFFFFFFFFFFFAA
:10A6C000FFFFFFFFFFFFFFFFFFFFFFFFFFFFFFFF9A
:10A6D000FFFFFFFFFFFFFFFFFFFFFFFFFFFFFFFF8A
:10A6E000FFFFFFFFFFFFFFFFFFFFFFFFFFFFFFFF7A
:10A6F000FFFFFFFFFFFFFFFFFFFFFFFFFFFFFFFF6A
:10A70000FFFFFFFFFFFFFFFFFFFFFFFFFFFFFFFF59
:10A71000FFFFFFFFFFFFFFFFFFFFFFFFFFFFFFFF49
:10A72000FFFFFFFFFFFFFFFFFFFFFFFFFFFFFFFF39
:10A73000FFFFFFFFFFFFFFFFFFFFFFFFFFFFFFFF29
:10A74000FFFFFFFFFFFFFFFFFFFFFFFFFFFFFFFF19
:10A75000FFFFFFFFFFFFFFFFFFFFFFFFFFFFFFFF09
:10A76000FFFFFFFFFFFFFFFFFFFFFFFFFFFFFFFFF9
:10A77000FFFFFFFFFFFFFFFFFFFFFFFFFFFFFFFFE9
:10A78000FFFFFFFFFFFFFFFFFFFFFFFFFFFFFFFFD9
:10A79000FFFFFFFFFFFFFFFFFFFFFFFFFFFFFFFFC9
:10A7A000FFFFFFFFFFFFFFFFFFFFFFFFFFFFFFFFB9
:10A7B000FFFFFFFFFFFFFFFFFFFFFFFFFFFFFFFFA9
:10A7C000FFFFFFFFFFFFFFFFFFFFFFFFFFFFFFFF99
:10A7D000FFFFFFFFFFFFFFFFFFFFFFFFFFFFFFFF89
:10A7E000FFFFFFFFFFFFFFFFFFFFFFFFFFFFFFFF79
:10A7F000FFFFFFFFFFFFFFFFFFFFFFFFFFFFFFFF69
:10A80000FFFFFFFFFFFFFFFFFFFFFFFFFFFFFFFF58
:10A81000FFFFFFFFFFFFFFFFFFFFFFFFFFFFFFFF48
:10A82000FFFFFFFFFFFFFFFFFFFFFFFFFFFFFFFF38
:10A83000FFFFFFFFFFFFFFFFFFFFFFFFFFFFFFFF28
:10A84000FFFFFFFFFFFFFFFFFFFFFFFFFFFFFFFF18
:10A85000FFFFFFFFFFFFFFFFFFFFFFFFFFFFFFFF08
:10A86000FFFFFFFFFFFFFFFFFFFFFFFFFFFFFFFFF8
:10A87000FFFFFFFFFFFFFFFFFFFFFFFFFFFFFFFFE8
:10A88000FFFFFFFFFFFFFFFFFFFFFFFFFFFFFFFFD8
:10A89000FFFFFFFFFFFFFFFFFFFFFFFFFFFFFFFFC8
:10A8A000FFFFFFFFFFFFFFFFFFFFFFFFFFFFFFFFB8
:10A8B000FFFFFFFFFFFFFFFFFFFFFFFFFFFFFFFFA8
:10A8C000FFFFFFFFFFFFFFFFFFFFFFFFFFFFFFFF98
:10A8D000FFFFFFFFFFFFFFFFFFFFFFFFFFFFFFFF88
:10A8E000FFFFFFFFFFFFFFFFFFFFFFFFFFFFFFFF78
:10A8F000FFFFFFFFFFFFFFFFFFFFFFFFFFFFFFFF68
:10A90000FFFFFFFFFFFFFFFFFFFFFFFFFFFFFFFF57
:10A91000FFFFFFFFFFFFFFFFFFFFFFFFFFFFFFFF47
:10A92000FFFFFFFFFFFFFFFFFFFFFFFFFFFFFFFF37
:10A93000FFFFFFFFFFFFFFFFFFFFFFFFFFFFFFFF27
:10A94000FFFFFFFFFFFFFFFFFFFFFFFFFFFFFFFF17
:10A95000FFFFFFFFFFFFFFFFFFFFFFFFFFFFFFFF07
:10A96000FFFFFFFFFFFFFFFFFFFFFFFFFFFFFFFFF7
:10A97000FFFFFFFFFFFFFFFFFFFFFFFFFFFFFFFFE7
:10A98000FFFFFFFFFFFFFFFFFFFFFFFFFFFFFFFFD7
:10A99000FFFFFFFFFFFFFFFFFFFFFFFFFFFFFFFFC7
:10A9A000FFFFFFFFFFFFFFFFFFFFFFFFFFFFFFFFB7
:10A9B000FFFFFFFFFFFFFFFFFFFFFFFFFFFFFFFFA7
:10A9C000FFFFFFFFFFFFFFFFFFFFFFFFFFFFFFFF97
:10A9D000FFFFFFFFFFFFFFFFFFFFFFFFFFFFFFFF87
:10A9E000FFFFFFFFFFFFFFFFFFFFFFFFFFFFFFFF77
:10A9F000FFFFFFFFFFFFFFFFFFFFFFFFFFFFFFFF67
:10AA0000FFFFFFFFFFFFFFFFFFFFFFFFFFFFFFFF56
:10AA1000FFFFFFFFFFFFFFFFFFFFFFFFFFFFFFFF46
:10AA2000FFFFFFFFFFFFFFFFFFFFFFFFFFFFFFFF36
:10AA3000FFFFFFFFFFFFFFFFFFFFFFFFFFFFFFFF26
:10AA4000FFFFFFFFFFFFFFFFFFFFFFFFFFFFFFFF16
:10AA5000FFFFFFFFFFFFFFFFFFFFFFFFFFFFFFFF06
:10AA6000FFFFFFFFFFFFFFFFFFFFFFFFFFFFFFFFF6
:10AA7000FFFFFFFFFFFFFFFFFFFFFFFFFFFFFFFFE6
:10AA8000FFFFFFFFFFFFFFFFFFFFFFFFFFFFFFFFD6
:10AA9000FFFFFFFFFFFFFFFFFFFFFFFFFFFFFFFFC6
:10AAA000FFFFFFFFFFFFFFFFFFFFFFFFFFFFFFFFB6
:10AAB000FFFFFFFFFFFFFFFFFFFFFFFFFFFFFFFFA6
:10AAC000FFFFFFFFFFFFFFFFFFFFFFFFFFFFFFFF96
:10AAD000FFFFFFFFFFFFFFFFFFFFFFFFFFFFFFFF86
:10AAE000FFFFFFFFFFFFFFFFFFFFFFFFFFFFFFFF76
:10AAF000FFFFFFFFFFFFFFFFFFFFFFFFFFFFFFFF66
:10AB0000FFFFFFFFFFFFFFFFFFFFFFFFFFFFFFFF55
:10AB1000FFFFFFFFFFFFFFFFFFFFFFFFFFFFFFFF45
:10AB2000FFFFFFFFFFFFFFFFFFFFFFFFFFFFFFFF35
:10AB3000FFFFFFFFFFFFFFFFFFFFFFFFFFFFFFFF25
:10AB4000FFFFFFFFFFFFFFFFFFFFFFFFFFFFFFFF15
:10AB5000FFFFFFFFFFFFFFFFFFFFFFFFFFFFFFFF05
:10AB6000FFFFFFFFFFFFFFFFFFFFFFFFFFFFFFFFF5
:10AB7000FFFFFFFFFFFFFFFFFFFFFFFFFFFFFFFFE5
:10AB8000FFFFFFFFFFFFFFFFFFFFFFFFFFFFFFFFD5
:10AB9000FFFFFFFFFFFFFFFFFFFFFFFFFFFFFFFFC5
:10ABA000FFFFFFFFFFFFFFFFFFFFFFFFFFFFFFFFB5
:10ABB000FFFFFFFFFFFFFFFFFFFFFFFFFFFFFFFFA5
:10ABC000FFFFFFFFFFFFFFFFFFFFFFFFFFFFFFFF95
:10ABD000FFFFFFFFFFFFFFFFFFFFFFFFFFFFFFFF85
:10ABE000FFFFFFFFFFFFFFFFFFFFFFFFFFFFFFFF75
:10ABF000FFFFFFFFFFFFFFFFFFFFFFFFFFFFFFFF65
:10AC0000FFFFFFFFFFFFFFFFFFFFFFFFFFFFFFFF54
:10AC1000FFFFFFFFFFFFFFFFFFFFFFFFFFFFFFFF44
:10AC2000FFFFFFFFFFFFFFFFFFFFFFFFFFFFFFFF34
:10AC3000FFFFFFFFFFFFFFFFFFFFFFFFFFFFFFFF24
:10AC4000FFFFFFFFFFFFFFFFFFFFFFFFFFFFFFFF14
:10AC5000FFFFFFFFFFFFFFFFFFFFFFFFFFFFFFFF04
:10AC6000FFFFFFFFFFFFFFFFFFFFFFFFFFFFFFFFF4
:10AC7000FFFFFFFFFFFFFFFFFFFFFFFFFFFFFFFFE4
:10AC8000FFFFFFFFFFFFFFFFFFFFFFFFFFFFFFFFD4
:10AC9000FFFFFFFFFFFFFFFFFFFFFFFFFFFFFFFFC4
:10ACA000FFFFFFFFFFFFFFFFFFFFFFFFFFFFFFFFB4
:10ACB000FFFFFFFFFFFFFFFFFFFFFFFFFFFFFFFFA4
:10ACC000FFFFFFFFFFFFFFFFFFFFFFFFFFFFFFFF94
:10ACD000FFFFFFFFFFFFFFFFFFFFFFFFFFFFFFFF84
:10ACE000FFFFFFFFFFFFFFFFFFFFFFFFFFFFFFFF74
:10ACF000FFFFFFFFFFFFFFFFFFFFFFFFFFFFFFFF64
:10AD0000FFFFFFFFFFFFFFFFFFFFFFFFFFFFFFFF53
:10AD1000FFFFFFFFFFFFFFFFFFFFFFFFFFFFFFFF43
:10AD2000FFFFFFFFFFFFFFFFFFFFFFFFFFFFFFFF33
:10AD3000FFFFFFFFFFFFFFFFFFFFFFFFFFFFFFFF23
:10AD4000FFFFFFFFFFFFFFFFFFFFFFFFFFFFFFFF13
:10AD5000FFFFFFFFFFFFFFFFFFFFFFFFFFFFFFFF03
:10AD6000FFFFFFFFFFFFFFFFFFFFFFFFFFFFFFFFF3
:10AD7000FFFFFFFFFFFFFFFFFFFFFFFFFFFFFFFFE3
:10AD8000FFFFFFFFFFFFFFFFFFFFFFFFFFFFFFFFD3
:10AD9000FFFFFFFFFFFFFFFFFFFFFFFFFFFFFFFFC3
:10ADA000FFFFFFFFFFFFFFFFFFFFFFFFFFFFFFFFB3
:10ADB000FFFFFFFFFFFFFFFFFFFFFFFFFFFFFFFFA3
:10ADC000FFFFFFFFFFFFFFFFFFFFFFFFFFFFFFFF93
:10ADD000FFFFFFFFFFFFFFFFFFFFFFFFFFFFFFFF83
:10ADE000FFFFFFFFFFFFFFFFFFFFFFFFFFFFFFFF73
:10ADF000FFFFFFFFFFFFFFFFFFFFFFFFFFFFFFFF63
:10AE0000FFFFFFFFFFFFFFFFFFFFFFFFFFFFFFFF52
:10AE1000FFFFFFFFFFFFFFFFFFFFFFFFFFFFFFFF42
:10AE2000FFFFFFFFFFFFFFFFFFFFFFFFFFFFFFFF32
:10AE3000FFFFFFFFFFFFFFFFFFFFFFFFFFFFFFFF22
:10AE4000FFFFFFFFFFFFFFFFFFFFFFFFFFFFFFFF12
:10AE5000FFFFFFFFFFFFFFFFFFFFFFFFFFFFFFFF02
:10AE6000FFFFFFFFFFFFFFFFFFFFFFFFFFFFFFFFF2
:10AE7000FFFFFFFFFFFFFFFFFFFFFFFFFFFFFFFFE2
:10AE8000FFFFFFFFFFFFFFFFFFFFFFFFFFFFFFFFD2
:10AE9000FFFFFFFFFFFFFFFFFFFFFFFFFFFFFFFFC2
:10AEA000FFFFFFFFFFFFFFFFFFFFFFFFFFFFFFFFB2
:10AEB000FFFFFFFFFFFFFFFFFFFFFFFFFFFFFFFFA2
:10AEC000FFFFFFFFFFFFFFFFFFFFFFFFFFFFFFFF92
:10AED000FFFFFFFFFFFFFFFFFFFFFFFFFFFFFFFF82
:10AEE000FFFFFFFFFFFFFFFFFFFFFFFFFFFFFFFF72
:10AEF000FFFFFFFFFFFFFFFFFFFFFFFFFFFFFFFF62
:10AF0000FFFFFFFFFFFFFFFFFFFFFFFFFFFFFFFF51
:10AF1000FFFFFFFFFFFFFFFFFFFFFFFFFFFFFFFF41
:10AF2000FFFFFFFFFFFFFFFFFFFFFFFFFFFFFFFF31
:10AF3000FFFFFFFFFFFFFFFFFFFFFFFFFFFFFFFF21
:10AF4000FFFFFFFFFFFFFFFFFFFFFFFFFFFFFFFF11
:10AF5000FFFFFFFFFFFFFFFFFFFFFFFFFFFFFFFF01
:10AF6000FFFFFFFFFFFFFFFFFFFFFFFFFFFFFFFFF1
:10AF7000FFFFFFFFFFFFFFFFFFFFFFFFFFFFFFFFE1
:10AF8000FFFFFFFFFFFFFFFFFFFFFFFFFFFFFFFFD1
:10AF9000FFFFFFFFFFFFFFFFFFFFFFFFFFFFFFFFC1
:10AFA000FFFFFFFFFFFFFFFFFFFFFFFFFFFFFFFFB1
:10AFB000FFFFFFFFFFFFFFFFFFFFFFFFFFFFFFFFA1
:10AFC000FFFFFFFFFFFFFFFFFFFFFFFFFFFFFFFF91
:10AFD000FFFFFFFFFFFFFFFFFFFFFFFFFFFFFFFF81
:10AFE000FFFFFFFFFFFFFFFFFFFFFFFFFFFFFFFF71
:10AFF000FFFFFFFFFFFFFFFFFFFFFFFFFFFFFFFF61
:10B00000FFFFFFFFFFFFFFFFFFFFFFFFFFFFFFFF50
:10B01000FFFFFFFFFFFFFFFFFFFFFFFFFFFFFFFF40
:10B02000FFFFFFFFFFFFFFFFFFFFFFFFFFFFFFFF30
:10B03000FFFFFFFFFFFFFFFFFFFFFFFFFFFFFFFF20
:10B04000FFFFFFFFFFFFFFFFFFFFFFFFFFFFFFFF10
:10B05000FFFFFFFFFFFFFFFFFFFFFFFFFFFFFFFF00
:10B06000FFFFFFFFFFFFFFFFFFFFFFFFFFFFFFFFF0
:10B07000FFFFFFFFFFFFFFFFFFFFFFFFFFFFFFFFE0
:10B08000FFFFFFFFFFFFFFFFFFFFFFFFFFFFFFFFD0
:10B09000FFFFFFFFFFFFFFFFFFFFFFFFFFFFFFFFC0
:10B0A000FFFFFFFFFFFFFFFFFFFFFFFFFFFFFFFFB0
:10B0B000FFFFFFFFFFFFFFFFFFFFFFFFFFFFFFFFA0
:10B0C000FFFFFFFFFFFFFFFFFFFFFFFFFFFFFFFF90
:10B0D000FFFFFFFFFFFFFFFFFFFFFFFFFFFFFFFF80
:10B0E000FFFFFFFFFFFFFFFFFFFFFFFFFFFFFFFF70
:10B0F000FFFFFFFFFFFFFFFFFFFFFFFFFFFFFFFF60
:10B10000FFFFFFFFFFFFFFFFFFFFFFFFFFFFFFFF4F
:10B11000FFFFFFFFFFFFFFFFFFFFFFFFFFFFFFFF3F
:10B12000FFFFFFFFFFFFFFFFFFFFFFFFFFFFFFFF2F
:10B13000FFFFFFFFFFFFFFFFFFFFFFFFFFFFFFFF1F
:10B14000FFFFFFFFFFFFFFFFFFFFFFFFFFFFFFFF0F
:10B15000FFFFFFFFFFFFFFFFFFFFFFFFFFFFFFFFFF
:10B16000FFFFFFFFFFFFFFFFFFFFFFFFFFFFFFFFEF
:10B17000FFFFFFFFFFFFFFFFFFFFFFFFFFFFFFFFDF
:10B18000FFFFFFFFFFFFFFFFFFFFFFFFFFFFFFFFCF
:10B19000FFFFFFFFFFFFFFFFFFFFFFFFFFFFFFFFBF
:10B1A000FFFFFFFFFFFFFFFFFFFFFFFFFFFFFFFFAF
:10B1B000FFFFFFFFFFFFFFFFFFFFFFFFFFFFFFFF9F
:10B1C000FFFFFFFFFFFFFFFFFFFFFFFFFFFFFFFF8F
:10B1D000FFFFFFFFFFFFFFFFFFFFFFFFFFFFFFFF7F
:10B1E000FFFFFFFFFFFFFFFFFFFFFFFFFFFFFFFF6F
:10B1F000FFFFFFFFFFFFFFFFFFFFFFFFFFFFFFFF5F
:10B20000FFFFFFFFFFFFFFFFFFFFFFFFFFFFFFFF4E
:10B21000FFFFFFFFFFFFFFFFFFFFFFFFFFFFFFFF3E
:10B22000FFFFFFFFFFFFFFFFFFFFFFFFFFFFFFFF2E
:10B23000FFFFFFFFFFFFFFFFFFFFFFFFFFFFFFFF1E
:10B24000FFFFFFFFFFFFFFFFFFFFFFFFFFFFFFFF0E
:10B25000FFFFFFFFFFFFFFFFFFFFFFFFFFFFFFFFFE
:10B26000FFFFFFFFFFFFFFFFFFFFFFFFFFFFFFFFEE
:10B27000FFFFFFFFFFFFFFFFFFFFFFFFFFFFFFFFDE
:10B28000FFFFFFFFFFFFFFFFFFFFFFFFFFFFFFFFCE
:10B29000FFFFFFFFFFFFFFFFFFFFFFFFFFFFFFFFBE
:10B2A000FFFFFFFFFFFFFFFFFFFFFFFFFFFFFFFFAE
:10B2B000FFFFFFFFFFFFFFFFFFFFFFFFFFFFFFFF9E
:10B2C000FFFFFFFFFFFFFFFFFFFFFFFFFFFFFFFF8E
:10B2D000FFFFFFFFFFFFFFFFFFFFFFFFFFFFFFFF7E
:10B2E000FFFFFFFFFFFFFFFFFFFFFFFFFFFFFFFF6E
:10B2F000FFFFFFFFFFFFFFFFFFFFFFFFFFFFFFFF5E
:10B30000FFFFFFFFFFFFFFFFFFFFFFFFFFFFFFFF4D
:10B31000FFFFFFFFFFFFFFFFFFFFFFFFFFFFFFFF3D
:10B32000FFFFFFFFFFFFFFFFFFFFFFFFFFFFFFFF2D
:10B33000FFFFFFFFFFFFFFFFFFFFFFFFFFFFFFFF1D
:10B34000FFFFFFFFFFFFFFFFFFFFFFFFFFFFFFFF0D
:10B35000FFFFFFFFFFFFFFFFFFFFFFFFFFFFFFFFFD
:10B36000FFFFFFFFFFFFFFFFFFFFFFFFFFFFFFFFED
:10B37000FFFFFFFFFFFFFFFFFFFFFFFFFFFFFFFFDD
:10B38000FFFFFFFFFFFFFFFFFFFFFFFFFFFFFFFFCD
:10B39000FFFFFFFFFFFFFFFFFFFFFFFFFFFFFFFFBD
:10B3A000FFFFFFFFFFFFFFFFFFFFFFFFFFFFFFFFAD
:10B3B000FFFFFFFFFFFFFFFFFFFFFFFFFFFFFFFF9D
:10B3C000FFFFFFFFFFFFFFFFFFFFFFFFFFFFFFFF8D
:10B3D000FFFFFFFFFFFFFFFFFFFFFFFFFFFFFFFF7D
:10B3E000FFFFFFFFFFFFFFFFFFFFFFFFFFFFFFFF6D
:10B3F000FFFFFFFFFFFFFFFFFFFFFFFFFFFFFFFF5D
:10B40000FFFFFFFFFFFFFFFFFFFFFFFFFFFFFFFF4C
:10B41000FFFFFFFFFFFFFFFFFFFFFFFFFFFFFFFF3C
:10B42000FFFFFFFFFFFFFFFFFFFFFFFFFFFFFFFF2C
:10B43000FFFFFFFFFFFFFFFFFFFFFFFFFFFFFFFF1C
:10B44000FFFFFFFFFFFFFFFFFFFFFFFFFFFFFFFF0C
:10B45000FFFFFFFFFFFFFFFFFFFFFFFFFFFFFFFFFC
:10B46000FFFFFFFFFFFFFFFFFFFFFFFFFFFFFFFFEC
:10B47000FFFFFFFFFFFFFFFFFFFFFFFFFFFFFFFFDC
:10B48000FFFFFFFFFFFFFFFFFFFFFFFFFFFFFFFFCC
:10B49000FFFFFFFFFFFFFFFFFFFFFFFFFFFFFFFFBC
:10B4A000FFFFFFFFFFFFFFFFFFFFFFFFFFFFFFFFAC
:10B4B000FFFFFFFFFFFFFFFFFFFFFFFFFFFFFFFF9C
:10B4C000FFFFFFFFFFFFFFFFFFFFFFFFFFFFFFFF8C
:10B4D000FFFFFFFFFFFFFFFFFFFFFFFFFFFFFFFF7C
:10B4E000FFFFFFFFFFFFFFFFFFFFFFFFFFFFFFFF6C
:10B4F000FFFFFFFFFFFFFFFFFFFFFFFFFFFFFFFF5C
:10B50000FFFFFFFFFFFFFFFFFFFFFFFFFFFFFFFF4B
:10B51000FFFFFFFFFFFFFFFFFFFFFFFFFFFFFFFF3B
:10B52000FFFFFFFFFFFFFFFFFFFFFFFFFFFFFFFF2B
:10B53000FFFFFFFFFFFFFFFFFFFFFFFFFFFFFFFF1B
:10B54000FFFFFFFFFFFFFFFFFFFFFFFFFFFFFFFF0B
:10B55000FFFFFFFFFFFFFFFFFFFFFFFFFFFFFFFFFB
:10B56000FFFFFFFFFFFFFFFFFFFFFFFFFFFFFFFFEB
:10B57000FFFFFFFFFFFFFFFFFFFFFFFFFFFFFFFFDB
:10B58000FFFFFFFFFFFFFFFFFFFFFFFFFFFFFFFFCB
:10B59000FFFFFFFFFFFFFFFFFFFFFFFFFFFFFFFFBB
:10B5A000FFFFFFFFFFFFFFFFFFFFFFFFFFFFFFFFAB
:10B5B000FFFFFFFFFFFFFFFFFFFFFFFFFFFFFFFF9B
:10B5C000FFFFFFFFFFFFFFFFFFFFFFFFFFFFFFFF8B
:10B5D000FFFFFFFFFFFFFFFFFFFFFFFFFFFFFFFF7B
:10B5E000FFFFFFFFFFFFFFFFFFFFFFFFFFFFFFFF6B
:10B5F000FFFFFFFFFFFFFFFFFFFFFFFFFFFFFFFF5B
:10B60000FFFFFFFFFFFFFFFFFFFFFFFFFFFFFFFF4A
:10B61000FFFFFFFFFFFFFFFFFFFFFFFFFFFFFFFF3A
:10B62000FFFFFFFFFFFFFFFFFFFFFFFFFFFFFFFF2A
:10B63000FFFFFFFFFFFFFFFFFFFFFFFFFFFFFFFF1A
:10B64000FFFFFFFFFFFFFFFFFFFFFFFFFFFFFFFF0A
:10B65000FFFFFFFFFFFFFFFFFFFFFFFFFFFFFFFFFA
:10B66000FFFFFFFFFFFFFFFFFFFFFFFFFFFFFFFFEA
:10B67000FFFFFFFFFFFFFFFFFFFFFFFFFFFFFFFFDA
:10B68000FFFFFFFFFFFFFFFFFFFFFFFFFFFFFFFFCA
:10B69000FFFFFFFFFFFFFFFFFFFFFFFFFFFFFFFFBA
:10B6A000FFFFFFFFFFFFFFFFFFFFFFFFFFFFFFFFAA
:10B6B000FFFFFFFFFFFFFFFFFFFFFFFFFFFFFFFF9A
:10B6C000FFFFFFFFFFFFFFFFFFFFFFFFFFFFFFFF8A
:10B6D000FFFFFFFFFFFFFFFFFFFFFFFFFFFFFFFF7A
:10B6E000FFFFFFFFFFFFFFFFFFFFFFFFFFFFFFFF6A
:10B6F000FFFFFFFFFFFFFFFFFFFFFFFFFFFFFFFF5A
:10B70000FFFFFFFFFFFFFFFFFFFFFFFFFFFFFFFF49
:10B71000FFFFFFFFFFFFFFFFFFFFFFFFFFFFFFFF39
:10B72000FFFFFFFFFFFFFFFFFFFFFFFFFFFFFFFF29
:10B73000FFFFFFFFFFFFFFFFFFFFFFFFFFFFFFFF19
:10B74000FFFFFFFFFFFFFFFFFFFFFFFFFFFFFFFF09
:10B75000FFFFFFFFFFFFFFFFFFFFFFFFFFFFFFFFF9
:10B76000FFFFFFFFFFFFFFFFFFFFFFFFFFFFFFFFE9
:10B77000FFFFFFFFFFFFFFFFFFFFFFFFFFFFFFFFD9
:10B78000FFFFFFFFFFFFFFFFFFFFFFFFFFFFFFFFC9
:10B79000FFFFFFFFFFFFFFFFFFFFFFFFFFFFFFFFB9
:10B7A000FFFFFFFFFFFFFFFFFFFFFFFFFFFFFFFFA9
:10B7B000FFFFFFFFFFFFFFFFFFFFFFFFFFFFFFFF99
:10B7C000FFFFFFFFFFFFFFFFFFFFFFFFFFFFFFFF89
:10B7D000FFFFFFFFFFFFFFFFFFFFFFFFFFFFFFFF79
:10B7E000FFFFFFFFFFFFFFFFFFFFFFFFFFFFFFFF69
:10B7F000FFFFFFFFFFFFFFFFFFFFFFFFFFFFFFFF59
:10B80000FFFFFFFFFFFFFFFFFFFFFFFFFFFFFFFF48
:10B81000FFFFFFFFFFFFFFFFFFFFFFFFFFFFFFFF38
:10B82000FFFFFFFFFFFFFFFFFFFFFFFFFFFFFFFF28
:10B83000FFFFFFFFFFFFFFFFFFFFFFFFFFFFFFFF18
:10B84000FFFFFFFFFFFFFFFFFFFFFFFFFFFFFFFF08
:10B85000FFFFFFFFFFFFFFFFFFFFFFFFFFFFFFFFF8
:10B86000FFFFFFFFFFFFFFFFFFFFFFFFFFFFFFFFE8
:10B87000FFFFFFFFFFFFFFFFFFFFFFFFFFFFFFFFD8
:10B88000FFFFFFFFFFFFFFFFFFFFFFFFFFFFFFFFC8
:10B89000FFFFFFFFFFFFFFFFFFFFFFFFFFFFFFFFB8
:10B8A000FFFFFFFFFFFFFFFFFFFFFFFFFFFFFFFFA8
:10B8B000FFFFFFFFFFFFFFFFFFFFFFFFFFFFFFFF98
:10B8C000FFFFFFFFFFFFFFFFFFFFFFFFFFFFFFFF88
:10B8D000FFFFFFFFFFFFFFFFFFFFFFFFFFFFFFFF78
:10B8E000FFFFFFFFFFFFFFFFFFFFFFFFFFFFFFFF68
:10B8F000FFFFFFFFFFFFFFFFFFFFFFFFFFFFFFFF58
:10B90000FFFFFFFFFFFFFFFFFFFFFFFFFFFFFFFF47
:10B91000FFFFFFFFFFFFFFFFFFFFFFFFFFFFFFFF37
:10B92000FFFFFFFFFFFFFFFFFFFFFFFFFFFFFFFF27
:10B93000FFFFFFFFFFFFFFFFFFFFFFFFFFFFFFFF17
:10B94000FFFFFFFFFFFFFFFFFFFFFFFFFFFFFFFF07
:10B95000FFFFFFFFFFFFFFFFFFFFFFFFFFFFFFFFF7
:10B96000FFFFFFFFFFFFFFFFFFFFFFFFFFFFFFFFE7
:10B97000FFFFFFFFFFFFFFFFFFFFFFFFFFFFFFFFD7
:10B98000FFFFFFFFFFFFFFFFFFFFFFFFFFFFFFFFC7
:10B99000FFFFFFFFFFFFFFFFFFFFFFFFFFFFFFFFB7
:10B9A000FFFFFFFFFFFFFFFFFFFFFFFFFFFFFFFFA7
:10B9B000FFFFFFFFFFFFFFFFFFFFFFFFFFFFFFFF97
:10B9C000FFFFFFFFFFFFFFFFFFFFFFFFFFFFFFFF87
:10B9D000FFFFFFFFFFFFFFFFFFFFFFFFFFFFFFFF77
:10B9E000FFFFFFFFFFFFFFFFFFFFFFFFFFFFFFFF67
:10B9F000FFFFFFFFFFFFFFFFFFFFFFFFFFFFFFFF57
:10BA0000FFFFFFFFFFFFFFFFFFFFFFFFFFFFFFFF46
:10BA1000FFFFFFFFFFFFFFFFFFFFFFFFFFFFFFFF36
:10BA2000FFFFFFFFFFFFFFFFFFFFFFFFFFFFFFFF26
:10BA3000FFFFFFFFFFFFFFFFFFFFFFFFFFFFFFFF16
:10BA4000FFFFFFFFFFFFFFFFFFFFFFFFFFFFFFFF06
:10BA5000FFFFFFFFFFFFFFFFFFFFFFFFFFFFFFFFF6
:10BA6000FFFFFFFFFFFFFFFFFFFFFFFFFFFFFFFFE6
:10BA7000FFFFFFFFFFFFFFFFFFFFFFFFFFFFFFFFD6
:10BA8000FFFFFFFFFFFFFFFFFFFFFFFFFFFFFFFFC6
:10BA9000FFFFFFFFFFFFFFFFFFFFFFFFFFFFFFFFB6
:10BAA000FFFFFFFFFFFFFFFFFFFFFFFFFFFFFFFFA6
:10BAB000FFFFFFFFFFFFFFFFFFFFFFFFFFFFFFFF96
:10BAC000FFFFFFFFFFFFFFFFFFFFFFFFFFFFFFFF86
:10BAD000FFFFFFFFFFFFFFFFFFFFFFFFFFFFFFFF76
:10BAE000FFFFFFFFFFFFFFFFFFFFFFFFFFFFFFFF66
:10BAF000FFFFFFFFFFFFFFFFFFFFFFFFFFFFFFFF56
:10BB0000FFFFFFFFFFFFFFFFFFFFFFFFFFFFFFFF45
:10BB1000FFFFFFFFFFFFFFFFFFFFFFFFFFFFFFFF35
:10BB2000FFFFFFFFFFFFFFFFFFFFFFFFFFFFFFFF25
:10BB3000FFFFFFFFFFFFFFFFFFFFFFFFFFFFFFFF15
:10BB4000FFFFFFFFFFFFFFFFFFFFFFFFFFFFFFFF05
:10BB5000FFFFFFFFFFFFFFFFFFFFFFFFFFFFFFFFF5
:10BB6000FFFFFFFFFFFFFFFFFFFFFFFFFFFFFFFFE5
:10BB7000FFFFFFFFFFFFFFFFFFFFFFFFFFFFFFFFD5
:10BB8000FFFFFFFFFFFFFFFFFFFFFFFFFFFFFFFFC5
:10BB9000FFFFFFFFFFFFFFFFFFFFFFFFFFFFFFFFB5
:10BBA000FFFFFFFFFFFFFFFFFFFFFFFFFFFFFFFFA5
:10BBB000FFFFFFFFFFFFFFFFFFFFFFFFFFFFFFFF95
:10BBC000FFFFFFFFFFFFFFFFFFFFFFFFFFFFFFFF85
:10BBD000FFFFFFFFFFFFFFFFFFFFFFFFFFFFFFFF75
:10BBE000FFFFFFFFFFFFFFFFFFFFFFFFFFFFFFFF65
:10BBF000FFFFFFFFFFFFFFFFFFFFFFFFFFFFFFFF55
:10BC0000FFFFFFFFFFFFFFFFFFFFFFFFFFFFFFFF44
:10BC1000FFFFFFFFFFFFFFFFFFFFFFFFFFFFFFFF34
:10BC2000FFFFFFFFFFFFFFFFFFFFFFFFFFFFFFFF24
:10BC3000FFFFFFFFFFFFFFFFFFFFFFFFFFFFFFFF14
:10BC4000FFFFFFFFFFFFFFFFFFFFFFFFFFFFFFFF04
:10BC5000FFFFFFFFFFFFFFFFFFFFFFFFFFFFFFFFF4
:10BC6000FFFFFFFFFFFFFFFFFFFFFFFFFFFFFFFFE4
:10BC7000FFFFFFFFFFFFFFFFFFFFFFFFFFFFFFFFD4
:10BC8000FFFFFFFFFFFFFFFFFFFFFFFFFFFFFFFFC4
:10BC9000FFFFFFFFFFFFFFFFFFFFFFFFFFFFFFFFB4
:10BCA000FFFFFFFFFFFFFFFFFFFFFFFFFFFFFFFFA4
:10BCB000FFFFFFFFFFFFFFFFFFFFFFFFFFFFFFFF94
:10BCC000FFFFFFFFFFFFFFFFFFFFFFFFFFFFFFFF84
:10BCD000FFFFFFFFFFFFFFFFFFFFFFFFFFFFFFFF74
:10BCE000FFFFFFFFFFFFFFFFFFFFFFFFFFFFFFFF64
:10BCF000FFFFFFFFFFFFFFFFFFFFFFFFFFFFFFFF54
:10BD0000FFFFFFFFFFFFFFFFFFFFFFFFFFFFFFFF43
:10BD1000FFFFFFFFFFFFFFFFFFFFFFFFFFFFFFFF33
:10BD2000FFFFFFFFFFFFFFFFFFFFFFFFFFFFFFFF23
:10BD3000FFFFFFFFFFFFFFFFFFFFFFFFFFFFFFFF13
:10BD4000FFFFFFFFFFFFFFFFFFFFFFFFFFFFFFFF03
:10BD5000FFFFFFFFFFFFFFFFFFFFFFFFFFFFFFFFF3
:10BD6000FFFFFFFFFFFFFFFFFFFFFFFFFFFFFFFFE3
:10BD7000FFFFFFFFFFFFFFFFFFFFFFFFFFFFFFFFD3
:10BD8000FFFFFFFFFFFFFFFFFFFFFFFFFFFFFFFFC3
:10BD9000FFFFFFFFFFFFFFFFFFFFFFFFFFFFFFFFB3
:10BDA000FFFFFFFFFFFFFFFFFFFFFFFFFFFFFFFFA3
:10BDB000FFFFFFFFFFFFFFFFFFFFFFFFFFFFFFFF93
:10BDC000FFFFFFFFFFFFFFFFFFFFFFFFFFFFFFFF83
:10BDD000FFFFFFFFFFFFFFFFFFFFFFFFFFFFFFFF73
:10BDE000FFFFFFFFFFFFFFFFFFFFFFFFFFFFFFFF63
:10BDF000FFFFFFFFFFFFFFFFFFFFFFFFFFFFFFFF53
:10BE0000FFFFFFFFFFFFFFFFFFFFFFFFFFFFFFFF42
:10BE1000FFFFFFFFFFFFFFFFFFFFFFFFFFFFFFFF32
:10BE2000FFFFFFFFFFFFFFFFFFFFFFFFFFFFFFFF22
:10BE3000FFFFFFFFFFFFFFFFFFFFFFFFFFFFFFFF12
:10BE4000FFFFFFFFFFFFFFFFFFFFFFFFFFFFFFFF02
:10BE5000FFFFFFFFFFFFFFFFFFFFFFFFFFFFFFFFF2
:10BE6000FFFFFFFFFFFFFFFFFFFFFFFFFFFFFFFFE2
:10BE7000FFFFFFFFFFFFFFFFFFFFFFFFFFFFFFFFD2
:10BE8000FFFFFFFFFFFFFFFFFFFFFFFFFFFFFFFFC2
:10BE9000FFFFFFFFFFFFFFFFFFFFFFFFFFFFFFFFB2
:10BEA000FFFFFFFFFFFFFFFFFFFFFFFFFFFFFFFFA2
:10BEB000FFFFFFFFFFFFFFFFFFFFFFFFFFFFFFFF92
:10BEC000FFFFFFFFFFFFFFFFFFFFFFFFFFFFFFFF82
:10BED000FFFFFFFFFFFFFFFFFFFFFFFFFFFFFFFF72
:10BEE000FFFFFFFFFFFFFFFFFFFFFFFFFFFFFFFF62
:10BEF000FFFFFFFFFFFFFFFFFFFFFFFFFFFFFFFF52
:10BF0000FFFFFFFFFFFFFFFFFFFFFFFFFFFFFFFF41
:10BF1000FFFFFFFFFFFFFFFFFFFFFFFFFFFFFFFF31
:10BF2000FFFFFFFFFFFFFFFFFFFFFFFFFFFFFFFF21
:10BF3000FFFFFFFFFFFFFFFFFFFFFFFFFFFFFFFF11
:10BF4000FFFFFFFFFFFFFFFFFFFFFFFFFFFFFFFF01
:10BF5000FFFFFFFFFFFFFFFFFFFFFFFFFFFFFFFFF1
:10BF6000FFFFFFFFFFFFFFFFFFFFFFFFFFFFFFFFE1
:10BF7000FFFFFFFFFFFFFFFFFFFFFFFFFFFFFFFFD1
:10BF8000FFFFFFFFFFFFFFFFFFFFFFFFFFFFFFFFC1
:10BF9000FFFFFFFFFFFFFFFFFFFFFFFFFFFFFFFFB1
:10BFA000FFFFFFFFFFFFFFFFFFFFFFFFFFFFFFFFA1
:10BFB000FFFFFFFFFFFFFFFFFFFFFFFFFFFFFFFF91
:10BFC000FFFFFFFFFFFFFFFFFFFFFFFFFFFFFFFF81
:10BFD000FFFFFFFFFFFFFFFFFFFFFFFFFFFFFFFF71
:10BFE000FFFFFFFFFFFFFFFFFFFFFFFFFFFFFFFF61
:10BFF000FFFFFFFFFFFFFFFFFFFFFFFFFFFFFFFF51
:10C00000FFFFFFFFFFFFFFFFFFFFFFFFFFFFFFFF40
:10C01000FFFFFFFFFFFFFFFFFFFFFFFFFFFFFFFF30
:10C02000FFFFFFFFFFFFFFFFFFFFFFFFFFFFFFFF20
:10C03000FFFFFFFFFFFFFFFFFFFFFFFFFFFFFFFF10
:10C04000FFFFFFFFFFFFFFFFFFFFFFFFFFFFFFFF00
:10C05000FFFFFFFFFFFFFFFFFFFFFFFFFFFFFFFFF0
:10C06000FFFFFFFFFFFFFFFFFFFFFFFFFFFFFFFFE0
:10C07000FFFFFFFFFFFFFFFFFFFFFFFFFFFFFFFFD0
:10C08000FFFFFFFFFFFFFFFFFFFFFFFFFFFFFFFFC0
:10C09000FFFFFFFFFFFFFFFFFFFFFFFFFFFFFFFFB0
:10C0A000FFFFFFFFFFFFFFFFFFFFFFFFFFFFFFFFA0
:10C0B000FFFFFFFFFFFFFFFFFFFFFFFFFFFFFFFF90
:10C0C000FFFFFFFFFFFFFFFFFFFFFFFFFFFFFFFF80
:10C0D000FFFFFFFFFFFFFFFFFFFFFFFFFFFFFFFF70
:10C0E000FFFFFFFFFFFFFFFFFFFFFFFFFFFFFFFF60
:10C0F000FFFFFFFFFFFFFFFFFFFFFFFFFFFFFFFF50
:10C10000FFFFFFFFFFFFFFFFFFFFFFFFFFFFFFFF3F
:10C11000FFFFFFFFFFFFFFFFFFFFFFFFFFFFFFFF2F
:10C12000FFFFFFFFFFFFFFFFFFFFFFFFFFFFFFFF1F
:10C13000FFFFFFFFFFFFFFFFFFFFFFFFFFFFFFFF0F
:10C14000FFFFFFFFFFFFFFFFFFFFFFFFFFFFFFFFFF
:10C15000FFFFFFFFFFFFFFFFFFFFFFFFFFFFFFFFEF
:10C16000FFFFFFFFFFFFFFFFFFFFFFFFFFFFFFFFDF
:10C17000FFFFFFFFFFFFFFFFFFFFFFFFFFFFFFFFCF
:10C18000FFFFFFFFFFFFFFFFFFFFFFFFFFFFFFFFBF
:10C19000FFFFFFFFFFFFFFFFFFFFFFFFFFFFFFFFAF
:10C1A000FFFFFFFFFFFFFFFFFFFFFFFFFFFFFFFF9F
:10C1B000FFFFFFFFFFFFFFFFFFFFFFFFFFFFFFFF8F
:10C1C000FFFFFFFFFFFFFFFFFFFFFFFFFFFFFFFF7F
:10C1D000FFFFFFFFFFFFFFFFFFFFFFFFFFFFFFFF6F
:10C1E000FFFFFFFFFFFFFFFFFFFFFFFFFFFFFFFF5F
:10C1F000FFFFFFFFFFFFFFFFFFFFFFFFFFFFFFFF4F
:10C20000FFFFFFFFFFFFFFFFFFFFFFFFFFFFFFFF3E
:10C21000FFFFFFFFFFFFFFFFFFFFFFFFFFFFFFFF2E
:10C22000FFFFFFFFFFFFFFFFFFFFFFFFFFFFFFFF1E
:10C23000FFFFFFFFFFFFFFFFFFFFFFFFFFFFFFFF0E
:10C24000FFFFFFFFFFFFFFFFFFFFFFFFFFFFFFFFFE
:10C25000FFFFFFFFFFFFFFFFFFFFFFFFFFFFFFFFEE
:10C26000FFFFFFFFFFFFFFFFFFFFFFFFFFFFFFFFDE
:10C27000FFFFFFFFFFFFFFFFFFFFFFFFFFFFFFFFCE
:10C28000FFFFFFFFFFFFFFFFFFFFFFFFFFFFFFFFBE
:10C29000FFFFFFFFFFFFFFFFFFFFFFFFFFFFFFFFAE
:10C2A000FFFFFFFFFFFFFFFFFFFFFFFFFFFFFFFF9E
:10C2B000FFFFFFFFFFFFFFFFFFFFFFFFFFFFFFFF8E
:10C2C000FFFFFFFFFFFFFFFFFFFFFFFFFFFFFFFF7E
:10C2D000FFFFFFFFFFFFFFFFFFFFFFFFFFFFFFFF6E
:10C2E000FFFFFFFFFFFFFFFFFFFFFFFFFFFFFFFF5E
:10C2F000FFFFFFFFFFFFFFFFFFFFFFFFFFFFFFFF4E
:10C30000FFFFFFFFFFFFFFFFFFFFFFFFFFFFFFFF3D
:10C31000FFFFFFFFFFFFFFFFFFFFFFFFFFFFFFFF2D
:10C32000FFFFFFFFFFFFFFFFFFFFFFFFFFFFFFFF1D
:10C33000FFFFFFFFFFFFFFFFFFFFFFFFFFFFFFFF0D
:10C34000FFFFFFFFFFFFFFFFFFFFFFFFFFFFFFFFFD
:10C35000FFFFFFFFFFFFFFFFFFFFFFFFFFFFFFFFED
:10C36000FFFFFFFFFFFFFFFFFFFFFFFFFFFFFFFFDD
:10C37000FFFFFFFFFFFFFFFFFFFFFFFFFFFFFFFFCD
:10C38000FFFFFFFFFFFFFFFFFFFFFFFFFFFFFFFFBD
:10C39000FFFFFFFFFFFFFFFFFFFFFFFFFFFFFFFFAD
:10C3A000FFFFFFFFFFFFFFFFFFFFFFFFFFFFFFFF9D
:10C3B000FFFFFFFFFFFFFFFFFFFFFFFFFFFFFFFF8D
:10C3C000FFFFFFFFFFFFFFFFFFFFFFFFFFFFFFFF7D
:10C3D000FFFFFFFFFFFFFFFFFFFFFFFFFFFFFFFF6D
:10C3E000FFFFFFFFFFFFFFFFFFFFFFFFFFFFFFFF5D
:10C3F000FFFFFFFFFFFFFFFFFFFFFFFFFFFFFFFF4D
:10C40000FFFFFFFFFFFFFFFFFFFFFFFFFFFFFFFF3C
:10C41000FFFFFFFFFFFFFFFFFFFFFFFFFFFFFFFF2C
:10C42000FFFFFFFFFFFFFFFFFFFFFFFFFFFFFFFF1C
:10C43000FFFFFFFFFFFFFFFFFFFFFFFFFFFFFFFF0C
:10C44000FFFFFFFFFFFFFFFFFFFFFFFFFFFFFFFFFC
:10C45000FFFFFFFFFFFFFFFFFFFFFFFFFFFFFFFFEC
:10C46000FFFFFFFFFFFFFFFFFFFFFFFFFFFFFFFFDC
:10C47000FFFFFFFFFFFFFFFFFFFFFFFFFFFFFFFFCC
:10C48000FFFFFFFFFFFFFFFFFFFFFFFFFFFFFFFFBC
:10C49000FFFFFFFFFFFFFFFFFFFFFFFFFFFFFFFFAC
:10C4A000FFFFFFFFFFFFFFFFFFFFFFFFFFFFFFFF9C
:10C4B000FFFFFFFFFFFFFFFFFFFFFFFFFFFFFFFF8C
:10C4C000FFFFFFFFFFFFFFFFFFFFFFFFFFFFFFFF7C
:10C4D000FFFFFFFFFFFFFFFFFFFFFFFFFFFFFFFF6C
:10C4E000FFFFFFFFFFFFFFFFFFFFFFFFFFFFFFFF5C
:10C4F000FFFFFFFFFFFFFFFFFFFFFFFFFFFFFFFF4C
:10C50000FFFFFFFFFFFFFFFFFFFFFFFFFFFFFFFF3B
:10C51000FFFFFFFFFFFFFFFFFFFFFFFFFFFFFFFF2B
:10C52000FFFFFFFFFFFFFFFFFFFFFFFFFFFFFFFF1B
:10C53000FFFFFFFFFFFFFFFFFFFFFFFFFFFFFFFF0B
:10C54000FFFFFFFFFFFFFFFFFFFFFFFFFFFFFFFFFB
:10C55000FFFFFFFFFFFFFFFFFFFFFFFFFFFFFFFFEB
:10C56000FFFFFFFFFFFFFFFFFFFFFFFFFFFFFFFFDB
:10C57000FFFFFFFFFFFFFFFFFFFFFFFFFFFFFFFFCB
:10C58000FFFFFFFFFFFFFFFFFFFFFFFFFFFFFFFFBB
:10C59000FFFFFFFFFFFFFFFFFFFFFFFFFFFFFFFFAB
:10C5A000FFFFFFFFFFFFFFFFFFFFFFFFFFFFFFFF9B
:10C5B000FFFFFFFFFFFFFFFFFFFFFFFFFFFFFFFF8B
:10C5C000FFFFFFFFFFFFFFFFFFFFFFFFFFFFFFFF7B
:10C5D000FFFFFFFFFFFFFFFFFFFFFFFFFFFFFFFF6B
:10C5E000FFFFFFFFFFFFFFFFFFFFFFFFFFFFFFFF5B
:10C5F000FFFFFFFFFFFFFFFFFFFFFFFFFFFFFFFF4B
:10C60000FFFFFFFFFFFFFFFFFFFFFFFFFFFFFFFF3A
:10C61000FFFFFFFFFFFFFFFFFFFFFFFFFFFFFFFF2A
:10C62000FFFFFFFFFFFFFFFFFFFFFFFFFFFFFFFF1A
:10C63000FFFFFFFFFFFFFFFFFFFFFFFFFFFFFFFF0A
:10C64000FFFFFFFFFFFFFFFFFFFFFFFFFFFFFFFFFA
:10C65000FFFFFFFFFFFFFFFFFFFFFFFFFFFFFFFFEA
:10C66000FFFFFFFFFFFFFFFFFFFFFFFFFFFFFFFFDA
:10C67000FFFFFFFFFFFFFFFFFFFFFFFFFFFFFFFFCA
:10C68000FFFFFFFFFFFFFFFFFFFFFFFFFFFFFFFFBA
:10C69000FFFFFFFFFFFFFFFFFFFFFFFFFFFFFFFFAA
:10C6A000FFFFFFFFFFFFFFFFFFFFFFFFFFFFFFFF9A
:10C6B000FFFFFFFFFFFFFFFFFFFFFFFFFFFFFFFF8A
:10C6C000FFFFFFFFFFFFFFFFFFFFFFFFFFFFFFFF7A
:10C6D000FFFFFFFFFFFFFFFFFFFFFFFFFFFFFFFF6A
:10C6E000FFFFFFFFFFFFFFFFFFFFFFFFFFFFFFFF5A
:10C6F000FFFFFFFFFFFFFFFFFFFFFFFFFFFFFFFF4A
:10C70000FFFFFFFFFFFFFFFFFFFFFFFFFFFFFFFF39
:10C71000FFFFFFFFFFFFFFFFFFFFFFFFFFFFFFFF29
:10C72000FFFFFFFFFFFFFFFFFFFFFFFFFFFFFFFF19
:10C73000FFFFFFFFFFFFFFFFFFFFFFFFFFFFFFFF09
:10C74000FFFFFFFFFFFFFFFFFFFFFFFFFFFFFFFFF9
:10C75000FFFFFFFFFFFFFFFFFFFFFFFFFFFFFFFFE9
:10C76000FFFFFFFFFFFFFFFFFFFFFFFFFFFFFFFFD9
:10C77000FFFFFFFFFFFFFFFFFFFFFFFFFFFFFFFFC9
:10C78000FFFFFFFFFFFFFFFFFFFFFFFFFFFFFFFFB9
:10C79000FFFFFFFFFFFFFFFFFFFFFFFFFFFFFFFFA9
:10C7A000FFFFFFFFFFFFFFFFFFFFFFFFFFFFFFFF99
:10C7B000FFFFFFFFFFFFFFFFFFFFFFFFFFFFFFFF89
:10C7C000FFFFFFFFFFFFFFFFFFFFFFFFFFFFFFFF79
:10C7D000FFFFFFFFFFFFFFFFFFFFFFFFFFFFFFFF69
:10C7E000FFFFFFFFFFFFFFFFFFFFFFFFFFFFFFFF59
:10C7F000FFFFFFFFFFFFFFFFFFFFFFFFFFFFFFFF49
:0400000500001424BF
:00000001FF
